material_id,fe_true,fe_ens_mean,fe_ens_std,fe_abs_error,bg_true,bg_ens_mean,bg_ens_std,bg_abs_error
mp-37520,-1.7539265,-1.711128,0.08273428,0.04279852,1.1032,0.3586068,0.19073874,0.74459314
mp-555748,-1.8132706,-1.8128761,0.04986484,0.00039446354,0.592,0.62138146,0.30156884,0.029381454
mp-532289,-2.7699237,-2.7681928,0.053487536,0.0017309189,0.0466,0.28279522,0.27044228,0.23619522
mp-526,-0.2796349,-0.29530612,0.07801356,0.015671223,0.0,0.020608783,0.012911173,0.020608783
mp-12781,-0.6569233,-0.703781,0.057948396,0.046857715,0.0,0.04767809,0.03010231,0.04767809
mp-625565,-1.2909213,-1.2758805,0.12049093,0.0150408745,1.7908,2.118751,0.25740886,0.32795107
mp-1225282,-2.0436876,-2.025676,0.027515344,0.01801157,2.4305,2.2650027,0.35398045,0.1654973
mp-680696,-1.6100541,-1.6444607,0.059068628,0.034406543,0.113,0.38282442,0.23648258,0.26982442
mp-20584,-1.7665768,-1.9769789,0.08272971,0.21040213,0.0,0.1803947,0.0770323,0.1803947
mp-975793,-0.43541068,-0.43846685,0.065229274,0.0030561686,0.0,0.011827302,0.008202999,0.011827302
mp-1228253,-2.1564486,-2.1533284,0.0273085,0.003120184,0.0,-0.013587261,0.081120916,0.013587261
mp-676694,-2.8915024,-2.8765855,0.026471747,0.014916897,2.9835,1.8121126,0.15908809,1.1713874
mp-1236984,-2.2362459,-2.237189,0.048250843,0.0009431839,0.0053,4.0247593,0.2871461,4.0194592
mp-862947,-0.8653849,-0.79455644,0.039539482,0.07082844,0.4192,0.0829345,0.047130607,0.3362655
mp-541738,-1.1530577,-1.1172901,0.07562567,0.035767555,1.0526,1.036658,0.35862908,0.015941978
mp-6585,-3.127074,-3.064717,0.07670904,0.06235695,5.312,5.0152483,0.25001198,0.2967515
mp-1195130,-1.7646008,-1.6556523,0.016583178,0.10894847,3.656,3.1513047,0.21555492,0.5046952
mp-28356,-1.5528213,-1.5830271,0.06333889,0.030205846,0.0,0.007854795,0.05082807,0.007854795
mp-542902,-1.6004277,-1.5669057,0.056045927,0.03352201,0.6016,2.036125,0.21770869,1.434525
mp-30571,-0.04577717,-0.1558409,0.012867166,0.11006373,0.0,0.017063785,0.049172137,0.017063785
mp-8312,-0.58356506,-0.52297705,0.09631231,0.060588002,0.0,0.019376064,0.03246357,0.019376064
mp-1192020,-1.7938099,-1.7159355,0.044789076,0.07787442,0.0,0.045658182,0.0894975,0.045658182
mp-1080060,-3.7224665,-3.5047364,0.06629867,0.21773005,3.7121,0.6499068,0.6627327,3.0621932
mp-1095261,-0.72078896,-0.7037511,0.03475733,0.017037868,0.0,0.03920386,0.038967215,0.03920386
mp-9056,-3.0171454,-2.988578,0.10339124,0.028567314,1.1692,0.2366359,0.511844,0.932564
mp-504611,-2.9272408,-2.836556,0.035416692,0.09068489,3.841,3.0367718,0.18370499,0.8042283
mp-2170,-0.5886432,-0.6474759,0.07392307,0.058832705,0.0,0.18141417,0.15471427,0.18141417
mp-531656,-2.7561576,-2.7566292,0.05453207,0.00047159195,0.0066,0.2645673,0.27531117,0.2579673
mp-776635,-2.915852,-2.814775,0.024663633,0.10107708,2.2852,3.0173147,0.46031186,0.73211455
mp-1207816,-0.6765844,-0.6959847,0.079601236,0.019400299,0.0,0.049151827,0.031212503,0.049151827
mp-1194044,-0.56829864,-0.4890395,0.06199977,0.07925913,0.0,0.09143803,0.09144956,0.09143803
mp-1667394,-2.4080143,-2.4091578,0.031609777,0.0011434555,3.5988,3.216962,0.052800044,0.38183784
mp-561462,-3.512608,-3.4865506,0.050115485,0.026057482,5.0462,4.3729043,0.28145754,0.6732955
mp-1290829,-2.636819,-2.675242,0.034786996,0.03842306,0.0,0.09068449,0.08375781,0.09068449
mp-17973,-3.010102,-2.931685,0.064309634,0.07841706,4.4004,4.9783726,0.26725468,0.5779724
mp-20695,-0.30423453,-0.28811586,0.055939652,0.016118675,0.0,0.01879115,0.024897305,0.01879115
mp-1181810,-2.1530402,-2.134462,0.041478153,0.018578053,1.4165,1.5666486,0.34356168,0.15014863
mp-1189855,-0.35509348,-0.45844975,0.034615744,0.10335627,0.0,0.16026466,0.040116917,0.16026466
mp-1187393,-0.011290565,-5.6123732e-05,0.09482315,0.011234442,0.0,-0.018166661,0.0395602,0.018166661
mp-675140,-2.228916,-2.2215686,0.023889527,0.0073473454,0.0,0.5397199,0.17486465,0.5397199
mp-768484,-1.7349324,-1.8151299,0.05672255,0.08019745,3.095,3.2747116,0.117034696,0.17971158
mp-8652,-2.111249,-2.1865773,0.08003991,0.07532835,5.9243,6.9815993,0.8152857,1.0572991
mp-1221982,-0.08662234,-0.12153502,0.04553681,0.034912676,0.0,0.026643634,0.017642422,0.026643634
mp-559758,-2.6407835,-2.6178913,0.04665919,0.022892237,3.4856,3.4603887,0.21968071,0.025211334
mp-2761095,-1.226387,-1.3793678,0.02855999,0.1529808,5.1646,4.493651,0.116020486,0.670949
mp-5081,-1.6310514,-1.6146473,0.045680083,0.016404152,1.1678,1.070252,0.23409498,0.09754801
mp-19914,-1.22991,-1.3066183,0.039503023,0.07670832,0.0326,0.5055087,0.13822429,0.47290874
mp-1112159,-2.0541823,-2.0425851,0.05962127,0.0115971565,1.8772006,2.088013,0.26456463,0.21081233
mp-1223458,-3.1778212,-3.074827,0.07195741,0.1029942,3.9314,3.9876904,0.19409965,0.056290388
mp-977176,-1.9720651,-1.7020695,0.05896727,0.26999557,0.0,0.17524096,0.27852753,0.17524096
mp-16280,-2.5944479,-2.4895504,0.075518474,0.1048975,1.7434,1.9316933,0.36742657,0.18829334
mp-1206889,-1.4278066,-1.4543031,0.1487925,0.02649653,0.0,0.03588028,0.46963573,0.03588028
mp-567484,-0.73535985,-0.9567458,0.1282125,0.22138596,1.1504,1.6113535,0.53457934,0.46095347
mp-569638,-0.07373024,-0.055654358,0.023476128,0.01807588,0.0,0.032136917,0.02745434,0.032136917
mp-1101492,-2.653602,-2.628044,0.039523832,0.025557995,0.19901593,0.8490065,0.16838776,0.64999056
mp-21584,-0.7365045,-0.7824774,0.045284934,0.045972884,0.0,0.027735448,0.03506698,0.027735448
mp-1095253,-1.0658944,-1.0964139,0.03500207,0.030519485,0.0,0.038467575,0.034351993,0.038467575
mp-16770,-0.22075398,-0.26274008,0.07055306,0.041986093,0.0,0.04985881,0.035843197,0.04985881
mp-22036,-0.8035712,-0.9251894,0.024746826,0.12161815,0.0,0.058897782,0.0248347,0.058897782
mp-863370,-2.9136248,-2.915655,0.03967393,0.0020301342,0.0,0.94219315,0.24423446,0.94219315
mp-977298,-0.31214565,-0.26877853,0.06439773,0.043367118,4.4578,4.05053,0.49726394,0.40726995
mp-1191163,-1.752544,-1.7693565,0.028757213,0.016812444,0.0,0.250467,0.2787416,0.250467
mp-2713054,-2.3613298,-2.3504121,0.024328165,0.010917664,2.3557,2.1977623,0.23284279,0.15793777
mp-1185379,-0.20419727,-0.2507888,0.046216123,0.046591535,0.0,0.037019037,0.031130388,0.037019037
mp-1020014,-2.8175914,-2.806374,0.055150166,0.011217356,5.5447,5.5343766,0.49926263,0.0103235245
mp-556697,-2.8484347,-2.7500834,0.06767176,0.09835124,2.8856,2.1474102,0.20859708,0.73818994
mp-1223000,-0.046057645,-0.092859745,0.02992545,0.0468021,0.0,0.034798075,0.026575003,0.034798075
mp-3020,-3.1787546,-3.1559584,0.054008443,0.022796154,0.0,0.11294258,0.17090572,0.11294258
mp-764152,-2.502058,-2.4562113,0.030362763,0.0458467,0.9031,3.8259807,0.12518322,2.9228806
mp-756412,-2.3842332,-2.3468537,0.03148778,0.037379503,1.5726,0.9622345,0.24172413,0.6103655
mp-637255,-0.3002692,-0.32793725,0.03809784,0.027668059,0.0,0.02315793,0.018339945,0.02315793
mp-432,-0.19814378,-0.36050624,0.020063521,0.16236246,0.0,0.018981863,0.028573306,0.018981863
mp-1222219,-2.402409,-2.41645,0.01999068,0.014040947,2.9792,2.0618863,0.20864077,0.9173136
mp-1101294,-3.7170894,-3.785149,0.09701672,0.06805968,0.0,0.09281738,0.10132154,0.09281738
mp-1100190,-0.021480802,-0.065060735,0.03422518,0.043579932,0.0,0.057562567,0.04765401,0.057562567
mp-14802,-2.3854296,-2.4009178,0.12269762,0.015488148,1.9441,1.989283,0.32667646,0.045182943
mp-581831,-0.74563295,-0.8259724,0.09293525,0.08033943,0.0,0.03476391,0.034109246,0.03476391
mp-850786,-2.4613779,-2.4554696,0.033121496,0.005908251,0.0,0.003110981,0.5548186,0.003110981
mp-1215644,-2.1691124,-2.1560166,0.051830396,0.013095856,2.2485042,2.719253,0.23657778,0.4707489
mp-977543,-0.82315725,-0.7546874,0.031548753,0.06846982,0.0,0.039716672,0.049780104,0.039716672
mp-510449,-1.2419102,-1.2767552,0.04251336,0.034844995,0.4741,2.6625967,0.23329946,2.1884966
mp-20603,-0.32596996,-0.38954002,0.06588197,0.06357005,0.0,0.015273499,0.014247954,0.015273499
mp-1177029,-2.9585102,-2.9383197,0.03307191,0.020190477,0.4375,1.5645325,0.21659307,1.1270325
mp-1047859,-3.638036,-3.6300826,0.025183883,0.007953405,3.9409,4.406943,0.21054113,0.46604276
mp-473,-0.29857883,-0.31305534,0.03380947,0.014476508,1.8326,1.4074847,0.2090772,0.42511535
mp-1226816,-0.5963241,-0.7528911,0.060586512,0.15656704,0.0,0.048303556,0.032339778,0.048303556
mp-4973,-3.2338305,-3.2726014,0.17700265,0.038770914,0.0,0.70661384,0.4419213,0.70661384
mp-2961,-0.41126233,-0.45487696,0.0935033,0.043614626,1.3728,1.5909239,0.22151472,0.21812391
mp-541504,-0.49212766,-0.35696405,0.032536935,0.1351636,0.0,0.026582455,0.033889193,0.026582455
mp-4889,-0.8786171,-0.9096066,0.08232029,0.030989468,0.0,0.049868584,0.025157461,0.049868584
mp-1197611,-1.5192801,-1.5462848,0.0636841,0.027004719,1.7068,1.384639,0.24550219,0.32216096
mp-1205934,-3.1158671,-3.1242101,0.041580316,0.008342981,2.2435,0.522456,0.27454123,1.7210441
mp-1227458,-2.1559432,-2.1536763,0.031655647,0.0022668839,0.0,-0.023269366,0.06950516,0.023269366
mp-571334,0.026595049,-0.109031364,0.031328548,0.1356264,0.0,0.025687551,0.03014811,0.025687551
mp-1234022,-1.6783725,-1.7256238,0.049072564,0.047251344,1.2904,1.3519069,0.14245144,0.061506867
mp-1197708,-3.1244142,-3.0692627,0.08445169,0.055151463,5.2819,5.060866,0.21922125,0.22103405
mp-1216889,-1.1032467,-1.1812692,0.0816682,0.07802248,0.0,0.043815255,0.034856033,0.043815255
mp-2422943,-1.2926087,-1.1804894,0.054915797,0.11211932,2.0094,1.0218046,0.27476463,0.9875953
mp-680246,-1.4596835,-1.5559324,0.026470913,0.096248865,1.7154,1.606498,0.15996642,0.10890198
mp-19716,-1.1057292,-1.0803592,0.062658004,0.025370002,0.0,-0.017308664,0.054743268,0.017308664
mp-1223672,-1.7739499,-1.9638878,0.0719734,0.18993795,0.0,0.29107326,0.17575657,0.29107326
mp-1101303,-2.8620262,-2.9417202,0.046245053,0.07969403,0.0,1.2077014,0.3666522,1.2077014
mp-1181961,-0.97872007,-1.0059999,0.028588941,0.027279854,0.0,0.093814924,0.041301563,0.093814924
mp-1193017,-0.31812024,-0.32847756,0.03875414,0.01035732,0.0,0.06586404,0.04952123,0.06586404
mp-982873,-0.0854023,-0.14202288,0.045002595,0.056620575,0.0,0.048505165,0.048976496,0.048505165
mp-2755705,-1.9701556,-2.0253956,0.035519015,0.055240035,1.3448,1.0098462,0.07796601,0.33495378
mp-1219950,-0.5784995,-0.59957683,0.045935262,0.021077335,0.0,0.025634885,0.018570187,0.025634885
mp-1188194,-0.5750705,-0.5283806,0.05356867,0.046689928,0.0,0.012219834,0.029019093,0.012219834
mp-29566,-0.18531732,-0.2132614,0.018875359,0.027944073,1.1046513,0.50270396,0.12782364,0.60194737
mp-1215775,-0.91654134,-0.8791297,0.05174972,0.03741163,1.609,0.95351106,0.2131526,0.6554889
mp-1228323,-2.180112,-2.1473622,0.025644049,0.032749653,0.0,-0.012855935,0.06293522,0.012855935
mp-1185089,-0.40201396,-0.45276356,0.07806957,0.0507496,0.0,0.0024766207,0.011441212,0.0024766207
mp-775462,-1.4033214,-1.4631016,0.07280521,0.05978024,0.0,0.05064168,0.18537933,0.05064168
mp-541582,-0.46316582,-0.54868925,0.072843455,0.08552343,1.1429,0.62743443,0.08201328,0.51546556
mp-862874,-0.42187005,-0.36266598,0.056616563,0.05920407,0.0,0.062184475,0.027091376,0.062184475
mp-1190348,-0.24599278,-0.25135347,0.050657112,0.0053606927,5.7806,5.5018363,0.17754512,0.27876377
mp-861658,-0.4801821,-0.55937064,0.06173597,0.079188526,0.0,0.009043217,0.031398755,0.009043217
mp-1355185,-2.7001443,-2.7528887,0.039514266,0.05274439,0.0,1.4751049,0.14259301,1.4751049
mp-1228346,-0.44004276,-0.51912606,0.051242772,0.07908329,0.0,0.07138486,0.06279183,0.07138486
mp-1227441,-0.40098962,-0.28017044,0.040062338,0.12081918,0.0,0.053317524,0.0903391,0.053317524
mp-1193851,-2.1927903,-2.169623,0.034277875,0.023167372,4.56111,4.0534525,0.33588785,0.5076575
mp-972640,-0.33158717,-0.34781638,0.028510693,0.016229212,0.0,0.044214748,0.031110574,0.044214748
mp-1301792,-2.212311,-2.272981,0.059237648,0.0606699,0.7612,1.182924,0.14139023,0.42172402
mp-1208605,-0.44216156,-0.48567075,0.04718439,0.043509185,0.0,0.03695829,0.029020803,0.03695829
mp-2929310,-2.5257099,-2.381248,0.13942723,0.14446187,0.2764,1.2100731,0.87134606,0.93367314
mp-3347217,-1.1804136,-1.3905103,0.052281026,0.21009672,4.4768,4.378287,0.21582709,0.09851313
mp-23724,-1.8814731,-1.814002,0.07670018,0.06747103,5.0147,4.5666137,0.106019594,0.44808626
mp-2714978,-2.339574,-2.2790103,0.024516137,0.060563803,1.8918,2.390862,0.5006097,0.49906194
mp-1197285,-2.5519395,-2.487679,0.09334753,0.06426048,3.8097,3.4627724,0.19051404,0.34692764
mp-1104069,-0.6200217,-0.67512643,0.03199232,0.055104733,0.0,0.039354015,0.041600082,0.039354015
mp-771595,-2.87775,-2.8277974,0.04106174,0.049952507,2.9552,1.2486204,0.29603744,1.7065796
mp-1111979,-2.6197474,-2.5799327,0.03036124,0.03981471,1.9082,2.1770642,0.6350615,0.26886415
mp-27895,-0.5773542,-0.5891806,0.05692415,0.011826396,0.0,0.024840498,0.0692962,0.024840498
mp-1224944,-0.025205472,-0.082061626,0.029262096,0.056856155,0.0,0.014652371,0.0370558,0.014652371
mp-972879,-0.68005514,-0.69965196,0.06603432,0.019596815,0.0,0.033665348,0.026128495,0.033665348
mp-770410,-2.0868306,-2.1249886,0.053889655,0.03815794,2.507,2.0879023,0.347595,0.41909766
mp-aaaieiqz,-2.7896562,-2.953269,0.0435415,0.16361284,5.3342,3.8965797,0.1439837,1.4376202
mp-32891,-2.3469315,-2.2716708,0.056820564,0.07526064,1.9019,0.715452,0.18321821,1.1864481
mp-864794,-0.009709553,-0.04412663,0.048161138,0.034417078,0.0,0.03910148,0.038641315,0.03910148
mp-753313,-2.4753752,-2.5430775,0.03157101,0.06770229,0.6467,0.77974254,0.117522724,0.13304251
mp-1223603,-2.349419,-2.443375,0.045034725,0.09395599,0.9162,5.239503,0.31424725,4.3233027
mp-976262,-0.041007314,-0.050375056,0.04368184,0.009367742,0.0,0.05445056,0.034531023,0.05445056
mp-7024,-0.4122986,-0.4307196,0.07458611,0.018421024,0.0,0.10594626,0.07904021,0.10594626
mp-4826,-2.1268806,-2.0492547,0.017064735,0.07762599,0.0,-0.007465339,0.11411339,0.007465339
mp-1077251,-0.994542,-1.0085332,0.06740915,0.013991237,0.0,0.03812902,0.049590122,0.03812902
mp-752437,-2.8976169,-2.8466148,0.03306885,0.051002026,2.6397,2.1192582,0.3179991,0.5204418
mp-8382,-3.4041467,-3.5288243,0.07032048,0.12467766,0.1041,4.2419877,1.2878633,4.1378875
mp-778149,-2.8674357,-2.87438,0.053035606,0.006944418,2.3633,2.4483037,0.31113222,0.085003614
mp-570089,-0.8267437,-0.8507495,0.015280149,0.02400577,2.3953,2.482968,0.10546613,0.08766818
mp-1209829,-0.7727433,-0.88026524,0.065371126,0.10752195,0.0,0.013854647,0.03301451,0.013854647
mp-755664,-1.5243508,-1.4739968,0.020702552,0.050354004,0.0,0.19141331,0.09101207,0.19141331
mp-1219451,-0.51197696,-0.53423,0.02666651,0.022253036,0.0,0.030495811,0.035511345,0.030495811
mp-571154,-0.460707,-0.420654,0.027752712,0.04005301,0.0,0.071368,0.04347356,0.071368
mp-753173,-2.966165,-2.8512313,0.12688966,0.11493373,3.4546,3.3327785,0.2811203,0.12182164
mp-1095296,-1.9737937,-2.0627346,0.011164549,0.08894086,1.3966,1.1803634,0.16891812,0.21623659
mp-11515,-0.3779667,-0.55876344,0.03512868,0.18079674,0.0,0.03782482,0.018936478,0.03782482
mp-1072097,-0.7993478,-0.87262267,0.017256215,0.07327485,0.0,0.019213771,0.034218706,0.019213771
mp-10854,-0.5490917,-0.43255252,0.03535033,0.11653918,0.0,0.047555543,0.086704135,0.047555543
mp-567918,-1.4421928,-1.4917952,0.03622737,0.04960239,0.6173,1.5099591,0.4396345,0.8926591
mp-1283513,-1.9329827,-1.9284108,0.12932196,0.0045719147,0.0,0.033491828,0.32585707,0.033491828
mp-6514,-3.372115,-3.345208,0.0791633,0.026906967,2.4207,2.5298681,0.4283003,0.10916805
mp-697020,-2.6181366,-2.5761917,0.0700641,0.04194498,4.5824,4.445888,0.308711,0.1365118
mp-757603,-3.1913593,-3.2267137,0.024181172,0.035354376,0.0,1.976564,0.35432667,1.976564
mp-1200829,-2.8438237,-2.6652286,0.053915374,0.17859507,4.757741,2.937846,1.009633,1.819895
mp-1196169,-4.122977,-4.0067673,0.08983652,0.11620951,7.4228,6.0496926,0.6082532,1.3731074
mp-573974,-1.2191564,-1.2438927,0.04056961,0.024736285,2.6482,2.740234,0.3060278,0.09203386
mp-621667,-0.2655284,-0.25807336,0.04597461,0.007455051,0.0,0.03305223,0.03380432,0.03305223
mp-1200060,-0.49736166,-0.5384771,0.035354443,0.041115463,0.0,0.08608744,0.025676725,0.08608744
mp-989405,-1.7018664,-1.6434813,0.05014324,0.058385134,1.5789,1.8768885,0.21439528,0.29798853
mp-505397,-2.2000086,-2.3275714,0.04829391,0.12756276,0.3467,1.2504656,0.42396808,0.9037656
mp-1178504,-1.9804959,-1.9809688,0.03021603,0.00047290325,3.7243085,3.7688522,0.032472786,0.044543743
mp-556034,-1.7582117,-1.68192,0.14429903,0.07629168,6.676,5.9400835,0.5875992,0.7359166
mp-677529,-3.726182,-3.6712017,0.046300713,0.054980278,0.2241,3.0817688,0.29689705,2.8576689
mp-818,-0.8408696,-0.81216276,0.033209555,0.028706849,0.0,0.09801228,0.052723445,0.09801228
mp-697492,-1.8342428,-1.8231243,0.030897042,0.011118531,0.0,0.15432242,0.1488726,0.15432242
mp-1188869,-1.019467,-1.2259661,0.10339933,0.2064991,0.0,0.034252025,0.10936474,0.034252025
mp-1221044,-1.5923644,-1.6063364,0.031856474,0.013971925,1.0638,0.8606535,0.25892916,0.20314646
mp-865623,-1.0257232,-0.97523296,0.059978746,0.05049026,0.0,0.011679506,0.018918948,0.011679506
mp-728892,-1.014496,-1.1236473,0.17070645,0.10915136,3.5522,1.8651909,0.24598947,1.6870092
mp-1207159,-3.2424178,-3.2426314,0.070728585,0.00021362305,0.0,1.4853382,0.5504513,1.4853382
mp-1217299,-0.6313618,-0.6323803,0.04254273,0.0010185242,0.0,0.047627807,0.04245679,0.047627807
mp-11253,-0.39885512,-0.34065822,0.028507108,0.058196902,0.0,0.040618084,0.027461104,0.040618084
mp-1222703,-0.57223076,-0.56711686,0.07388596,0.0051138997,0.0,0.09666622,0.11678345,0.09666622
mp-542739,-0.15994312,-0.20920165,0.04077155,0.04925853,0.0,0.0350224,0.0343058,0.0350224
mp-13658,-1.4035443,-1.2784878,0.10242538,0.1250565,3.1172,3.709507,0.33203706,0.5923071
mp-1212614,-0.82722455,-0.6710334,0.088588715,0.15619117,4.4365,3.4911568,0.763213,0.94534326
mp-1228812,-0.77164453,-0.7243675,0.023228046,0.047277033,0.0,0.34315473,0.061664663,0.34315473
mp-1198197,-1.8330888,-1.7642992,0.0492895,0.0687896,6.7279,6.0562983,0.10841969,0.6716018
mp-1198958,-1.3111762,-1.4377652,0.049686506,0.12658906,1.6413,2.273033,0.39447853,0.63173294
mp-1226044,-0.7165622,-0.62795246,0.063273616,0.088609755,0.0,0.024141883,0.075292766,0.024141883
mp-1195907,-1.83897,-1.9185505,0.046543993,0.079580545,2.1846,1.8102095,0.16847935,0.3743906
mp-542482,-1.3165591,-1.3698107,0.031293042,0.053251624,1.2246,1.2237974,0.12405274,0.00080251694
mp-1188616,-0.45038185,-0.42777532,0.04768328,0.022606522,0.0,0.04859979,0.07676356,0.04859979
mp-1102762,-1.7322959,-1.7226026,0.08709721,0.009693265,0.0256,0.17756465,0.060252666,0.15196465
mp-978535,0.037194863,0.026930928,0.018092616,0.010263935,0.0,0.004893136,0.041104168,0.004893136
mp-2713444,-2.614207,-2.6241133,0.037680704,0.009906292,4.1662,4.0371113,0.0821707,0.12908888
mp-1189957,-1.2825307,-1.3159301,0.024603443,0.033399463,0.0,0.06553302,0.053763554,0.06553302
mp-1203733,-1.8214678,-1.8468618,0.05243414,0.025394082,0.0062,2.393446,0.69513696,2.387246
mp-6032,-3.2073565,-3.172087,0.047608335,0.0352695,5.4873,5.3258147,0.2352976,0.1614852
mp-752673,-3.1065621,-3.0582035,0.055284765,0.04835868,0.0,0.07108994,0.15342641,0.07108994
mp-560037,-2.9167702,-2.7177033,0.03109099,0.19906688,4.9314,3.3218436,0.35282522,1.6095562
mp-1189784,-0.57748246,-0.7024039,0.048014484,0.12492144,0.0,0.017951345,0.035697013,0.017951345
mp-1345538,-1.8667367,-1.8463991,0.06280804,0.020337582,0.0,0.020509506,0.07596587,0.020509506
mp-542219,-3.6836169,-3.6914825,0.055703837,0.007865667,6.0773,6.177424,0.30394116,0.10012388
mp-768405,-2.6665177,-2.691444,0.05736734,0.024926186,1.2939,1.7450329,0.32042024,0.4511329
mp-29476,-0.2023062,-0.26164705,0.058054134,0.05934085,0.4884,0.1284287,0.061931577,0.3599713
mp-27588,-2.7801268,-2.754649,0.08615409,0.025477886,6.0367,5.8255486,0.27262163,0.21115112
mp-1112502,-1.667374,-1.7107403,0.048749626,0.043366313,2.0627592,1.6712154,0.22633597,0.39154375
mp-753454,-1.228112,-1.2087322,0.07101453,0.019379735,2.0625,0.092519835,0.20192532,1.9699801
mp-1227996,-2.6645136,-2.6816351,0.0346854,0.017121553,2.5679,1.831947,0.15861604,0.735953
mp-1188908,-0.31533897,-0.34506378,0.07022962,0.029724807,0.0,0.05318127,0.048320424,0.05318127
mp-1112278,-1.4103839,-1.4215437,0.02638568,0.011159778,0.84392345,0.6247929,0.40674448,0.21913058
mp-570738,-0.7277312,-0.8655716,0.06073415,0.13784039,2.3766,2.3150678,0.25138357,0.06153226
mp-22750,-2.2993722,-2.2212207,0.029141424,0.078151464,3.1969,2.7536767,0.255347,0.44322324
mp-865359,-0.27139652,-0.3195238,0.04897507,0.048127294,0.0,0.024341583,0.021313708,0.024341583
mp-554354,-1.3772202,-1.4411066,0.10229262,0.063886404,0.9304,0.644399,0.2975421,0.28600103
mp-31213,-3.5086665,-3.461497,0.05693914,0.047169447,1.7833,1.7746971,0.35653746,0.008602977
mp-8628,-0.43302518,-0.30671802,0.05638742,0.12630716,0.0,0.1517313,0.06436588,0.1517313
mp-973292,-0.17889021,-0.17463481,0.043733954,0.004255399,0.0,-0.024987841,0.07577392,0.024987841
mp-1105567,-0.73836446,-0.88060683,0.058362614,0.14224237,0.0,0.023012305,0.034136955,0.023012305
mp-1174391,-1.7171196,-1.7295288,0.066279314,0.01240921,0.0,0.5919004,0.1121898,0.5919004
mp-675880,-0.17230904,-0.24152839,0.020978652,0.06921935,0.0,0.086398646,0.03938636,0.086398646
mp-1190138,-1.0160493,-1.058553,0.046095304,0.042503715,2.2375,2.4926615,0.10970324,0.25516152
mp-560130,-1.7615495,-1.8335451,0.080324866,0.071995616,1.1415,1.6997147,0.2505603,0.55821466
mp-9259,-3.1270456,-3.0875187,0.08726682,0.03952694,4.5324,4.26483,0.16089062,0.26757002
mp-17268,-3.0375707,-3.1090755,0.030420557,0.07150483,0.6721,0.3324987,0.2125301,0.3396013
mp-570136,-0.34307307,-0.38033623,0.0492889,0.037263155,1.4615,0.7924891,0.16759747,0.66901094
mp-560721,-3.283499,-3.194861,0.05023266,0.08863807,5.2919,3.9264648,0.47897443,1.3654354
mp-867252,-0.2558905,-0.28130436,0.051570296,0.02541387,0.0,0.06736958,0.049648404,0.06736958
mp-1068786,-0.02455489,-0.24484487,0.05389897,0.22028998,0.0,0.03705268,0.021260818,0.03705268
mp-4177,-0.91366434,-0.89713,0.012097968,0.016534328,0.0,0.04392173,0.02141448,0.04392173
mp-975797,0.031312276,0.01690228,0.027158612,0.014409997,0.0,0.003493762,0.029939141,0.003493762
mp-1192512,-0.31850278,-0.32394925,0.017038103,0.005446464,0.0,0.06274376,0.035965044,0.06274376
mp-1208091,-0.4709353,-0.49239263,0.041104805,0.021457314,0.0,0.034384966,0.008239949,0.034384966
mp-9711,-1.340124,-1.4090799,0.08854673,0.0689559,2.8816,3.565752,0.32338217,0.6841521
mp-9064,-1.048317,-1.0152115,0.032951124,0.033105493,0.4374,0.82032317,0.5202582,0.38292316
mp-531302,-3.7274594,-3.67036,0.04731154,0.057099342,3.3825,2.7592497,0.44716305,0.62325025
mp-1597,-3.7504442,-3.8430448,0.12199836,0.092600584,0.0,-0.08903201,0.15930647,0.08903201
mp-1201591,-0.13137306,-0.16239378,0.04198431,0.031020716,0.0,0.03524225,0.024296712,0.03524225
mp-7434,-0.5836851,-0.6399447,0.048603754,0.056259573,0.6323,0.36442298,0.03886192,0.26787704
mp-1197139,-0.11527013,-0.13126507,0.037387088,0.015994944,0.0,0.026066398,0.012838995,0.026066398
mp-1225370,-0.35671437,-0.527859,0.08643864,0.1711446,0.0,0.039458036,0.0211412,0.039458036
mp-1223685,-0.07067346,-0.19374914,0.0614964,0.12307569,0.0,0.08882423,0.02704164,0.08882423
mp-557936,-1.3544978,-1.3884355,0.0829199,0.033937693,0.0,0.023443604,0.059082158,0.023443604
mp-559795,-1.4509493,-1.4172169,0.025786243,0.033732414,1.5706,1.788511,0.13659933,0.217911
mp-1105330,-1.9978428,-2.061426,0.074275844,0.063583136,0.0,0.33448228,0.19516346,0.33448228
mp-13875,-2.5211377,-2.4773352,0.08170425,0.0438025,2.8716,2.791346,0.18490666,0.08025384
mp-760274,-2.329391,-2.3444228,0.023457162,0.015031815,0.9387,1.0054022,0.16021562,0.06670219
mp-1228389,-2.1096206,-2.108162,0.035420887,0.0014586449,0.0,0.01737523,0.068977065,0.01737523
mp-768755,-1.9766105,-1.9735098,0.04620647,0.0031007528,3.9623,3.3197837,0.47004005,0.6425164
mp-1176402,-2.0772736,-2.0712166,0.042917337,0.006057024,0.0,0.039031636,0.21742669,0.039031636
mp-2716491,-3.0523455,-3.0441003,0.02661741,0.00824523,3.3548,3.0397985,0.09584011,0.3150015
mp-1201235,-2.7847102,-2.7775538,0.05091528,0.007156372,4.7782974,5.116053,0.2745062,0.33775568
mp-27688,-1.0060037,-0.9902524,0.09449052,0.015751362,1.7449,1.4421265,0.19749396,0.30277348
mp-1112472,-1.9865999,-1.9696095,0.074277245,0.016990423,0.0,1.3005767,0.23012938,1.3005767
mp-1191653,-0.7977775,-0.69412,0.11934314,0.103657484,0.37204638,0.6872519,0.39774776,0.31520554
mp-1188237,-0.6270144,-0.7048151,0.092140675,0.07780069,0.0,0.041372277,0.032468654,0.041372277
mp-1208,-0.5729112,-0.5488633,0.06623771,0.024047911,0.0,0.037653066,0.014783626,0.037653066
mp-3867,-0.2619541,-0.34254956,0.035165288,0.08059546,0.0,0.033203818,0.027468724,0.033203818
mp-773502,-1.9651985,-2.0389993,0.05351364,0.0738008,0.0,0.24350111,0.21850055,0.24350111
mp-1222982,-0.41693813,-0.4800294,0.07233823,0.06309128,0.0,0.06935225,0.09453377,0.06935225
mp-675801,-1.8924952,-1.8503208,0.078125596,0.04217434,2.1638,1.5225493,0.30258015,0.6412507
mp-1210474,-0.16395833,-0.18764386,0.05836782,0.02368553,0.0213,0.14062294,0.073929615,0.11932294
mp-27221,-3.9384587,-3.853075,0.07120253,0.08538365,4.3185,3.6128292,0.35294405,0.70567083
mp-1218746,-2.988705,-2.96214,0.08681594,0.026564837,1.5019,0.6587391,0.15033795,0.84316087
mp-1218980,-0.7856836,-0.7156978,0.06458246,0.06998575,0.0,0.03194504,0.012061753,0.03194504
mp-1187179,-0.32070506,-0.36659423,0.04601478,0.04588917,0.0,0.017418455,0.023071425,0.017418455
mp-567431,-2.65371,-2.2139678,0.0998369,0.4397421,3.6452,0.36377996,0.17766356,3.28142
mp-19980,-2.4824286,-2.4551091,0.041306734,0.027319431,2.645,1.9934947,0.2962199,0.65150523
mp-542342,-0.59147155,-0.55938685,0.02138718,0.032084703,0.0,0.024333406,0.01709348,0.024333406
mp-502,-0.15450364,-0.29512697,0.038868766,0.14062333,1.9905,2.3466172,0.09741361,0.35611725
mp-1205144,-0.09715377,-0.17398646,0.047031365,0.0768327,0.0,0.06910076,0.019970346,0.06910076
mp-1068348,-0.6586811,-0.6838038,0.05185531,0.025122702,0.0,0.08448915,0.044877827,0.08448915
mp-865599,-0.92585725,-0.88269216,0.06374304,0.043165088,0.0,0.02012887,0.03207375,0.02012887
mp-1217104,-2.871507,-2.8694675,0.030279195,0.0020394325,2.2983,1.7678072,0.18006463,0.5304928
mp-1221800,-2.3486571,-2.307121,0.03295274,0.041536093,3.6565,3.6270344,0.070685655,0.029465675
mp-755349,-1.5933796,-1.5385898,0.1122573,0.05478978,0.0,0.06707861,0.09324077,0.06707861
mp-1227650,-0.003694496,-0.018241167,0.047939632,0.014546671,0.0,0.009734225,0.024521412,0.009734225
mp-21272,-0.96747535,-0.94610107,0.06962606,0.021374285,0.2739,0.10913823,0.0629446,0.16476178
mp-16947,-2.687368,-2.6938214,0.07697729,0.006453514,3.1826,3.9815888,0.3882231,0.7989888
mp-555195,-2.5737498,-2.5669599,0.055604037,0.0067899227,1.8697093,1.8666652,0.25494123,0.0030440092
mp-1192238,-3.7897,-3.7852159,0.04886179,0.0044841766,3.4493,3.2105663,0.32352567,0.23873377
mp-570545,-0.27631024,-0.30055976,0.077055484,0.024249524,4.1512012,3.7068932,0.16719277,0.44430804
mp-1113935,-3.0855987,-2.999515,0.039266355,0.08608365,2.3262017,2.6107862,0.9970422,0.28458452
mp-2716238,-2.8613975,-2.8549256,0.048381656,0.0064718723,2.6704,2.70722,0.05983698,0.036820173
mp-17770,-2.9203403,-2.9091563,0.022802316,0.011183977,5.2958,5.35917,0.11698881,0.06336975
mp-17567,-0.39122477,-0.4409493,0.046034496,0.04972452,0.0,0.06724026,0.054681074,0.06724026
mp-2758,-2.352554,-2.1406932,0.07856608,0.2118609,2.2313,2.4531293,0.2621339,0.22182918
mp-768091,-1.4151146,-1.3942996,0.021888206,0.020815015,0.0,-0.10882306,0.13074689,0.10882306
mp-1195981,-0.66215664,-0.6617257,0.028521957,0.00043094158,0.0,0.026546765,0.030777995,0.026546765
mp-651268,-0.5453604,-0.49836698,0.07575404,0.046993405,0.0,0.1415549,0.056558713,0.1415549
mp-1078316,-0.5150975,-0.4807953,0.096114494,0.034302205,0.0,0.015822101,0.034530435,0.015822101
mp-568865,-1.0168413,-1.0751227,0.06385309,0.05828142,0.0,0.042964675,0.042044237,0.042964675
mp-19420,-2.9851568,-2.9325588,0.058475465,0.052598,3.4311,3.4814599,0.1914809,0.050359964
mp-16184,-0.8198786,-0.81404907,0.025797362,0.005829513,1.7163,1.8751959,0.08029641,0.15889585
mp-16808,-2.760625,-2.7089741,0.02694106,0.051650763,4.0758,3.763598,0.2869859,0.31220198
mp-754193,-2.592767,-2.6000419,0.036564473,0.007274866,2.3315,1.6341152,0.3695449,0.69738483
mp-1214709,-1.9371233,-1.9633334,0.067231484,0.02621007,0.0,0.04725325,0.057738833,0.04725325
mp-1105814,-0.51957595,-0.5617692,0.06066195,0.042193234,0.2748,0.6652129,0.23756322,0.39041293
mp-865278,-0.5559323,-0.54066324,0.038192786,0.015269041,0.0,0.031563066,0.030179195,0.031563066
mp-1078996,-0.6863349,-0.57479876,0.037825264,0.111536145,0.0,0.01920185,0.02941348,0.01920185
mp-977384,-0.68486595,-0.70905936,0.036249388,0.024193406,0.0,0.04742234,0.022309244,0.04742234
mp-767526,-2.1359673,-2.1022654,0.027635448,0.033701897,0.1441,0.2773841,0.071937434,0.1332841
mp-667374,-3.139979,-3.1162655,0.05554508,0.02371335,4.5414,4.161797,0.27803475,0.3796029
mp-1193581,-0.45361218,-0.39788172,0.016418025,0.055730462,0.0,0.065278865,0.058711987,0.065278865
mp-862264,-0.30458716,-0.36740446,0.054916915,0.062817305,0.0,0.007075715,0.021217149,0.007075715
mp-989570,-2.208535,-2.200142,0.07637354,0.008393049,3.6131,3.1268134,0.39460418,0.48628664
mp-768154,-2.527642,-2.4863799,0.015598242,0.04126215,4.5243,4.072072,0.16207889,0.45222807
mp-540950,-3.404461,-3.338468,0.04156533,0.06599283,4.0293,3.5134125,0.09991185,0.51588774
mp-1641158,-3.2166462,-3.1825428,0.034927763,0.034103394,0.0035,1.0052042,0.27033633,1.0017042
mp-2232239,-2.6966205,-2.7103088,0.06608169,0.013688326,2.1879,1.7559478,0.22372173,0.43195224
mp-740710,-2.0310104,-1.9658804,0.06311682,0.065129995,5.0012,5.052787,0.088831306,0.051586628
mp-762258,-2.042354,-1.9671628,0.05580915,0.07519126,1.4813,1.4211018,0.3340003,0.060198188
mp-1112917,-2.1586826,-2.201714,0.03584581,0.043031454,2.1328924,2.9091601,0.22614518,0.77626777
mp-1103425,-0.69434434,-0.7135241,0.06366265,0.019179761,0.0,0.041679524,0.04617203,0.041679524
mp-862763,-0.3385347,-0.37142974,0.044822052,0.03289503,0.0,0.02358079,0.028970158,0.02358079
mp-1221052,-2.4414725,-2.447946,0.041513465,0.0064735413,3.089,2.8578691,0.20640336,0.23113084
mp-2713922,-2.661354,-2.6815016,0.034073543,0.020147562,2.2947,2.262133,0.25222957,0.032567024
mp-680039,-2.3294363,-2.3348484,0.04788375,0.0054121017,0.0,0.48019952,0.21222709,0.48019952
mp-14735,-2.773569,-2.747993,0.005461403,0.025576115,0.0,0.19662222,0.063734315,0.19662222
mp-1092251,-0.48696524,-0.498326,0.04423691,0.0113607645,0.0,0.04623554,0.026509864,0.04623554
mp-2733,-0.38162392,-0.39841992,0.076549634,0.016795993,0.0,0.08232534,0.05653451,0.08232534
mp-14469,-2.3856208,-2.3595414,0.033521637,0.026079416,3.0375,3.2475133,0.3593319,0.21001339
mp-2716235,-2.8450894,-2.8590379,0.024354417,0.013948441,3.6615,3.5579648,0.12336369,0.103535175
mp-772049,-3.1202364,-3.0112846,0.036976367,0.10895181,3.7604,3.8550549,0.16871151,0.0946548
mp-1199546,-1.958223,-1.9739268,0.052382562,0.015703797,2.0038,2.2689166,0.108079314,0.2651167
mp-26512,-2.0479956,-2.1368222,0.033582676,0.08882666,0.0,2.0762827,0.3246871,2.0762827
mp-645688,-2.0933251,-2.225134,0.06817749,0.13180876,0.0,0.16338359,0.14129713,0.16338359
mp-961685,-1.0461259,-1.0275533,0.08180996,0.018572569,1.5819,0.55376923,0.18356794,1.0281308
mp-1226510,-0.87524813,-0.93562424,0.0790604,0.060376108,0.0,0.03837516,0.039781705,0.03837516
mp-1224646,-2.531789,-2.5269723,0.038772233,0.0048167706,2.8483,1.2495921,0.6546083,1.5987079
mp-758209,-2.5580707,-2.5225213,0.024832897,0.035549402,3.0894,3.1452415,0.2500018,0.055841446
mp-1236612,-2.5736344,-2.5808306,0.034281418,0.007196188,1.9318,3.1310792,0.14176495,1.1992792
mp-1147,-3.379943,-3.4095893,0.074172914,0.029646397,0.0,0.037109055,0.385009,0.037109055
mp-779605,-2.8792472,-2.887584,0.04228288,0.008336782,0.8343,1.0078406,0.19970472,0.17354065
mp-12286,-3.499443,-3.4742446,0.04659948,0.02519846,2.9098,2.8569708,0.16900833,0.052829266
mp-1224284,-0.85168135,-0.79180086,0.06226194,0.059880495,0.0,-0.0029550076,0.035508607,0.0029550076
mp-558671,-3.0127983,-3.0492208,0.043160167,0.03642249,0.0,2.0983567,0.5631003,2.0983567
mp-1203336,-1.2496281,-1.2371792,0.050376073,0.012448907,0.0115,2.3137383,0.25518256,2.3022385
mp-6455,-2.5197892,-2.4538195,0.058737904,0.065969706,5.5444,5.2426987,0.20502163,0.30170155
mp-2712987,-2.9957173,-2.9534416,0.010944617,0.042275667,2.5198,2.5194366,0.12677705,0.0003633499
mp-11265,-0.6761169,-0.61931837,0.03721723,0.056798518,0.2437,0.09735594,0.05219416,0.14634407
mp-26223,-2.486085,-2.451347,0.037318338,0.034737825,0.0398,0.5078772,0.22560526,0.46807718
mp-11711,-3.1533606,-3.1858318,0.058148064,0.03247118,2.7579,3.7076793,0.61771643,0.9497793
mp-1219803,-0.4100901,-0.5280822,0.0822338,0.1179921,0.0,0.025781821,0.02007941,0.025781821
mp-542874,-3.191551,-3.179725,0.0488259,0.011826038,5.3038,5.064229,0.23079722,0.2395711
mp-17015,-1.9529816,-1.8769068,0.025103804,0.07607484,2.7837,2.785353,0.17970784,0.001652956
mp-4747,-2.8860483,-2.7409205,0.08072799,0.14512777,2.7198,2.1200478,0.26385957,0.5997522
mp-772793,-3.0591764,-2.9941437,0.04300412,0.06503272,3.7422,3.7971206,0.112027265,0.054920673
mp-4531,-1.363197,-1.1501213,0.07447513,0.21307564,2.9451,2.424973,0.90790534,0.52012706
mp-1205358,-0.65686435,-0.69839966,0.024183424,0.041535318,0.0,0.015179562,0.02436923,0.015179562
mp-1290528,-2.5682254,-2.5758977,0.022386536,0.00767231,1.7837,2.076813,0.2170733,0.293113
mp-19942,-1.751682,-1.6490396,0.04589751,0.10264242,0.8572,0.78360045,0.10977833,0.07359958
mp-2715029,-2.8562021,-2.8430986,0.026484044,0.013103485,3.5424,3.5701828,0.12773158,0.027782917
mp-21524,-0.6453442,-0.5661194,0.074576825,0.079224825,0.0,0.03775706,0.037675854,0.03775706
mp-2714283,-2.4227738,-2.3856997,0.03745925,0.03707409,2.9417,1.8158163,0.34387398,1.1258837
mp-17120,-0.46527985,-0.53053397,0.022171376,0.06525412,0.6537,0.8475412,0.22120728,0.19384122
mp-1188697,-0.8472,-0.7917114,0.02899887,0.055488586,0.0,0.057129692,0.06826503,0.057129692
mp-1220866,-0.48167482,-0.4066398,0.026379663,0.075035006,0.0,0.015783478,0.013835422,0.015783478
mp-1250,-0.44097984,-0.43852097,0.033839583,0.0024588704,0.0,0.01145885,0.013567794,0.01145885
mp-756812,-2.2346063,-2.2270875,0.058243174,0.0075187683,2.157,2.3118725,0.20516019,0.15487242
mp-1097034,-1.2681829,-1.2782879,0.043368753,0.010105014,2.3724,2.5353253,0.12583405,0.16292524
mp-1523090,-3.1598895,-3.1584656,0.028895874,0.0014238358,4.0575,3.6560922,0.31965128,0.40140772
mp-1223090,-0.01283267,-0.06280687,0.02597627,0.049974196,0.0,0.033035684,0.022048548,0.033035684
mp-1206138,-0.7479028,-0.63332117,0.14043996,0.114581645,0.0,0.031862043,0.06772052,0.031862043
mp-754640,-3.2605822,-3.3075402,0.08218948,0.04695797,0.0,1.2172989,0.32544917,1.2172989
mp-1079468,-0.43468937,-0.34410632,0.031332765,0.090583056,0.0,0.16393432,0.037052754,0.16393432
mp-1217689,-0.34738207,-0.35324308,0.048320275,0.005861014,0.0,0.0345546,0.025863295,0.0345546
mp-3053,-0.6031299,-0.6422337,0.06564455,0.039103806,0.0,0.052052617,0.05672733,0.052052617
mp-558123,-2.6327412,-2.6025167,0.034012362,0.030224562,1.8766,0.9974354,0.17851695,0.87916464
mp-21303,-2.9074473,-2.9095497,0.048980046,0.002102375,0.0,0.24254732,0.09571733,0.24254732
mp-541722,-2.465913,-2.417217,0.039375395,0.04869604,4.3948,4.2832856,0.20697781,0.11151457
mp-1227076,-0.6294286,-0.59509647,0.05785022,0.034332156,0.0,0.03860693,0.018257527,0.03860693
mp-1227783,-2.557024,-2.5473962,0.020856803,0.009627819,1.3553,0.44535285,0.067340955,0.9099471
mp-10907,-0.361573,-0.4067617,0.082162686,0.045188695,0.0,0.033324122,0.02286479,0.033324122
mp-1207909,-1.5216687,-1.6180595,0.033360206,0.09639084,0.0,0.04278152,0.06984709,0.04278152
mp-1094632,-0.08927212,-0.16552873,0.04277978,0.07625661,0.0,0.072726324,0.04903498,0.072726324
mp-1208205,-0.78002906,-0.855281,0.044706147,0.07525194,0.0,0.028080057,0.027444398,0.028080057
mp-1224234,-2.6681156,-2.6647365,0.061893977,0.0033791065,2.0636,1.2672298,0.5753392,0.79637027
mp-1079584,-0.46540186,-0.54311484,0.08743333,0.07771298,0.0,0.038830258,0.022053035,0.038830258
mp-28435,-1.6327487,-1.6458266,0.03190895,0.013077855,0.1641,1.4440215,0.24154001,1.2799214
mp-1104853,-0.54646885,-0.6338688,0.02131213,0.08739996,0.0,0.026553607,0.06979338,0.026553607
mp-1191413,-0.55239284,-0.62225,0.086325265,0.06985718,0.0,0.024011374,0.043589126,0.024011374
mp-1203869,-2.7928402,-2.825707,0.026580647,0.032866716,0.0,0.55067414,0.21794435,0.55067414
mp-720079,-2.9081285,-2.9546316,0.068871,0.046503067,2.4513,2.5036314,0.29185227,0.052331448
mp-3120,-2.6464543,-2.6724672,0.06279549,0.026012897,0.3081,0.15148088,0.13512544,0.1566191
mp-774359,-2.858153,-2.906461,0.026870579,0.048307896,0.9625,1.4800962,0.13623023,0.51759624
mp-29312,-0.7637388,-0.8234228,0.05431698,0.05968398,1.7863,2.0768578,0.106214486,0.29055786
mp-769868,-1.5238023,-1.5313588,0.06673712,0.0075565577,4.0181,3.1308568,0.2182208,0.88724303
mp-1201887,-3.2546976,-3.243367,0.04740768,0.011330605,5.5322,5.744989,0.17371121,0.21278906
mp-753576,-2.3329115,-2.3220341,0.019942459,0.010877371,0.1541,0.6181862,0.36206225,0.46408617
mp-865200,-0.15382774,-0.27123562,0.031537037,0.11740787,0.0,0.023343945,0.02210853,0.023343945
mp-558841,-2.2973006,-2.3688016,0.014517458,0.07150102,2.4631,2.0321736,0.2149349,0.43092632
mp-864624,-0.67265683,-0.7059367,0.049098734,0.033279836,0.0,0.045498203,0.029546306,0.045498203
mp-1094961,0.039522056,-0.03287225,0.058742724,0.072394304,0.0,0.072803736,0.033683352,0.072803736
mp-1191040,-0.33967167,-0.367901,0.015072007,0.028229326,0.0,0.031505965,0.041609846,0.031505965
mp-1255651,-1.8863144,-1.9406874,0.052018207,0.054373026,2.6045,2.0869431,0.42735884,0.5175569
mp-580126,-0.74373,-0.8020114,0.07897973,0.058281362,0.0,0.049091935,0.02197401,0.049091935
mp-1184434,-0.47383246,-0.6981373,0.05611011,0.22430483,0.0,0.038254596,0.02422731,0.038254596
mp-863762,-0.9003727,-0.9520718,0.06027429,0.051699102,1.653,2.2076943,0.1539738,0.5546943
mp-7572,-2.402175,-2.31145,0.051795464,0.090724945,5.4889,6.171013,0.19908687,0.6821127
mp-1215701,-0.5782672,-0.5199454,0.0555747,0.058321834,1.1334,0.5193528,0.11051245,0.61404717
mp-13495,-0.6931006,-0.85847986,0.08173667,0.16537929,0.0,0.04234171,0.026653241,0.04234171
mp-1105859,-1.4712912,-1.4958231,0.031204887,0.02453196,0.0,0.073805094,0.08967177,0.073805094
mp-1523221,-2.9373074,-2.9201903,0.02594132,0.017117023,2.7759,2.5989883,0.22013286,0.17691159
mp-1029872,-0.863154,-0.8955139,0.080208585,0.032359898,0.0,0.17598632,0.14089657,0.17598632
mp-1217746,-0.24127454,-0.27950767,0.046590526,0.03823313,0.0,0.05925839,0.03361129,0.05925839
mp-1798,-0.05458834,-0.10137439,0.030626105,0.046786048,0.0,0.047204185,0.03452766,0.047204185
mp-19974,-0.050005157,-0.1360487,0.05697908,0.08604355,0.0,-0.0038532733,0.030456439,0.0038532733
mp-731713,-2.0435593,-2.0541153,0.0378788,0.010555983,0.7845,1.1736095,0.09447549,0.3891095
mp-1094591,-0.021552993,-0.043758202,0.048313756,0.02220521,0.0,0.03254361,0.05453432,0.03254361
mp-30152,-1.2805645,-1.3728006,0.048715074,0.09223604,0.0,0.095323585,0.061449006,0.095323585
mp-2033990,-1.84769,-1.9385408,0.03638283,0.09085083,5.1162,4.9161477,0.2957242,0.20005226
mp-1044005,-2.5248923,-2.4878373,0.044683617,0.037055016,0.2776,0.63179874,0.14481598,0.35419875
mp-560732,-3.9257138,-3.9306145,0.035316546,0.004900694,6.0585,6.3278775,0.19551195,0.2693777
mp-530102,-2.1100492,-2.115926,0.050441906,0.0058767796,0.0085,1.340063,0.29617938,1.331563
mp-8150,-0.6039185,-0.5365195,0.049627554,0.067398965,0.0,0.20005588,0.13240485,0.20005588
mp-558325,-3.0795145,-3.0653954,0.044371564,0.014119148,1.6128,1.2558141,0.14774378,0.35698593
mp-554433,-3.2206833,-3.1582973,0.048596602,0.062386036,4.7653,4.1422553,0.10607266,0.6230445
mp-1105883,-0.44611052,-0.44785053,0.048070494,0.0017400086,0.0,0.048785497,0.03122788,0.048785497
mp-15789,-2.094347,-2.06715,0.030177608,0.027196884,1.9347,1.7998621,0.13186319,0.13483787
mp-553932,-2.5926278,-2.5322673,0.0562172,0.06036043,4.448,3.831361,0.19375718,0.6166389
mp-867853,-0.27414525,-0.31760997,0.052958857,0.04346472,0.0,0.028018665,0.024673516,0.028018665
mp-760381,-0.26784134,-0.30797198,0.10065089,0.040130645,0.0,0.13180064,0.12246531,0.13180064
mp-759342,-2.9058871,-2.9214082,0.037446506,0.0155210495,2.1016,1.9778879,0.24451546,0.12371206
mp-1205450,-1.9907333,-1.8275541,0.112023525,0.16317916,0.0,0.080864474,0.057962038,0.080864474
mp-23934,-1.4407749,-1.4099696,0.07745385,0.03080535,5.3208,5.100241,0.26364726,0.22055864
mp-569753,-1.1147599,-1.1460714,0.06392881,0.031311512,0.0,0.06788661,0.20488961,0.06788661
mp-1215599,-0.84457356,-0.82495975,0.032968663,0.019613802,0.4508,0.118786216,0.092117086,0.3320138
mp-14794,-1.0907531,-1.111148,0.030886862,0.020394921,0.4376,0.7715275,0.20007847,0.33392754
mp-679997,-2.6576238,-2.6201625,0.072590634,0.03746128,3.5748,2.782213,0.5364842,0.79258704
mp-1007666,-0.9956049,-0.9290258,0.009327118,0.066579044,0.0,0.034188844,0.02756866,0.034188844
mp-2712691,-2.8857481,-2.884679,0.035271723,0.0010690689,3.2328,3.4614043,0.07093836,0.22860432
mp-1223854,-0.26748124,-0.29127112,0.06554075,0.023789883,0.0,0.025978614,0.033100445,0.025978614
mp-1193830,-0.35125297,-0.33377287,0.013402928,0.017480105,0.0,0.032966495,0.0346329,0.032966495
mp-1215813,-2.7800326,-2.7875025,0.034721937,0.0074698925,2.702,2.5223022,0.15824197,0.17969775
mp-570771,-0.2794357,-0.3032484,0.04336169,0.023812711,0.0,0.11808176,0.023798015,0.11808176
mp-541715,-0.9467945,-1.010298,0.045901727,0.063503504,0.601,0.91646415,0.1187542,0.31546414
mp-720299,-2.063618,-2.0704982,0.048212755,0.0068802834,0.8695,0.22588286,0.15020856,0.64361715
mp-1030106,-0.19926733,-0.31293193,0.06310946,0.1136646,0.5948,0.4195551,0.15168832,0.1752449
mp-556577,-1.9247563,-1.9115384,0.06602198,0.013217926,1.5102,1.784754,0.29486486,0.274554
mp-6342,-2.6315715,-2.605276,0.05684042,0.026295424,0.3111,0.20672615,0.15080075,0.10437386
mp-504549,-2.8738074,-2.9698677,0.043759152,0.096060276,0.6919,0.79573584,0.19965664,0.10383582
mp-1185830,-0.004060647,-0.058608152,0.035082623,0.054547504,0.0,0.07584043,0.065718524,0.07584043
mp-1104805,-0.65253776,-0.6430598,0.040437497,0.009477973,0.0,0.048588656,0.051348206,0.048588656
mp-28366,-0.61370283,-0.696765,0.09018765,0.08306217,0.0,0.06263848,0.019710729,0.06263848
mp-695403,-3.5649061,-3.5486875,0.046203386,0.016218662,1.9234,1.9716953,0.37092203,0.04829526
mp-985701,-1.4163172,-1.5011525,0.029710043,0.08483529,0.8362,2.083673,0.19000539,1.247473
mp-24566,-1.318761,-1.2833498,0.031038124,0.03541124,4.1474,3.7376087,0.22964904,0.40979123
mp-1215303,-2.5045056,-2.5015376,0.039230544,0.002968073,2.9641,3.0562778,0.15289824,0.09217787
mp-10970,-3.3216715,-3.2681427,0.035839904,0.053528786,4.1087,3.9765015,0.2927801,0.13219833
mp-1188031,-0.35045445,-0.31412423,0.043261543,0.036330223,0.0,0.04528413,0.016610807,0.04528413
mp-1225545,-0.33290043,-0.3672307,0.049501855,0.03433028,0.0,0.033384062,0.024652714,0.033384062
mp-1215216,-0.48864836,-0.46131143,0.043087646,0.027336925,0.0,0.048218228,0.039317824,0.048218228
mp-866170,-0.6416888,-0.70483005,0.051094413,0.06314123,0.0,0.028727984,0.038060337,0.028727984
mp-1185888,-0.73586464,-0.8474126,0.13386136,0.11154795,2.7759,3.082934,0.29251364,0.30703402
mp-25983,-2.502225,-2.4563591,0.033582557,0.045865774,3.0291,2.2783933,0.22855544,0.7507067
mp-554838,-1.6876384,-1.6854061,0.060902633,0.0022323132,2.7002,2.676477,0.1703539,0.023723125
mp-865652,-0.50696385,-0.53967625,0.041642044,0.0327124,0.0,0.03442824,0.016762707,0.03442824
mp-559450,-2.6277735,-2.6863077,0.17264135,0.058534145,3.1326,1.9240732,0.24588162,1.2085268
mp-1195224,-0.27842477,-0.31133002,0.02304224,0.03290525,0.1456,0.2033848,0.08163736,0.057784796
mp-1210727,-3.378115,-3.3030784,0.02618642,0.075036526,3.1478,3.7171898,0.13927792,0.5693898
mp-1218102,-2.7279317,-2.7449687,0.05007071,0.017036915,0.0,0.13239858,0.096625276,0.13239858
mp-1042006,-2.8886745,-2.845951,0.050003633,0.042723417,3.6233,2.5414684,0.6183556,1.0818317
mp-1133,-1.1369394,-1.213077,0.036837347,0.07613754,0.0,0.062284924,0.06304406,0.062284924
mp-1018711,-0.5227298,-0.5192479,0.05808686,0.0034819245,0.0,0.030572152,0.029004283,0.030572152
mp-680235,-2.2858546,-2.1281383,0.119854204,0.15771627,2.6359,2.753755,0.38321045,0.11785507
mp-27483,-1.8645346,-1.9028718,0.12834841,0.03833723,1.66,1.6948436,0.35629568,0.034843683
mp-29937,-3.3641794,-3.2928987,0.07231153,0.07128072,0.0,-0.0019299984,0.17277205,0.0019299984
mp-1192499,-2.565422,-2.5065675,0.03963107,0.05885458,2.2955,1.8672421,0.22262658,0.42825794
mp-774597,-2.1531854,-2.1426365,0.037455983,0.01054883,0.0,1.0087011,0.22075342,1.0087011
mp-30406,-0.3808849,-0.38304022,0.044464722,0.0021553338,0.0,-0.0017102718,0.04620342,0.0017102718
mp-1223229,-0.8846295,-0.86110324,0.046905052,0.023526251,0.0,0.007013154,0.05486141,0.007013154
mp-1079880,-0.71359444,-0.7857127,0.039722305,0.07211828,0.0,0.034112953,0.019094717,0.034112953
mp-1192185,-1.7924113,-1.8143498,0.03924422,0.021938443,0.3391,0.2739246,0.11276285,0.065175414
mp-1194602,-1.6521832,-1.621136,0.07305221,0.031047225,3.4984,3.604693,0.18048994,0.10629296
mp-1274697,-1.7064474,-1.7123554,0.019095926,0.0059080124,0.0,0.18994176,0.1329366,0.18994176
mp-755441,-2.6720967,-2.7191715,0.072652556,0.047074795,0.9818,0.63119686,0.18933009,0.35060316
mp-1183490,-0.55692524,-0.59931004,0.023944082,0.042384803,0.0,0.053926565,0.045440424,0.053926565
mp-1228269,-2.149651,-2.1333535,0.030185236,0.016297579,0.0,-0.14980154,0.28227547,0.14980154
mp-1071765,-1.2891638,-1.19925,0.06871596,0.089913845,0.0,0.044040777,0.042464525,0.044040777
mp-1212392,-0.62284774,-0.73017997,0.06460541,0.10733223,0.0,0.04494946,0.01545529,0.04494946
mp-18253,-2.5022361,-2.4627547,0.058361467,0.0394814,2.4346,2.7327552,0.13954103,0.29815507
mp-1157,-0.30562952,-0.39069074,0.039599095,0.08506122,0.0,0.043750882,0.050247476,0.043750882
mp-19895,-0.18841445,-0.23795848,0.04912022,0.04954402,0.0,0.04079027,0.015486522,0.04079027
mp-1214659,-2.5540187,-2.6271007,0.022900343,0.07308197,0.3,2.2147918,0.20141895,1.9147918
mp-18084,-3.2507515,-3.1851563,0.037767187,0.06559515,3.0506,3.1307602,0.2407298,0.08016014
mp-505235,-2.350182,-2.3143353,0.037397332,0.03584671,1.5977,2.0307322,0.065602355,0.43303216
mp-21014,-0.87443286,-0.8900336,0.02444074,0.015600741,0.0,0.03605151,0.028059587,0.03605151
mp-1102092,-1.9512926,-1.9116218,0.0421266,0.039670825,2.0944,2.282435,0.3517125,0.18803501
mp-23587,-2.387538,-2.3852699,0.07179097,0.002268076,4.3638,4.10843,0.23061672,0.25537014
mp-1069357,-0.361401,-0.41244578,0.046144646,0.051044792,0.0,0.027548026,0.024611317,0.027548026
mp-14090,-0.30041236,-0.50037134,0.0520658,0.19995898,0.0,0.14850828,0.087240815,0.14850828
mp-27642,-1.8846248,-1.7520298,0.07976605,0.13259506,1.9592,2.1494145,0.35553634,0.19021451
mp-1211902,-0.22360703,-0.21502265,0.05604625,0.00858438,0.0,0.035481572,0.02195673,0.035481572
mp-1177646,-2.2673044,-2.3030326,0.01771033,0.035728216,0.6622,0.44659853,0.095167175,0.21560144
mp-2714431,-3.0231788,-3.018415,0.038353052,0.0047638416,2.7804,2.687746,0.2073386,0.09265399
mp-972224,-0.5842122,-0.78515923,0.04827587,0.20094705,0.0,0.02899704,0.03774843,0.02899704
mp-541021,-0.37738585,-0.36201245,0.05329334,0.015373409,0.0,0.019184899,0.023361744,0.019184899
mp-27533,-0.25358,-0.31204787,0.0444935,0.058467865,0.0,0.012618398,0.030181808,0.012618398
mp-1220802,-1.4556642,-1.4520094,0.05220724,0.0036547184,3.3898826,3.2311873,0.20834683,0.15869522
mp-1197838,-1.395725,-1.4090354,0.046559203,0.013310432,1.2065,1.3678088,0.12493419,0.16130877
mp-1173386,-2.383347,-2.4470735,0.026046863,0.063726425,0.3192,0.30587393,0.16260476,0.013326079
mp-1222897,-2.6871483,-2.6519885,0.03977327,0.035159826,2.5534,2.6255965,0.4091528,0.07219648
mp-1188762,-0.72271407,-0.8273675,0.050364237,0.10465342,0.0,0.07008264,0.06179713,0.07008264
mp-541868,-1.1513753,-1.002381,0.05322818,0.14899433,0.0514,1.0967127,0.12623169,1.0453128
mp-973636,-0.5319726,-0.51025426,0.03483524,0.021718323,0.0,0.020935368,0.010543054,0.020935368
mp-560870,-2.7636702,-2.707607,0.0827187,0.056063175,3.9842,3.7261703,0.12153784,0.2580297
mp-17630,-2.394681,-2.439757,0.077131376,0.04507613,1.0965,0.6465786,0.09969744,0.44992143
mp-31493,-0.16880685,-0.14265874,0.038627364,0.02614811,0.164,0.17154565,0.20043895,0.00754565
mp-753092,-2.289902,-2.1792023,0.051559146,0.11069965,2.1682,2.4328587,0.099077836,0.2646587
mp-1101828,-1.7279079,-1.7155912,0.061366137,0.012316704,0.0285,0.33113936,0.127671,0.30263937
mp-1217181,-2.3561628,-2.3466723,0.030542988,0.00949049,2.0529,1.9142653,0.2486656,0.1386348
mp-1192405,-1.7570711,-1.7670269,0.06458494,0.009955764,0.5525,0.4614113,0.1768729,0.09108871
mp-650007,-1.7374135,-1.7637573,0.067560114,0.026343822,0.73194736,1.5160711,0.25150546,0.7841237
mp-1207947,-0.62446815,-0.679485,0.06815873,0.055016875,0.0,0.051975988,0.038531918,0.051975988
mp-1198236,-2.4068131,-2.3575969,0.013635415,0.04921627,1.5617,1.4496667,0.11327286,0.11203325
mp-24348,-2.4108658,-2.3780777,0.048445776,0.03278804,4.9887,4.306964,0.19228525,0.681736
mp-554784,-2.4678984,-2.4271672,0.03717788,0.04073119,1.5698,0.8358701,0.1382209,0.73392993
mp-505473,-0.2796809,-0.38521573,0.048917994,0.10553482,0.0,0.03248043,0.05659965,0.03248043
mp-19314,-2.7607276,-2.7422698,0.10000057,0.01845789,3.1083,2.7983477,0.5026534,0.30995226
mp-1222303,-2.0257041,-2.0461688,0.023038125,0.020464659,2.1019,1.8213221,0.16661312,0.28057802
mp-9216,-2.3155112,-2.276504,0.028526597,0.039007187,0.731,0.68483293,0.15099879,0.046167076
mp-2715312,-2.9207594,-2.9135644,0.020814499,0.007194996,3.1924,3.9375603,0.15053093,0.74516034
mp-569683,-0.1490907,-0.203293,0.03379425,0.05420229,0.0,0.022377754,0.03834763,0.022377754
mp-767605,-3.1717587,-3.144726,0.050494306,0.027032614,2.488,1.6238792,0.4847615,0.8641207
mp-17085,-3.8575187,-3.8499362,0.0563403,0.007582426,5.3336,5.357997,0.31303748,0.024396896
mp-1206785,-0.46598527,-0.51640666,0.05498963,0.050421387,0.0,0.043930054,0.008443205,0.043930054
mp-29920,-0.8579937,-0.77227974,0.10541352,0.08571398,0.8081,0.8160127,0.3798063,0.007912695
mp-1226963,-4.320661,-4.2519937,0.08407509,0.06866741,5.959,6.8587685,0.28392276,0.89976835
mp-1215412,-0.5116813,-0.44046646,0.059058867,0.071214855,0.0,0.06469991,0.044962548,0.06469991
mp-556158,-1.9117879,-1.937998,0.04516154,0.026210189,1.4179,1.4106702,0.24315685,0.007229805
mp-1214391,-3.4652438,-3.346407,0.063560046,0.11883688,1.4586,0.8607375,0.46913716,0.59786254
mp-27506,-1.6937122,-1.7049916,0.050834935,0.011279345,1.3375,0.7360505,0.11002788,0.6014495
mp-1222860,-2.5396276,-2.4605908,0.05599055,0.07903671,3.5681,1.4395713,0.62338185,2.1285286
mp-674339,-0.8058291,-0.80297613,0.034955714,0.0028529763,1.2149,2.1288476,0.16786127,0.9139476
mp-2716325,-3.0631783,-3.0484633,0.03147813,0.014714956,3.4093,3.0445602,0.11069953,0.3647399
mp-1215204,-1.5963755,-1.6051651,0.17106804,0.008789659,0.0,-0.07983403,0.16164245,0.07983403
mp-766394,-2.4238105,-2.4527555,0.049154226,0.02894497,0.6177,0.38296914,0.07491858,0.23473084
mp-16502,-0.3446537,-0.33735284,0.06886646,0.0073008537,0.0,0.032804012,0.021502905,0.032804012
mp-22987,-1.2086002,-1.2417138,0.047497034,0.0331136,1.4833,1.956393,0.22794884,0.47309303
mp-1094601,-0.023806948,-0.057177663,0.04150795,0.033370715,0.0,0.04169085,0.047363464,0.04169085
mp-2714495,-2.6534586,-2.671366,0.022637622,0.017907381,4.1427,3.744327,0.28675175,0.39837313
mp-1199158,-0.6811528,-0.710475,0.07786284,0.029322207,0.0,0.0261873,0.010984331,0.0261873
mp-697146,-1.4839762,-1.3763177,0.051840335,0.107658505,2.8829,2.8973126,0.32590547,0.0144126415
mp-772974,-2.604791,-2.6073225,0.055442594,0.0025315285,1.2383,1.3668827,0.17756027,0.12858272
mp-1203415,-3.5395503,-3.4524875,0.015058676,0.087062836,2.5605,2.0308785,0.20892626,0.52962136
mp-1198287,-2.5478082,-2.5469737,0.040407136,0.000834465,4.8556,4.22067,0.23369469,0.63492966
mp-1196178,-1.6789896,-1.703726,0.0430945,0.024736404,0.4484,1.546782,0.6075712,1.098382
mp-18601,-2.6523156,-2.5731812,0.039264128,0.079134464,1.165,0.68555593,0.11178577,0.47944403
mp-636978,-1.4369487,-1.4119091,0.09430438,0.025039554,0.0684,0.87184703,0.578206,0.803447
mp-1190438,-2.1429918,-2.0691,0.018439192,0.07389188,0.0109,0.11307214,0.22094493,0.102172144
mp-684506,-2.5330467,-2.53906,0.037337203,0.0060133934,4.6455,4.0033336,0.37422547,0.6421666
mp-1279561,-2.9707913,-3.0573668,0.027192058,0.08657551,0.0,1.3694556,0.48670384,1.3694556
mp-850131,-0.569829,-0.59066534,0.1236458,0.020836353,0.0,0.18540944,0.25852638,0.18540944
mp-1079775,-2.1186857,-2.1567273,0.07133167,0.03804159,1.7106,2.1743789,0.43095455,0.46377885
mp-554569,-2.9565969,-2.916081,0.05324114,0.0405159,2.3256,1.4962692,0.39660266,0.8293307
mp-557384,-3.20566,-3.2236152,0.059004556,0.017955065,2.2225,2.28347,0.36666834,0.06096983
mp-985626,-2.0315297,-1.9955076,0.027103333,0.036022067,0.85,1.5049562,0.35490718,0.6549562
mp-1183936,-0.007026442,-0.056327224,0.029364077,0.049300782,0.0,0.01281519,0.03542741,0.01281519
mp-1224662,-2.673524,-2.6480584,0.04059518,0.025465488,0.9151,2.3125882,0.2082182,1.3974882
mp-1114025,-1.5135983,-1.5676534,0.05928051,0.054055095,2.5701144,2.3145506,0.18619198,0.25556374
mp-1196425,-2.684385,-2.6466293,0.051899996,0.037755728,4.909094,4.6167407,0.23288538,0.29235315
mp-1192167,-1.1235012,-1.1275984,0.032237172,0.0040972233,6.3022,5.2865896,0.17177181,1.0156102
mp-1212841,-3.4261208,-3.3907592,0.049483504,0.03536153,2.7932,2.9661355,0.09658494,0.17293549
mp-1206318,-0.5939048,-0.6178706,0.03507673,0.023965836,0.0,0.04271636,0.032247975,0.04271636
mp-350,-0.9653274,-0.9801695,0.05926786,0.014842093,0.0,0.05500114,0.03041279,0.05500114
mp-1307940,-1.8458713,-1.8962771,0.04847781,0.05040574,0.1697,0.8079729,0.19253488,0.6382729
mp-1210393,-2.4325848,-2.4365754,0.04597173,0.00399065,0.0,3.0287075,0.16977872,3.0287075
mp-1203296,-1.2972336,-1.2445692,0.044660978,0.0526644,4.0371,3.552652,0.36185142,0.48444796
mp-1226860,-3.6899383,-3.8499508,0.084563725,0.16001248,0.0,0.76591444,0.27306077,0.76591444
mp-16305,-1.1892824,-1.1676295,0.018889222,0.021652937,0.0,0.034370184,0.06253791,0.034370184
mp-1040961,-2.3783693,-2.3990598,0.07622481,0.020690441,2.8369,1.3938621,0.38618436,1.4430379
mp-16088,-0.40485075,-0.3920096,0.032503605,0.012841165,0.0,0.033878397,0.020494431,0.033878397
mp-531036,-1.736108,-1.7610013,0.027482321,0.024893403,0.0,0.2306586,0.15034391,0.2306586
mp-26001,-2.4976885,-2.4618893,0.03600223,0.035799265,4.7448,3.965604,0.2307172,0.779196
mp-7614,-0.28590629,-0.31867856,0.025538664,0.032772273,0.7551,0.6960396,0.1849684,0.059060395
mp-754411,-2.6379375,-2.6598203,0.046518672,0.021882772,2.1364,1.3840358,0.26668265,0.75236416
mp-1178512,-1.9561944,-1.8274168,0.06971836,0.12877762,3.3694,3.1619232,0.1857879,0.20747685
mp-554529,-3.3977094,-3.242658,0.037894182,0.15505147,4.2635,3.323359,0.41654402,0.9401412
mp-770531,-2.382689,-2.3945878,0.08559424,0.011898756,0.8517,0.99746644,0.20348226,0.14576644
mp-778007,-2.4633262,-2.4527955,0.012929829,0.01053071,3.024,2.8587792,0.19228886,0.16522074
mp-865847,-0.90432113,-0.79464084,0.043525655,0.109680295,0.0,0.028968716,0.032192666,0.028968716
mp-1189617,-0.8274542,-0.8776453,0.07392715,0.050191104,0.2082,0.1354661,0.054262433,0.072733894
mp-1238893,-1.1047204,-1.148007,0.01708734,0.04328668,0.1827,0.09798501,0.0752762,0.08471499
mp-753713,-2.681313,-2.6698158,0.02895527,0.011497259,3.442,3.4536948,0.24284199,0.011694908
mp-186,0.005658455,-0.026748681,0.049743216,0.032407135,0.0,0.35430261,0.3155775,0.35430261
mp-9673,-0.4069481,-0.4888935,0.045631133,0.08194542,0.0803,0.33356854,0.15321122,0.25326854
mp-1226999,-0.5681227,-0.6126922,0.07532082,0.044569492,0.0,0.03218589,0.024038795,0.03218589
mp-1173723,-2.673855,-2.4963462,0.08522395,0.17750883,4.4043,1.759415,0.32792222,2.644885
mp-866059,-0.66018254,-0.6678121,0.04274469,0.0076295733,0.0,0.030208517,0.024086192,0.030208517
mp-1189916,-0.35436425,-0.3905236,0.05067018,0.036159366,0.0,0.018668985,0.023975672,0.018668985
mp-20472,-2.560104,-2.6086814,0.11592253,0.048577547,0.0,0.038706303,0.101296164,0.038706303
mp-758591,-2.1453927,-2.118283,0.017463634,0.027109623,0.4386,0.35430107,0.16142896,0.08429894
mp-775753,-2.474739,-2.4788203,0.03872773,0.0040812492,1.5478,1.80529,0.39641038,0.25749004
mp-971921,-0.573627,-0.5781656,0.0470369,0.0045385957,0.0,0.0459203,0.026575442,0.0459203
mp-1227099,-3.6050858,-3.5964265,0.022396931,0.008659363,0.0,0.52261436,0.51121294,0.52261436
mp-1411545,-0.5565473,-0.64542615,0.08298713,0.08887887,0.5086,0.33355245,0.16752817,0.17504755
mp-1193140,-0.74368125,-0.8741434,0.13222066,0.13046217,1.8662411,2.073405,0.21463819,0.20716393
mp-759097,-3.2183871,-3.1982296,0.05836901,0.020157576,1.6507,1.3537544,0.22876632,0.29694557
mp-581361,-2.8886495,-2.8010895,0.117131755,0.08755994,3.9044,0.14652659,0.28385016,3.7578735
mp-11549,-0.26956946,-0.37934798,0.07805478,0.10977852,0.0,0.010640216,0.015708596,0.010640216
mp-1265277,-3.0682778,-3.106894,0.031868573,0.03861618,1.1068,0.7311776,0.15035862,0.37562233
mp-1195353,-1.6374024,-1.6230462,0.048657585,0.0143562555,3.4034,3.3057694,0.23334984,0.0976305
mp-645695,-2.3173034,-2.193936,0.038397957,0.12336731,0.7841,0.5168991,0.15519334,0.2672009
mp-757031,-3.2730649,-3.2486415,0.09416986,0.02442336,3.3894,3.1423976,0.49388534,0.24700236
mp-1217531,-0.012628887,-0.18711802,0.045774024,0.17448914,0.0,0.01944151,0.050659105,0.01944151
mp-1222715,-2.799276,-2.8076148,0.044685703,0.00833869,3.1349,2.6301136,0.19186871,0.5047865
mp-19930,-2.5072122,-2.5913436,0.06566156,0.08413148,0.0,-0.040611338,0.11237215,0.040611338
mp-767709,-2.7334602,-2.744128,0.032562237,0.010667801,2.5783,2.3519053,0.23512176,0.22639465
mp-561500,-3.087069,-3.0760288,0.01908558,0.011040211,0.0,0.65141374,0.46147826,0.65141374
mp-1179520,-0.5901809,-0.6105046,0.05661162,0.020323753,0.0,0.019691873,0.018635496,0.019691873
mp-1245813,-1.6423224,-1.7019205,0.039113253,0.05959809,1.2516,1.1885228,0.34118444,0.06307721
mp-1105609,-0.5053796,-0.52401924,0.07763349,0.018639624,0.0,0.022848655,0.029327149,0.022848655
mp-1272866,-3.001545,-2.9949327,0.046291374,0.006612301,0.6817,1.0325743,0.39358678,0.3508743
mp-754751,-2.5825648,-2.6416867,0.02246478,0.059121847,2.0593,1.9385033,0.16728401,0.12079668
mp-709350,-2.4584727,-2.4454327,0.061389316,0.013040066,3.2622,3.3698704,0.065503344,0.10767031
mp-1101870,-1.0627933,-1.0014317,0.038592353,0.06136155,0.0,0.035733677,0.04321058,0.035733677
mp-638685,-2.2918777,-2.2037864,0.0774798,0.08809137,1.0355,0.3134138,0.19175309,0.72208625
mp-768077,-2.2402616,-2.2346458,0.02624468,0.005615711,2.4229,1.6232176,0.22351085,0.7996824
mp-12876,-1.7436297,-1.7294124,0.047640786,0.0142172575,0.0,0.16852248,0.07325137,0.16852248
mp-22668,-2.5912073,-2.5779147,0.06270235,0.013292551,0.0,0.648599,0.14412725,0.648599
mp-20036,-2.2621207,-2.3066173,0.04587622,0.044496536,0.0,0.35701272,0.107916564,0.35701272
mp-1222520,-2.1892817,-2.1781318,0.029551577,0.011149883,0.8615,0.96083987,0.09078905,0.09933984
mp-17924,-2.434977,-2.3651776,0.03411925,0.06979942,4.2572,3.5334976,0.16280696,0.7237022
mp-1646544,-2.141396,-2.13479,0.025656734,0.006606102,0.8854,0.69425,0.03984537,0.19115001
mp-1197467,-1.3225435,-1.2254188,0.054229945,0.097124696,2.0219,1.5246234,0.20638639,0.49727654
mp-673071,-2.5352159,-2.5319943,0.05171832,0.0032215118,3.7003,3.8849416,0.19755505,0.1846416
mp-552547,-2.1210284,-2.043813,0.066980384,0.07721543,2.8711,2.552689,0.14575493,0.31841087
mp-554018,-3.3469439,-3.2892997,0.08871699,0.05764413,5.2405,4.670569,0.26863882,0.56993103
mp-2714953,-2.9135315,-2.870191,0.035658218,0.043340445,3.594,4.049155,0.08225457,0.45515513
mp-865979,-0.23841576,-0.31138518,0.019213753,0.07296942,0.0,0.025220823,0.049020022,0.025220823
mp-780738,-1.032608,-1.0638468,0.09090675,0.031238794,0.0,0.9184531,0.2779573,0.9184531
mp-1216784,-1.3682282,-1.3461258,0.0426376,0.022102356,0.0,0.08690016,0.027284922,0.08690016
mp-1080141,-0.9586868,-0.84916747,0.086399704,0.10951936,0.8843101,0.32741147,0.27879617,0.55689865
mp-1201202,-0.04554933,-0.14327815,0.041588344,0.09772882,0.1409,0.124804065,0.064316995,0.016095936
mp-754472,-2.754892,-2.623448,0.17099139,0.13144422,2.5567,1.1694815,0.39067942,1.3872185
mp-510084,-0.8589068,-0.7969122,0.042148,0.061994612,0.0,0.013551879,0.02339961,0.013551879
mp-1173584,-1.9152797,-1.8898098,0.02881908,0.0254699,0.0,0.42718905,0.15011948,0.42718905
mp-1329,-1.679725,-1.6461474,0.029514803,0.03357768,0.0,0.12285433,0.09118653,0.12285433
mp-1184409,-0.20245583,-0.2779208,0.02880778,0.07546498,0.0,0.027750421,0.030989366,0.027750421
mp-866193,-0.41194743,-0.35591564,0.06909298,0.056031793,0.0,0.03983121,0.032878164,0.03983121
mp-1104467,-0.34245127,-0.37368932,0.02603059,0.03123805,0.0,0.023425866,0.017511383,0.023425866
mp-1195470,-2.8365867,-2.8387163,0.070228055,0.0021295547,1.9192009,2.1932197,0.10903904,0.27401876
mp-505085,-2.2992213,-2.214638,0.10698771,0.08458328,0.6678,0.30731007,0.15943716,0.36048993
mp-30817,-0.6666604,-0.6617797,0.054139983,0.0048807263,0.0,0.10309474,0.0680078,0.10309474
mp-651024,-2.674596,-2.6440208,0.058108404,0.030575275,3.9375,3.5428586,0.23532698,0.3946414
mp-1228652,-0.6036759,-0.62457275,0.06596622,0.020896852,2.164,2.0141463,0.42324954,0.1498537
mp-1205647,-0.7517575,-0.6823257,0.04485505,0.06943178,0.0,0.031108927,0.040883984,0.031108927
mp-755826,-1.6551458,-1.618429,0.052426446,0.03671682,0.0,0.15774193,0.06890685,0.15774193
mp-569983,-0.2866405,-0.3770899,0.028655594,0.09044939,0.0,0.006102085,0.055404317,0.006102085
mp-27569,-1.5456693,-1.5525048,0.10628977,0.0068354607,0.563,1.0252538,0.2400441,0.46225375
mp-10848,-0.40359473,-0.61144906,0.04459457,0.20785433,0.0,1.0288436,0.20131864,1.0288436
mp-560771,-3.5375152,-3.5345314,0.052010354,0.0029838085,0.0,0.93108433,0.5358228,0.93108433
mp-573425,-0.13563605,-0.21621032,0.06966633,0.080574274,0.0,0.0504555,0.025503853,0.0504555
mp-2911499,-0.85545003,-0.80877244,0.06384284,0.04667759,0.0,0.03148396,0.031360775,0.03148396
mp-19750,-3.0136092,-3.0357766,0.035163328,0.022167444,2.2586,2.2886117,0.13350853,0.030011654
mp-5207,-2.9739676,-2.9491024,0.041652914,0.02486515,5.1585,5.15951,0.21109416,0.0010099411
mp-626151,-2.9654264,-2.9679072,0.053529073,0.0024807453,4.055,3.7698598,0.22020882,0.28514004
mp-680112,-0.82497275,-0.8559992,0.018950582,0.031026423,2.3322,2.5313485,0.07702076,0.19914842
mp-1177071,-2.6583748,-2.6229777,0.024543773,0.035397053,1.5876,1.0628798,0.14651126,0.5247202
mp-754042,-1.3150913,-1.2874231,0.021681013,0.027668118,1.2286,0.5257379,0.089873575,0.70286214
mp-1113896,-3.2935553,-3.3410988,0.049663853,0.047543526,3.8447,4.989939,0.355496,1.1452391
mp-1223244,-0.65007335,-0.6550492,0.071693,0.0049758554,0.0,0.041698337,0.03769613,0.041698337
mp-17223,-2.43385,-2.3964605,0.030621808,0.037389517,2.2862,0.73248976,0.23202409,1.5537102
mp-1103252,-0.46219748,-0.3263789,0.029745132,0.13581857,0.0,0.015100074,0.023284921,0.015100074
mp-1079744,-0.6643823,-0.6975695,0.056488164,0.03318721,0.0,0.050093867,0.020158911,0.050093867
mp-2767730,-1.3784695,-1.3768966,0.07398475,0.0015728474,0.0,0.05999949,0.061468724,0.05999949
mp-29011,-0.35464627,-0.36650968,0.050931923,0.0118634105,0.0,0.101989314,0.05962725,0.101989314
mp-972238,-0.55128497,-0.621002,0.050875515,0.06971705,0.0,0.02620933,0.033148002,0.02620933
mp-1112505,-2.0014358,-1.962458,0.022480411,0.038977742,3.9209256,3.2395492,0.30481434,0.68137646
mp-5267,-0.31081393,-0.3608048,0.055225406,0.049990863,0.0,0.027184416,0.027185345,0.027184416
mp-14607,-2.0307362,-2.0100307,0.044672463,0.020705462,1.7859,1.4962045,0.5199565,0.2896955
mp-1103021,-0.604621,-0.48852324,0.10473495,0.11609775,0.0,0.034959435,0.0109660635,0.034959435
mp-6198,-2.971813,-2.9763005,0.0609871,0.0044875145,3.8803,3.662291,0.22428322,0.218009
mp-1221062,-3.4007924,-3.414634,0.044065222,0.013841629,1.064,1.8379265,0.4026007,0.7739265
mp-1225869,-0.02988859,-0.06724272,0.04945617,0.037354127,0.0,0.01052084,0.03519939,0.01052084
mp-715557,-2.1395028,-2.1444569,0.034470025,0.0049540997,0.7279,0.49371058,0.19895437,0.23418945
mp-865893,-0.1781139,-0.2524741,0.053069495,0.07436021,0.0,0.024169898,0.018234422,0.024169898
mp-29914,-0.74496764,-0.74990636,0.06872127,0.0049387217,0.0,0.06629751,0.045134842,0.06629751
mp-1106056,-0.16486321,-0.28543645,0.06675273,0.12057324,0.0,0.0947217,0.030395692,0.0947217
mp-2715047,-2.483333,-2.4421344,0.016815003,0.04119873,4.2297,3.7179284,0.33138022,0.5117717
mp-1195485,-0.75264615,-0.6449137,0.078525096,0.107732475,2.2796,1.8689106,0.09400702,0.41068935
mp-1227881,-0.33987546,-0.38402614,0.05109518,0.04415068,0.0,0.045992732,0.021401403,0.045992732
mp-7027,-2.458592,-2.3221116,0.070152156,0.13648033,2.6556,2.5207736,0.51510394,0.13482642
mp-1228901,-0.029985953,-0.1841686,0.057493802,0.15418266,0.0,0.03156519,0.009417384,0.03156519
mp-697038,-0.532134,-0.52774996,0.04158954,0.004384041,1.8728,1.8983955,0.327086,0.025595546
mp-729576,-2.6396956,-2.6426566,0.008703439,0.0029609203,1.8656,2.2765212,0.13163134,0.41092122
mp-753613,-2.5885863,-2.490732,0.061250515,0.097854376,3.6122,1.930486,0.24193145,1.681714
mp-568186,-0.30021513,-0.3457772,0.1024738,0.04556209,0.0,0.02247343,0.026570471,0.02247343
mp-768615,-2.8401282,-2.801621,0.09844269,0.038507223,3.8064,3.418509,0.4170193,0.38789105
mp-27505,-0.001731923,-0.08683517,0.023790028,0.08510324,0.0,0.021682953,0.031351324,0.021682953
mp-5723,-0.6447182,-0.7077054,0.038645927,0.06298715,0.0,0.043423533,0.06426084,0.043423533
mp-567959,-0.5823116,-0.4775076,0.027636835,0.10480398,0.0,0.06874695,0.035808723,0.06874695
mp-29222,-3.3779337,-3.338094,0.053717863,0.039839745,4.5119,4.4363527,0.17264958,0.07554722
mp-4200,-3.3543155,-3.3840027,0.10686596,0.029687166,4.4887,4.834736,0.50873345,0.34603596
mp-704408,-2.210986,-2.1556892,0.052688822,0.05529666,1.9921,1.4437369,0.41558403,0.5483631
mp-1202506,-1.4442596,-1.4164441,0.051747236,0.02781558,0.625,0.37442565,0.20698614,0.25057435
mp-1113047,-2.1166227,-2.085794,0.04023558,0.030828714,3.1875377,3.471347,0.15891251,0.28380942
mp-756769,-2.1097205,-2.1309543,0.042816646,0.021233797,1.1597,2.5213583,0.26631877,1.3616582
mp-1195885,-1.3111671,-1.2521759,0.020316826,0.058991194,0.0,0.01888063,0.024816789,0.01888063
mp-645425,-1.3561165,-1.3609079,0.06680929,0.004791379,0.0122,0.2218895,0.14137672,0.2096895
mp-1201475,-0.14514522,-0.21092418,0.04102487,0.065778956,0.0,0.07271297,0.03958051,0.07271297
mp-1207450,-0.043227945,-0.11348362,0.03400058,0.07025568,0.0,0.041517712,0.0339286,0.041517712
mp-1218103,-0.22964725,-0.28041407,0.027548287,0.050766826,0.0,0.05027766,0.055619497,0.05027766
mp-1194657,-0.22783668,-0.29801518,0.055382196,0.070178494,0.0,0.058371328,0.030536765,0.058371328
mp-975997,-0.24169402,-0.29212698,0.06315729,0.050432965,0.0,0.06048434,0.06601531,0.06048434
mp-1214794,-0.48735762,-0.4430682,0.031293575,0.04428941,0.733541,0.5182973,0.1460206,0.2152437
mp-1194870,-2.5820308,-2.5523105,0.04827053,0.029720306,4.258,3.4633777,0.2014761,0.7946222
mp-754283,-2.9816363,-2.9180908,0.06924341,0.063545465,4.5225,4.0997915,0.14332645,0.4227085
mp-14424,-1.7522207,-1.7200038,0.054793812,0.032216907,4.149,3.3785663,0.15575652,0.7704339
mp-1405146,-2.144335,-2.2159073,0.08847953,0.071572304,1.7363577,1.595092,0.30454317,0.14126563
mp-1206769,-0.39864212,-0.4383503,0.05669948,0.039708167,0.0,0.053316474,0.03002998,0.053316474
mp-5338,-1.5024297,-1.5164922,0.04214717,0.014062524,3.9227,3.8148704,0.38897753,0.10782957
mp-555390,-1.9259745,-1.6343448,0.1261331,0.29162967,2.4501,1.413068,0.58174014,1.0370319
mp-1186469,-0.60857975,-0.6057523,0.042437278,0.0028274655,0.0,0.038818836,0.04410559,0.038818836
mp-721727,-1.512985,-1.5424303,0.05901036,0.02944529,3.9223,4.6999655,0.2616868,0.7776654
mp-540050,-2.327649,-2.3377926,0.04195159,0.010143518,1.5595,1.6117363,0.22286235,0.05223632
mp-1113733,-3.0135133,-2.956012,0.06370741,0.057501316,5.2691,5.55504,0.46851474,0.2859397
mp-1199935,-1.1378468,-1.1868225,0.03557595,0.048975706,1.5867,1.1994586,0.20506704,0.38724136
mp-12635,-0.31120986,-0.41256943,0.059425447,0.101359576,0.0,0.030060004,0.040776774,0.030060004
mp-1211829,-2.5156903,-2.5245683,0.044808272,0.008877993,0.4685,2.0492527,0.47685227,1.5807527
mp-12947,-0.17811486,-0.22433074,0.031805065,0.046215877,0.0,0.035164427,0.03696439,0.035164427
mp-1227106,-3.2699902,-3.2861474,0.041982282,0.01615715,4.7023,3.8731666,0.14477126,0.8291335
mp-2092,-0.8212443,-0.82866764,0.049599823,0.0074233413,0.0,0.017629433,0.024894387,0.017629433
mp-11227,-0.07210412,-0.18198788,0.051776156,0.10988376,0.0,0.08046317,0.045964707,0.08046317
mp-554004,-0.9616857,-0.962961,0.028827054,0.001275301,2.7371,2.367811,0.17640501,0.36928892
mp-21564,-3.1626635,-3.165094,0.07580994,0.002430439,0.0,1.4979914,0.4519843,1.4979914
mp-606644,-0.06378906,-0.14660771,0.048991103,0.08281865,1.0585,1.0292523,0.13058122,0.02924776
mp-2714030,-2.109984,-2.1424518,0.039176248,0.032467842,3.0137,3.3648114,0.3796079,0.3511114
mp-867628,-2.0562508,-2.1544566,0.063762516,0.098205805,0.108,0.15414198,0.06352929,0.046141975
mp-1185028,-0.12865339,-0.19132677,0.07120028,0.062673375,0.0,0.029975295,0.05259389,0.029975295
mp-2714241,-2.4895024,-2.5121107,0.058331016,0.02260828,3.6603,4.119202,0.25616643,0.45890212
mp-1176511,-2.6706276,-2.6604478,0.042151283,0.010179758,0.0,-0.18482085,0.11476728,0.18482085
mp-16092,-0.40893227,-0.4087295,0.034410294,0.000202775,0.0,0.034870815,0.018975083,0.034870815
mp-771977,-2.8586233,-2.836322,0.06649777,0.022301197,3.5638,3.8349252,0.19269964,0.27112508
mp-28823,-1.0039289,-1.1290132,0.06413945,0.12508428,0.7464,0.8949726,0.08836768,0.14857262
mp-684627,-3.9333446,-3.8730445,0.07045007,0.06030011,0.0,0.72356784,0.1773055,0.72356784
mp-1200999,-0.6006707,-0.6490256,0.043623976,0.048354924,0.0,0.067859076,0.048253056,0.067859076
mp-1229138,-2.0318334,-2.0031495,0.044179022,0.0286839,0.0,0.05099962,0.07376349,0.05099962
mp-1044564,-2.0194287,-2.0153384,0.08651912,0.004090309,2.3477,1.7118095,0.37559888,0.6358906
mp-2221,-0.10917207,-0.21503782,0.097107425,0.105865754,0.0,0.009466219,0.030750036,0.009466219
mp-1186622,-0.30864054,-0.86567384,0.07358551,0.5570333,0.0,0.07085733,0.24114023,0.07085733
mp-1223590,-2.5754514,-2.5166144,0.06632035,0.058836937,1.847,1.8091892,0.13461822,0.037810802
mp-24151,-0.8012219,-0.7979742,0.066909485,0.0032476783,0.0,-0.008627081,0.1162424,0.008627081
mp-752800,-2.6861975,-2.6894512,0.038138945,0.0032536983,1.8653,1.355942,0.28721103,0.50935805
mp-7938,-1.408758,-1.4392966,0.04117462,0.030538559,0.8124,0.15515907,0.07119776,0.6572409
mp-22164,-0.60473365,-0.6429885,0.04186118,0.038254857,0.0,0.03483064,0.04254192,0.03483064
mp-570362,-0.33457494,-0.420492,0.042938687,0.085917056,0.0,0.047823645,0.028482195,0.047823645
mp-2712696,-2.1584778,-2.1946266,0.016689401,0.036148787,2.0644,1.9898465,0.3673185,0.07455349
mp-570936,-0.28101054,-0.26708302,0.07661324,0.013927519,0.0,0.05199485,0.016773317,0.05199485
mp-1227479,-3.4077415,-3.3833706,0.05371369,0.024370909,4.898952,4.4971075,0.28933823,0.4018445
mp-11185,-0.87062234,-0.9715284,0.028930483,0.100906074,0.0,0.03547647,0.03298329,0.03547647
mp-28763,-1.0515195,-0.9731466,0.050819285,0.078372896,0.1608,0.052267887,0.07422806,0.10853211
mp-1041805,-2.4358895,-2.4410872,0.08494014,0.0051977634,1.5949,1.226847,0.12630846,0.36805296
mp-2714142,-2.5098984,-2.4563534,0.07833547,0.053545,3.8249,3.3244777,0.42724386,0.50042224
mp-1092225,-2.3854742,-2.4362342,0.058332283,0.05076003,0.0,0.7842478,0.2618768,0.7842478
mp-21089,-0.45092708,-0.5243424,0.07105192,0.07341534,0.0,0.034332942,0.03273263,0.034332942
mp-1111447,-2.1579478,-2.2005188,0.04788011,0.042571068,2.4365444,2.51187,0.17171991,0.07532549
mp-1516964,-3.4444163,-3.356554,0.05690245,0.08786225,2.9054,2.3468032,0.070984066,0.55859685
mp-760318,-1.6303947,-1.5698718,0.05810334,0.060522914,1.7893,1.104471,0.3410645,0.684829
mp-561944,-1.5937917,-1.5706306,0.046574853,0.023161173,0.0,-0.057107758,0.18066683,0.057107758
mp-504747,-1.6560742,-1.6684452,0.049798623,0.012371063,0.1159,0.039102387,0.072003804,0.07679762
mp-864629,-0.46711448,-0.39189082,0.06326456,0.075223655,0.0,0.022494053,0.019634057,0.022494053
mp-778364,-2.5487645,-2.5455918,0.06300412,0.003172636,3.4136,3.6177807,0.17154004,0.20418072
mp-555825,-3.153179,-3.1479352,0.028405303,0.005243778,4.6001,4.4745307,0.21419606,0.12556934
mp-19051,-2.5966098,-2.6170993,0.039466705,0.020489454,1.0014,0.27592558,0.08701061,0.7254744
mp-1190002,-0.5631365,-0.5875781,0.05171701,0.0244416,0.0,0.039705373,0.03682947,0.039705373
mp-1202080,-1.5055649,-1.4386792,0.042228278,0.06688571,3.6936,3.7094643,0.15173577,0.015864372
mp-2712989,-2.490462,-2.4589086,0.050746348,0.031553507,1.9083,1.2331022,0.19628157,0.67519784
mp-4732,-0.3660241,-0.27378988,0.029008642,0.092234224,0.0,0.040743016,0.0116433725,0.040743016
mp-1019786,-2.648207,-2.5834846,0.039172184,0.0647223,4.2633,3.990907,0.092605844,0.272393
mp-1187686,0.00076366623,-0.0039043427,0.052938607,0.004668009,0.0,0.009584332,0.031171259,0.009584332
mp-1237669,-1.9047806,-2.0393236,0.072132476,0.13454294,0.7241,0.2594575,0.14677148,0.4646425
mp-1223582,-1.710808,-1.7027104,0.047892958,0.008097649,2.0856347,3.54455,0.32436538,1.4589152
mp-1218039,-0.46194783,-0.5574465,0.035387285,0.09549865,0.0,0.030487586,0.03226114,0.030487586
mp-1192065,-0.6878702,-0.6598482,0.07793656,0.028021991,0.0037,-0.0019005298,0.1005505,0.0056005297
mp-1209897,-0.9822771,-0.9877614,0.0316548,0.005484283,0.0,0.5544215,0.04417528,0.5544215
mp-1225599,-0.33217472,-0.3369306,0.03552483,0.0047558844,0.0,0.022605062,0.021702595,0.022605062
mp-1208672,-2.273027,-2.2351468,0.025863845,0.037880182,2.2472,1.8913553,0.26772898,0.35584474
mp-1019745,-3.1949265,-3.1538672,0.043746337,0.041059256,4.7685,4.237914,0.24377665,0.53058577
mp-1102559,-0.9593208,-1.0428833,0.029249888,0.08356249,0.0,0.104628086,0.083166875,0.104628086
mp-640922,-0.91654056,-0.98921144,0.04921196,0.07267088,0.0,0.044788074,0.023366963,0.044788074
mp-20855,-0.31035647,-0.34250173,0.051115222,0.03214526,0.0,0.04591489,0.035997305,0.04591489
mp-1211648,-2.263987,-2.1850166,0.08660072,0.07897043,4.5780115,4.763035,0.26468694,0.18502331
mp-1095289,-1.2360927,-1.1137303,0.07074379,0.122362375,1.0806125,0.581802,0.2074195,0.49881053
mp-1226791,-0.5502657,-0.5338167,0.05046196,0.016449034,0.0,0.032815672,0.03239738,0.032815672
mp-760125,-1.4085057,-1.4801339,0.0655525,0.07162821,0.8426,1.3446372,0.4377424,0.50203717
mp-554714,-3.4485204,-3.4556842,0.21637075,0.007163763,0.0,0.62550706,0.39009085,0.62550706
mp-352,-4.019811,-3.950583,0.07927189,0.06922817,4.0162,4.0195894,0.2837441,0.0033893585
mp-625,-0.12516913,-0.22977898,0.07377766,0.10460985,0.0,0.00401597,0.022095952,0.00401597
mp-767740,-2.6275601,-2.6193314,0.058145445,0.008228779,2.3138,1.421664,0.16668834,0.8921361
mp-767552,-2.6011467,-2.5260375,0.020371437,0.07510924,4.2902,4.047941,0.17519532,0.24225903
mp-1222565,-2.7294836,-2.7000735,0.02669554,0.029410124,5.8739,4.920308,0.9622934,0.9535918
mp-1185831,0.031716496,-0.08860028,0.033560038,0.12031677,0.0,0.09101538,0.09281279,0.09101538
mp-2712857,-2.6336033,-2.617455,0.042352628,0.016148329,2.4661,2.7785695,0.23326205,0.31246948
mp-1354190,-1.7815979,-1.8493065,0.021143295,0.06770861,1.1538,0.30535808,0.10756657,0.84844196
mp-1186430,-0.09053384,-0.22754887,0.034308054,0.13701503,0.0,0.027189111,0.022420576,0.027189111
mp-540786,-1.9394448,-1.9820311,0.036730494,0.042586327,0.0,0.3257212,0.18455365,0.3257212
mp-1210695,-2.0450432,-2.0266788,0.031524725,0.01836443,0.0,0.44021177,0.09658754,0.44021177
mp-1220865,-2.012343,-2.0308003,0.029956909,0.018457413,0.0,0.42917544,0.33297604,0.42917544
mp-23487,-1.366623,-1.3924649,0.07925808,0.025841832,2.7868,2.9226081,0.17946772,0.13580823
mp-865713,-0.42485398,-0.3833769,0.07631774,0.041477084,0.0271,0.097347185,0.08346773,0.07024719
mp-864627,-0.3956809,-0.47442636,0.034575514,0.078745455,0.0,0.08016825,0.064842775,0.08016825
mp-34460,-0.09499694,-0.2268349,0.1477857,0.13183796,1.5634,0.57880795,0.495033,0.9845921
mp-26126,-2.5092647,-2.505608,0.034495823,0.0036566257,1.8317,1.811327,0.39768136,0.020372987
mp-758482,-1.7259573,-1.6530387,0.029907946,0.072918534,1.6562,1.5472085,0.14072557,0.1089915
mp-2715890,-2.740233,-2.7393758,0.023637272,0.0008571148,3.4762,3.1561608,0.105389476,0.32003927
mp-1220634,-0.13931121,-0.15945432,0.051773682,0.020143107,0.0,0.025003219,0.018906547,0.025003219
mp-11558,-0.26059005,-0.25288278,0.040581103,0.007707268,0.0,0.02033205,0.030044664,0.02033205
mp-765476,-3.966479,-3.9357924,0.04475173,0.030686617,4.0041,3.4410949,0.20745139,0.563005
mp-1101018,-2.496709,-2.4562736,0.07230687,0.040435553,2.3108,2.2146251,0.28626874,0.096174955
mp-684111,-1.242458,-1.3514181,0.06819626,0.10896015,0.0,0.14713535,0.07450894,0.14713535
mp-978526,-0.22294736,-0.2001648,0.04864888,0.022782564,6.1296,4.632604,0.25514108,1.4969959
mp-1196651,-1.6900233,-1.7427715,0.024016993,0.052748203,0.8041,0.83963287,0.1687963,0.03553289
mp-1101970,-0.30533713,-0.289471,0.08879899,0.01586613,0.0,0.023139501,0.023180803,0.023139501
mp-1173792,-3.035973,-2.9982247,0.050315548,0.037748337,0.0,3.7432868,0.15725525,3.7432868
mp-631194,-1.0738058,-0.9914428,0.10240121,0.08236301,0.0,0.06598375,0.04162425,0.06598375
mp-568959,-1.543513,-1.4656795,0.05175671,0.077833414,0.0,0.024968958,0.056828555,0.024968958
mp-865037,-0.16235839,-0.28054053,0.047054715,0.11818214,0.0,0.032503176,0.030816305,0.032503176
mp-1227293,-2.4116101,-2.4401953,0.060941737,0.028585196,1.396886,1.8972235,0.3550533,0.5003375
mp-17446,-2.9047759,-2.8164256,0.068330705,0.088350296,2.4352,2.0961456,0.43203747,0.33905435
mp-1197126,-0.16015111,-0.26373428,0.046360936,0.10358317,0.0,0.03903241,0.034163952,0.03903241
mp-1304367,-1.475937,-1.4449298,0.04356817,0.03100717,0.6377,0.40535504,0.13889238,0.23234499
mp-27908,-0.15898743,-0.18841398,0.07738521,0.029426545,0.0,0.05188117,0.08963426,0.05188117
mp-2457,-3.9572487,-3.8375447,0.05515712,0.11970401,3.9422,4.227906,0.24161226,0.28570628
mp-18504,-0.92854553,-0.8753952,0.06104011,0.053150356,0.6161,0.39022085,0.066816315,0.22587916
mp-1210630,-1.6624068,-1.6747227,0.0887883,0.012315869,0.951,0.45664772,0.1504475,0.49435225
mp-555363,-2.6157393,-2.6356359,0.039166972,0.019896507,2.87,3.2294602,0.10675328,0.35946035
mp-1177684,-2.6346793,-2.6171925,0.019905228,0.01748681,0.0398,0.5976491,0.2379409,0.5578491
mp-1077428,-0.17699085,-0.18343909,0.06835679,0.006448239,0.0,0.04474337,0.051601503,0.04474337
mp-721592,-3.4096177,-3.402567,0.039731424,0.0070507526,0.0,2.4901109,0.6905647,2.4901109
mp-1193265,-0.9961772,-1.0235306,0.034247432,0.027353406,1.9982022,1.2956932,0.22879973,0.70250905
mp-1106294,-2.4332485,-2.3790762,0.04996227,0.054172277,1.0688,0.739938,0.1942506,0.32886195
mp-21606,-0.6117032,-0.59435064,0.029272763,0.017352581,0.0,0.032497264,0.022650514,0.032497264
mp-757279,-1.5717334,-1.493124,0.028407253,0.07860935,0.0,0.21169738,0.16089532,0.21169738
mp-568628,-1.1759143,-1.2325462,0.0838711,0.056631923,2.7002,3.0465996,0.26217172,0.34639955
mp-1193739,-1.633846,-1.589691,0.051435143,0.044155,4.7808,4.8857837,0.20021744,0.10498381
mp-1203539,-2.3657265,-2.3827758,0.030929346,0.017049313,2.7112,2.8445644,0.13718365,0.13336444
mp-1019109,-0.685595,-0.7696053,0.039089326,0.0840103,0.0,0.038274694,0.023730597,0.038274694
mp-1441,-0.9756557,-0.9613782,0.097510174,0.014277458,0.0,0.2685275,0.6660802,0.2685275
mp-12978,-2.0905106,-1.97041,0.045449123,0.12010062,0.9699,1.6688321,0.40625525,0.69893205
mp-1226873,-0.6822855,-0.68962413,0.033633668,0.007338643,0.0,0.027909756,0.03662941,0.027909756
mp-777960,-2.1953132,-2.183563,0.027121756,0.011750221,1.0192,0.9302395,0.080995634,0.08896047
mp-1220877,-2.9918482,-2.9940517,0.039469518,0.0022034645,2.083958,1.8395641,0.23277794,0.24439383
mp-1203322,-1.7767906,-1.8106263,0.08338284,0.03383565,6.049,5.9620876,0.21301603,0.086912155
mp-865041,-0.95698386,-0.95835,0.06182659,0.0013661385,0.0,0.026192546,0.05149112,0.026192546
mp-1219946,-0.39053422,-0.41303673,0.06594834,0.022502512,0.0,0.026531149,0.02375629,0.026531149
mp-773104,-2.41229,-2.4160087,0.042326234,0.0037186146,0.0,0.083374664,0.081028216,0.083374664
mp-757398,-1.7036729,-1.652437,0.062210813,0.051235914,2.5922,4.0615525,0.13843276,1.4693525
mp-672204,-0.40038067,-0.3037832,0.0689052,0.09659746,0.3929,0.065550014,0.043577034,0.32734996
mp-1068782,-0.66343606,-0.7258126,0.057933867,0.06237656,0.0,0.03162632,0.032029904,0.03162632
mp-561272,-3.3289554,-3.2419686,0.06613566,0.08698678,3.8249,3.790594,0.21709557,0.03430581
mp-753554,-2.3548493,-2.2944596,0.041600395,0.060389757,2.9865,1.8521475,0.20311245,1.1343526
mp-766014,-2.50293,-2.4842079,0.03420404,0.018722057,2.3823,1.5465088,0.22757588,0.8357911
mp-677055,-1.2852978,-1.3408992,0.021176472,0.055601478,0.6572,0.710291,0.11421223,0.05309105
mp-6948,-1.3149112,-1.3978846,0.06645947,0.08297336,2.1322,1.9180858,0.22746752,0.21411419
mp-567201,-0.1143506,-0.18604751,0.0782666,0.07169691,0.0,0.04109166,0.064631864,0.04109166
mp-2712654,-2.7761416,-2.771166,0.03971765,0.0049755573,3.8269,3.6936245,0.061634574,0.13327551
mp-1212781,-3.34161,-3.355247,0.058842413,0.013637066,0.3907,0.2476409,0.14068069,0.14305912
mp-570564,-1.5498085,-1.6374203,0.05304417,0.087611794,0.0,0.9921215,0.18999292,0.9921215
mp-1221762,-1.4637531,-1.4926016,0.08390481,0.028848529,0.0,0.11411693,0.16066806,0.11411693
mp-1186591,-0.45946753,-0.5588032,0.05077202,0.09933567,0.0,0.022755671,0.017720656,0.022755671
mp-17035,-2.9475188,-2.9138827,0.060232673,0.033636093,4.2975,4.0442114,0.27013654,0.25328875
mp-561177,-3.3383284,-3.3223197,0.0650814,0.016008615,3.2389,3.5275292,0.2955748,0.2886293
mp-1419473,-0.23683137,-0.36021978,0.041184492,0.12338841,0.0,0.045167066,0.023696573,0.045167066
mp-1185484,-0.51011,-0.4262252,0.055745978,0.083884835,0.0,0.03889475,0.030918695,0.03889475
mp-1212341,-0.5338889,-0.58349913,0.07736736,0.049610257,0.0,0.05347707,0.027777465,0.05347707
mp-32527,-2.5161083,-2.547392,0.05985009,0.031283617,0.9562,1.29137,0.14072108,0.33517003
mp-757111,-2.3327818,-2.2935257,0.1483189,0.039256096,2.5195,2.7715042,0.25991228,0.25200415
mp-1196334,-2.811612,-2.8052382,0.044021938,0.006373644,2.2615,2.628564,0.3246103,0.367064
mp-1210155,-1.6742318,-1.5786953,0.08425811,0.09553647,4.992,4.501624,0.17826647,0.490376
mp-527,-0.30921182,-0.35338086,0.04281085,0.04416904,0.0,0.030101467,0.010945888,0.030101467
mp-5714,-0.5165209,-0.58382785,0.067425884,0.067306936,0.0,0.026629686,0.037041016,0.026629686
mp-977353,-0.384937,-0.25498486,0.011173003,0.12995213,0.0,0.015197778,0.014676696,0.015197778
mp-14485,-3.4335449,-3.447171,0.038139302,0.013626099,3.1166,2.528056,0.35548887,0.58854413
mp-1227415,-0.42456964,-0.5592394,0.05336223,0.13466975,0.0,0.14652757,0.12176648,0.14652757
mp-8871,-2.2240252,-2.1669865,0.046347756,0.057038784,3.247,2.9651065,0.45493117,0.2818935
mp-864894,-0.44213817,-0.48449364,0.09440757,0.042355478,0.0,0.08819716,0.0729666,0.08819716
mp-1101538,-2.4596808,-2.4613318,0.045994606,0.0016510487,0.004,0.86225337,0.17125058,0.85825336
mp-2591,-1.569914,-1.64153,0.11858023,0.07161605,0.0,0.011304927,0.13752691,0.011304927
mp-759662,-2.6716752,-2.648873,0.04218196,0.022802114,1.236,0.7757203,0.06316587,0.46027964
mp-15073,-2.9058406,-2.7255301,0.09403499,0.18031049,4.296,-0.12751395,0.3174594,4.423514
mp-22978,-1.9540907,-1.9387585,0.04182261,0.015332222,1.2877,0.9447198,0.4024712,0.34298027
mp-1188114,-0.34116378,-0.38981095,0.08370533,0.048647165,0.0,0.057665873,0.03635514,0.057665873
mp-761169,-1.5532483,-1.586424,0.04103638,0.033175707,1.9089,2.3614306,0.08499515,0.45253062
mp-1245698,-0.4216302,-0.42440867,0.055590354,0.0027784705,0.0,0.44099593,0.17555256,0.44099593
mp-567442,-0.8265693,-0.8508463,0.015325646,0.024276972,2.348,2.4840217,0.10491523,0.13602161
mp-567408,-0.8030669,-0.77909917,0.05721303,0.023967743,0.0,0.031655908,0.026914313,0.031655908
mp-600000,-3.256907,-3.260643,0.03383411,0.0037360191,5.4117,5.78212,0.16292995,0.37042046
mp-1104074,-0.7883116,-0.8473903,0.08851098,0.059078693,0.0,0.15181808,0.07319107,0.15181808
mp-561197,-3.5696201,-3.606439,0.1615223,0.03681898,5.5366,6.1118145,0.4828341,0.5752144
mp-1190230,-1.882859,-1.8618721,0.093550436,0.020986915,3.3372,4.098024,0.25578496,0.76082397
mp-17894,-1.3541778,-1.3121703,0.06404189,0.042007565,2.1861,1.5648515,0.121542536,0.6212485
mp-1181730,-1.8379451,-1.8791739,0.032914482,0.04122877,0.0,0.020753646,0.08651207,0.020753646
mp-2713274,-2.6435506,-2.6622357,0.021018635,0.018685102,3.2403,3.291806,0.14164744,0.051506042
mp-872,-0.7026439,-0.63362586,0.055010367,0.06901801,0.0,0.0713356,0.020192342,0.0713356
mp-1173910,-1.9315159,-1.9501835,0.036403283,0.018667579,0.8774,0.5512742,0.031931587,0.3261258
mp-865868,-0.6858775,-0.6579069,0.0886702,0.027970612,0.0,-0.0012301445,0.056415014,0.0012301445
mp-1105799,-0.76148844,-0.80790055,0.032526404,0.04641211,0.0,0.012177396,0.036179874,0.012177396
mp-30639,-0.06267894,-0.089712545,0.06292717,0.027033605,0.0,0.029160213,0.05195404,0.029160213
mp-770900,-1.8215288,-1.843858,0.054002807,0.022329211,1.0809,0.8744003,0.23937227,0.20649964
mp-1195837,-0.15498343,-0.19745989,0.043946207,0.04247646,0.0,0.085967496,0.05178089,0.085967496
mp-18151,-1.4357456,-1.4248742,0.03458634,0.01087141,1.3561,0.91076165,0.1645696,0.4453383
mp-1217944,-2.2719114,-2.2083871,0.066505164,0.063524246,2.719,2.5685456,0.10076762,0.15045452
mp-759601,-2.3570457,-2.3685317,0.049628764,0.0114860535,1.2198,0.45930323,0.16919617,0.76049674
mp-1227420,-2.4819798,-2.4445615,0.023541685,0.037418365,0.7937042,0.41866654,0.086913176,0.37503767
mp-26669,-2.5983253,-2.5824432,0.038014904,0.015882015,3.1693,2.6054053,0.19897419,0.56389475
mp-1227425,-0.7182402,-0.7409884,0.04379958,0.022748172,2.0872,1.9644734,0.09477533,0.12272656
mp-1180167,-0.33867398,-0.30463642,0.05271547,0.03403756,5.6405,5.748675,0.27996156,0.1081748
mp-23804,-0.39694998,-0.46160513,0.103101164,0.064655155,1.914,1.2438858,0.40545833,0.6701143
mp-21379,-0.80019504,-0.7739885,0.08097913,0.026206553,0.0,0.039541148,0.025176525,0.039541148
mp-27894,-0.5321982,-0.55679095,0.04893688,0.024592757,0.0,0.038023543,0.056395307,0.038023543
mp-1290397,-2.5621908,-2.5713656,0.02074596,0.009174824,1.3366,2.0088277,0.17862245,0.67222774
mp-23431,-0.8082269,-0.89443606,0.10504908,0.08620918,1.8996,1.6385028,0.2458395,0.2610972
mp-1213163,-2.6355548,-2.60735,0.021613652,0.02820468,3.2159,3.181521,0.13936463,0.034379005
mp-2767254,-1.4192524,-1.2899173,0.06725359,0.12933505,3.5791,3.6387646,0.13138086,0.059664726
mp-2712879,-2.699694,-2.6882908,0.013501075,0.011403084,2.772,2.7832534,0.1204647,0.011253357
mp-1210573,-2.9762864,-2.9255564,0.051161535,0.05072999,2.6639,2.4997377,0.31705186,0.16416216
mp-560068,-1.3770576,-1.5688255,0.07506524,0.19176793,3.7504,3.8445163,0.38641053,0.09411621
mp-755620,-1.173886,-1.2519298,0.033260457,0.07804382,0.0,0.6681749,0.056331363,0.6681749
mp-972639,-0.73441833,-0.8722453,0.07323406,0.13782698,0.0,0.034294225,0.040209044,0.034294225
mp-1186516,0.028237218,0.0047941925,0.046916407,0.023443025,0.0,0.00493412,0.060455628,0.00493412
mp-777568,-2.5174959,-2.5085478,0.017359205,0.008948088,0.0479,0.40941897,0.2951839,0.36151898
mp-1183517,-0.23807858,-0.27054927,0.047379363,0.03247069,0.0,0.036160756,0.032005616,0.036160756
mp-2712919,-2.9795697,-2.9587789,0.0491778,0.020790815,3.2857,3.324447,0.20898986,0.038746834
mp-652196,-0.6148253,-0.5857285,0.026841609,0.029096782,0.5673,0.5468823,0.074927896,0.02041775
mp-510482,-0.6237881,-0.68794024,0.045030456,0.06415212,0.0,0.052872874,0.061436452,0.052872874
mp-989229,-1.1145093,-1.1215854,0.07386798,0.007076025,5.2195,5.403613,0.20455292,0.18411303
mp-1224537,-2.782505,-2.7786572,0.063712694,0.0038478374,2.5972,2.1850863,0.14106041,0.41211367
mp-555385,-2.8805277,-2.8711488,0.059035014,0.00937891,2.9771,2.3798268,0.3046531,0.5972731
mp-637196,-0.25862184,-0.27282703,0.08227656,0.014205188,2.1357,3.3955574,0.5471347,1.2598574
mp-19155,-1.2996591,-1.2264616,0.076107785,0.073197484,1.9133,1.76369,0.17039832,0.14961004
mp-1229172,-1.1291327,-1.1145369,0.047039565,0.014595866,0.3699281,0.931707,0.13519706,0.5617789
mp-831262,-2.5067396,-2.4719107,0.0333079,0.0348289,2.9334,2.5441258,0.2308403,0.38927412
mp-559348,-3.3346567,-3.2841268,0.03751315,0.050529957,4.1173,3.9944496,0.2779861,0.12285042
mp-5858,-2.0025463,-2.0301898,0.16472268,0.027643442,2.2005,1.3601025,0.16138218,0.8403975
mp-721562,-2.1887374,-2.160278,0.059482694,0.02845931,5.0482,5.4347763,0.14034884,0.38657618
mp-696944,-1.8865174,-1.8431234,0.07181609,0.04339397,3.5935,0.5975622,0.31060758,2.9959378
mp-1221111,-0.10820272,-0.14016876,0.035661057,0.031966038,0.0,0.037197042,0.033585876,0.037197042
mp-1189206,-0.5594721,-0.5972849,0.047080167,0.03781283,0.0,0.035064172,0.06581234,0.035064172
mp-1105563,-0.64372206,-0.6498539,0.07236907,0.006131828,0.0,0.07191489,0.089698434,0.07191489
mp-1195000,-2.5006485,-2.475919,0.040032633,0.02472949,4.0248,3.4498093,0.15915015,0.5749905
mp-669367,-2.3129365,-2.313006,0.090327166,6.937981e-05,5.5127,5.0502653,0.17575821,0.46243477
mp-1228731,-2.5505042,-2.5215116,0.046355773,0.028992653,2.5090032,3.1376793,0.15512806,0.6286762
mp-1147723,-1.0611734,-1.0410354,0.039344605,0.020138025,2.7102,2.664714,0.057687644,0.045485973
mp-1112157,-2.417603,-2.3931363,0.045094162,0.024466753,1.9584,0.29746047,0.3186005,1.6609396
mp-2716080,-2.697107,-2.676176,0.03765724,0.020931005,2.4332,2.8637402,0.24930945,0.43054032
mp-8346,-3.0906315,-3.0647788,0.049443796,0.02585268,3.7065,3.9166512,0.15450048,0.2101512
mp-3785,-0.5782344,-0.51955736,0.034084592,0.058677018,0.5556,0.7358296,0.13205521,0.1802296
mp-1185432,-0.1591542,-0.17606309,0.03886589,0.016908884,0.0,0.06209588,0.0534688,0.06209588
mp-770722,-2.5856304,-2.5764408,0.027777849,0.009189606,0.8381,0.7197173,0.16242504,0.11838269
mp-26555,-2.5445893,-2.5358968,0.03559998,0.008692503,0.9181,1.0466983,0.12612954,0.12859833
mp-21766,-1.3021458,-1.3073981,0.028363198,0.005252242,1.687,1.57507,0.21715878,0.11193001
mp-31277,-0.15945989,-0.14892761,0.03093616,0.010532275,0.0,0.023675775,0.010857486,0.023675775
mp-1104241,-0.384606,-0.35833132,0.04818924,0.026274681,3.8467,3.4704094,0.39690697,0.37629056
mp-1077777,-0.82767546,-0.8442631,0.081829704,0.016587615,0.0,0.024308275,0.038373582,0.024308275
mp-753688,-1.4596357,-1.4604256,0.07563039,0.00078988075,0.0,0.19779703,0.120002836,0.19779703
mp-28497,-1.9163111,-1.871414,0.04473817,0.0448972,0.0,0.30096287,0.2074979,0.30096287
mp-1225642,-0.4477794,-0.5435974,0.06048942,0.09581801,0.0,0.011830663,0.0519482,0.011830663
mp-5489,-3.7538898,-3.7802472,0.03418116,0.026357412,4.3218,3.9904304,0.2217244,0.33136988
mp-757620,-2.9647348,-2.953693,0.050939113,0.01104188,1.8347,1.8867782,0.16548815,0.052078247
mp-1094580,-0.0077435407,-0.045568727,0.03602036,0.037825186,0.0,0.04173956,0.07018142,0.04173956
mp-680170,-1.3237758,-1.3870896,0.046509046,0.06331384,0.83218217,0.8370493,0.05775695,0.0048671365
mp-1211822,-2.0940585,-2.055472,0.02382396,0.038586617,2.2285035,2.6825671,0.26207477,0.45406365
mp-505750,-0.8762014,-0.90486926,0.035526995,0.028667867,1.0337,1.2831476,0.11490718,0.24944758
mp-27686,-2.3405216,-2.3267589,0.061595876,0.0137627125,2.7139,2.564528,0.30434376,0.1493721
mp-1185583,0.015688512,-0.03664565,0.03069837,0.052334163,0.1108,0.13326791,0.053867966,0.022467911
mp-625468,-2.300207,-2.2828999,0.020843972,0.017307043,5.0249,4.834186,0.14036857,0.19071388
mp-540996,-2.9731407,-2.9766285,0.08026647,0.0034878254,4.0083,3.8012981,0.23491222,0.20700169
mp-16179,-0.92852193,-0.9255201,0.07915529,0.0030018091,0.5996,0.45238534,0.16918483,0.14721468
mp-27441,-0.9884635,-0.9273636,0.06590783,0.061099946,1.4451,1.5252178,0.17390017,0.08011782
mp-30907,-0.35310024,-0.38067898,0.035116285,0.027578741,0.0,0.027292395,0.028675074,0.027292395
mp-1104964,-0.61105067,-0.695142,0.042821195,0.084091306,0.0,0.042343378,0.054224897,0.042343378
mp-1186359,-0.6055126,-0.6043509,0.05473419,0.0011616945,0.0,0.024344707,0.017500924,0.024344707
mp-554435,-1.8074521,-1.7116476,0.04808454,0.09580445,1.9795,1.9391487,0.1111699,0.04035139
mp-24818,-0.3241705,-0.25537074,0.0361008,0.068799764,4.8836,4.166279,0.49318156,0.7173214
mp-1189357,-1.9514936,-2.0115652,0.03503419,0.060071588,4.035,4.626845,0.20939086,0.59184504
mp-1101900,-0.15631136,-0.23213986,0.03626519,0.07582849,0.0,0.025230575,0.038348485,0.025230575
mp-1219593,-3.3643894,-3.2249465,0.0506631,0.13944292,1.8523,2.0898938,0.36092085,0.23759377
mp-1201646,-1.67997,-1.770414,0.05526891,0.09044397,2.7075,1.7948782,0.26602238,0.91262174
mp-1029610,-0.84906197,-0.82978314,0.037299268,0.019278824,0.0,0.0891964,0.07717446,0.0891964
mp-1228988,-0.07247453,-0.1144099,0.05356325,0.04193537,0.0,0.041578986,0.018841268,0.041578986
mp-606617,-2.001678,-1.946162,0.100502454,0.055516005,0.0694,0.55514747,0.24347742,0.48574746
mp-1215241,-0.16940871,-0.22480957,0.04465842,0.055400863,0.0,0.028370667,0.029415427,0.028370667
mp-1544909,-0.48823735,-0.49304062,0.03756796,0.00480327,0.0,0.032589674,0.052510608,0.032589674
mp-1028589,-0.31698465,-0.40491357,0.0641057,0.08792892,0.2663,0.6223748,0.16420916,0.35607478
mp-1190622,-2.4299839,-2.3725913,0.067951724,0.057392597,3.1313,1.8632009,0.36225295,1.2680991
mp-1068217,-0.5842393,-0.6381628,0.054796696,0.053923488,0.0,0.0638227,0.037732862,0.0638227
mp-758262,-1.9681002,-1.9831976,0.04290252,0.01509738,0.2103,1.2460709,0.22067662,1.0357709
mp-1185679,-0.008014348,-0.06321859,0.036958285,0.055204246,0.0,0.07298684,0.029343938,0.07298684
mp-1201687,-2.4964776,-2.4844742,0.048571687,0.012003422,2.4039,2.5541859,0.18890475,0.15028596
mp-1217302,-0.7532277,-0.7106446,0.04207583,0.042583108,0.0,0.070218325,0.05275684,0.070218325
mp-862919,-0.47481823,-0.411858,0.063041255,0.06296024,0.0,0.04086683,0.03552399,0.04086683
mp-1190199,-1.7524008,-1.8127238,0.04182487,0.060323,0.423,1.4297435,0.22167729,1.0067436
mp-1194165,-2.892587,-2.889956,0.07763801,0.002630949,4.1759,4.4143386,0.1435068,0.2384386
mp-1221500,-0.77711797,-0.8575037,0.04438927,0.080385745,0.2439,0.36565864,0.09782952,0.12175864
mp-10138,-0.48778546,-0.5326913,0.052921955,0.04490584,0.0,0.011796546,0.024507523,0.011796546
mp-629690,-0.72129786,-0.69384295,0.02658767,0.027454913,0.5656,0.80266225,0.07855873,0.23706228
mp-971922,-0.4384645,-0.4856418,0.07816912,0.047177315,0.0,0.027656173,0.006938983,0.027656173
mp-980001,0.028412657,0.035553336,0.02158338,0.0071406793,0.0,-0.009788799,0.036765475,0.009788799
mp-1214096,-2.3915431,-2.3493996,0.022200601,0.042143583,1.7077,1.3490202,0.10973295,0.35867977
mp-1210796,-2.2674055,-2.1851153,0.03534294,0.08229017,2.6899,1.5197065,0.2791735,1.1701934
mp-5986,-3.4903214,-3.5068126,0.0824619,0.016491175,1.7237,2.1438217,0.41695434,0.42012167
mp-1209174,-2.6387548,-2.5605893,0.041608356,0.07816553,5.1392,4.9633703,0.24429418,0.17582989
mp-560742,-2.8544898,-2.8214793,0.07134865,0.033010483,3.4372,2.7240324,0.8552612,0.71316767
mp-9062,-1.159465,-1.4250063,0.14195865,0.26554132,1.5781,2.1782312,0.24324624,0.6001313
mp-1208827,-2.8024287,-2.798109,0.032502506,0.004319668,2.774,2.7046957,0.15454876,0.06930423
mp-5682,-0.8566889,-0.79626083,0.050632734,0.060428083,0.0,0.10427263,0.109962784,0.10427263
mp-1189116,-0.20926127,-0.16375303,0.0850404,0.045508236,0.0,0.029854655,0.034470942,0.029854655
mp-1216075,-2.8591583,-2.9115126,0.098780945,0.052354336,0.0,0.288986,0.17287007,0.288986
mp-1266342,-3.1346428,-3.106212,0.0310306,0.028430939,4.0624,3.8483748,0.12583558,0.21402502
mp-979417,-0.29980993,-0.39833075,0.06875481,0.098520815,0.0,0.03401668,0.026385935,0.03401668
mp-1045492,-1.4689927,-1.5014414,0.07901328,0.03244865,0.0,0.23627241,0.15355702,0.23627241
mp-6368,-2.1832938,-2.266686,0.09128508,0.08339214,4.4253,3.6185336,0.28080717,0.8067665
mp-752602,-1.1721728,-1.0965776,0.05146331,0.07559514,2.8714,2.4545128,0.27088806,0.41688728
mp-753246,-1.993573,-2.021646,0.08179984,0.028073072,0.0,1.733827,0.21930727,1.733827
mp-867918,-0.43422517,-0.3741053,0.04832113,0.060119867,0.0,0.032060813,0.030139707,0.032060813
mp-758825,-2.5070417,-2.4754746,0.060332503,0.031567097,2.9924,1.9634606,0.18125007,1.0289394
mp-1177616,-2.6413333,-2.6203651,0.032507468,0.020968199,0.4903,0.67488277,0.18790056,0.18458277
mp-28066,-2.0857077,-1.988334,0.10951566,0.097373724,2.6396,1.237318,0.5176694,1.402282
mp-1188107,-0.8322174,-0.87404615,0.05462963,0.04182875,0.0,0.055748604,0.044165563,0.055748604
mp-1205920,-0.735171,-0.739108,0.07431465,0.003937006,0.0,0.040571142,0.027805595,0.040571142
mp-1221239,-2.4990764,-2.6183372,0.060131557,0.11926079,0.9989013,3.3425736,0.37369823,2.3436723
mp-21294,-0.49457613,-0.4504859,0.03357968,0.04409024,0.0,0.017492985,0.021028448,0.017492985
mp-1104172,-0.43282738,-0.52568567,0.0670457,0.092858285,0.0,0.038689304,0.02507343,0.038689304
mp-15521,-0.39421263,-0.41139856,0.036196817,0.017185926,0.0923,0.09044242,0.08712947,0.0018575788
mp-754088,-2.056438,-2.0455766,0.040216573,0.010861397,1.6734,1.1990185,0.23014224,0.47438157
mp-558400,-2.8888333,-2.9858277,0.038934506,0.0969944,0.0,1.5209577,0.21706042,1.5209577
mp-17012,-1.3475654,-1.1550664,0.068625644,0.19249904,1.5154,0.9837977,0.30416545,0.5316023
mp-770622,-2.183537,-2.1400087,0.027115159,0.04352832,1.3271,0.9196003,0.082357,0.40749973
mp-1183561,-0.31296018,-0.39766014,0.051439505,0.08469996,0.0,0.055348895,0.049623482,0.055348895
mp-16334,-0.19735737,-0.1484989,0.047527943,0.04885848,0.0,0.023972655,0.027580256,0.023972655
mp-1214749,-1.7011143,-1.6618563,0.03126084,0.039258003,2.9898,2.9098923,0.0676425,0.079907656
mp-2716420,-2.4159439,-2.4333344,0.016568363,0.01739049,2.3904,2.6269836,0.30812716,0.23658371
mp-27160,-1.3374519,-1.2524655,0.0843969,0.08498645,0.0,0.67611796,0.20023341,0.67611796
mp-1211130,-0.614422,-0.67842996,0.043014113,0.06400794,0.0,0.029239248,0.02025771,0.029239248
mp-17518,-1.3632823,-1.292197,0.044936452,0.071085334,2.4598,1.665415,0.34235162,0.79438496
mp-772210,-2.4650044,-2.4914532,0.054827556,0.026448727,3.4779,3.7326226,0.40715435,0.2547226
mp-1078397,-2.095541,-2.2191546,0.061196715,0.123613596,0.868,1.358511,0.09980208,0.490511
mp-1221990,-2.6727927,-2.6727166,0.13231473,7.605553e-05,1.8579,1.4855269,0.44805086,0.3723731
mp-22596,-0.47579512,-0.4967423,0.06487916,0.020947188,0.0,0.07150438,0.08197494,0.07150438
mp-680356,-1.1006272,-1.0300547,0.050742496,0.070572495,1.5707,2.1864026,0.24797161,0.6157025
mp-37108,-2.3894212,-2.4100833,0.048230477,0.02066207,2.1032,2.2356508,0.16884674,0.13245082
mp-1183466,-0.90691847,-0.88598394,0.035329353,0.020934522,0.0,0.037060283,0.039324746,0.037060283
mp-756599,-3.247844,-3.2680721,0.10353886,0.020228148,3.033,3.2995327,0.3868932,0.26653266
mp-9467,-3.2746305,-3.2391574,0.07628291,0.03547311,5.1503,4.3385553,0.253532,0.8117447
mp-1196284,-0.35486072,-0.4566017,0.042787638,0.101740986,0.0,0.03965471,0.019256478,0.03965471
mp-601371,-0.77047276,-0.7991215,0.07229371,0.028648734,0.0,0.032234598,0.026659414,0.032234598
mp-24413,-0.31679648,-0.33726114,0.03907875,0.020464659,2.8483,3.060489,0.27240616,0.21218896
mp-557473,-2.0869758,-2.0366588,0.07419894,0.05031705,3.1502,2.9385045,0.1997598,0.21169543
mp-774715,-3.2053983,-3.163232,0.06415694,0.042166233,2.4504,2.0119414,0.25537404,0.43845868
mp-761527,-2.617832,-2.6163695,0.052969683,0.0014624596,3.4354,3.0636296,0.2526291,0.37177038
mp-17577,-1.0008564,-0.9391858,0.08120166,0.0616706,0.7394,0.42171645,0.2239279,0.31768358
mp-27904,-0.52925676,-0.6106678,0.08369026,0.08141106,0.547,0.14175029,0.041986752,0.4052497
mp-2017426,-3.544652,-3.6460438,0.0359551,0.10139179,3.7874,3.1617668,0.36918464,0.62563324
mp-1191636,-2.2010317,-2.0950375,0.08243336,0.105994225,1.6462,2.5702844,0.28725618,0.9240844
mp-556892,-1.7889543,-1.7229894,0.04135939,0.06596482,2.7352,1.2485955,0.2965324,1.4866045
mp-1214529,-2.848131,-2.7865856,0.06000446,0.061545372,0.0,0.024466658,0.097966015,0.024466658
mp-11824,-1.2054235,-1.2797152,0.1874682,0.074291706,0.8056,0.80242443,0.22421199,0.0031755567
mp-1186749,-0.45048958,-0.5865058,0.06688696,0.13601619,0.0,0.020098139,0.013655831,0.020098139
mp-4022,-0.86179084,-0.8736327,0.03400772,0.011841893,0.0,0.022407984,0.04509306,0.022407984
mp-1226085,-0.64306915,-0.6695711,0.031908646,0.026501954,0.0,0.06924937,0.07491315,0.06924937
mp-1079680,-2.3558812,-2.334084,0.043675836,0.02179718,1.806,0.92749965,0.14356054,0.87850034
mp-1095270,-2.4480836,-2.2971876,0.07409832,0.15089607,1.3826,0.44391108,0.083435595,0.9386889
mp-1192739,-2.4525228,-2.3968425,0.039601866,0.055680275,2.1336,2.1933439,0.19085541,0.05974388
mp-1186944,-0.6723174,-0.6498368,0.04472139,0.022480607,0.0,0.028497124,0.01684883,0.028497124
mp-22616,-1.2813296,-1.3479373,0.1701357,0.06660771,1.852,2.3826313,0.5626885,0.5306313
mp-755284,-2.8799522,-2.8857803,0.03801745,0.005828142,0.9814,0.9773423,0.20218207,0.0040577054
mp-1225739,-0.15301937,-0.17221446,0.039039746,0.019195095,0.0,0.020603633,0.022049382,0.020603633
mp-777333,-2.6768017,-2.6429358,0.04277419,0.03386593,1.0937,0.7216982,0.068955064,0.37200183
mp-29273,-2.3710887,-2.352106,0.06679655,0.018982649,2.8625,2.7237346,0.17650731,0.13876534
mp-729903,-1.6461481,-1.5658303,0.04563308,0.080317736,4.1099,4.2162704,0.19120526,0.10637045
mp-1104877,-1.4023082,-1.3501859,0.0427444,0.052122355,0.0,0.017561555,0.026029037,0.017561555
mp-754850,-1.5515039,-1.6267115,0.0400837,0.07520759,0.0,0.19402722,0.1122727,0.19402722
mp-1211797,-0.68539286,-0.74672055,0.083460025,0.061327696,0.0,0.047638915,0.029642938,0.047638915
mp-673692,-1.9349172,-1.8960451,0.08171507,0.038872123,0.0026,0.5557126,0.29503566,0.55311257
mp-1237009,-1.8971443,-1.978677,0.022513546,0.08153272,2.2621,1.3350177,0.38353875,0.9270823
mp-567359,-0.8268307,-0.8508767,0.015343258,0.024046004,2.264,2.4842744,0.104656115,0.22027445
mp-6860,-2.603312,-2.5962136,0.037720855,0.0070984364,4.9929,4.723167,0.15635061,0.26973295
mp-1064843,-0.3401131,-0.3571041,0.06996847,0.01699099,0.0,0.01992333,0.011911934,0.01992333
mp-30317,-0.7242595,-0.7761601,0.04960489,0.051900625,0.0,0.18431383,0.113989525,0.18431383
mp-1214316,-2.8706002,-2.7612839,0.071707256,0.10931635,0.0,0.07805836,0.08380098,0.07805836
mp-7660,-2.7869744,-2.7441242,0.06056433,0.042850256,0.0,0.83956957,0.25580806,0.83956957
mp-1185500,-0.2923546,-0.33118376,0.03893155,0.038829148,0.0,-0.0033128976,0.030357487,0.0033128976
mp-1769,-0.43195546,-0.28040197,0.044799738,0.15155348,0.0,0.009306979,0.035573207,0.009306979
mp-7478,-3.0873976,-3.093097,0.04696992,0.005699396,3.6636,3.48429,0.2593958,0.17931008
mp-19181,-3.1341844,-3.06853,0.040913258,0.06565428,0.0,0.45830137,0.5067468,0.45830137
mp-583071,-0.3661859,-0.44814605,0.03614429,0.08196014,3.3102,2.688451,0.40055424,0.6217489
mp-1219034,-0.50173146,-0.30598602,0.002763058,0.19574544,0.0,0.032444976,0.06459369,0.032444976
mp-764002,-2.420023,-2.462665,0.055825736,0.042642117,1.5337,1.3999211,0.28620243,0.13377893
mp-764481,-2.5905585,-2.5652347,0.030005625,0.025323868,1.4209,1.0039189,0.099213526,0.4169811
mp-17188,-0.21980792,-0.28032428,0.058156602,0.060516357,0.0,0.057669498,0.033596035,0.057669498
mp-28075,-3.0576754,-2.9972377,0.03904508,0.06043768,3.2006,3.005737,0.32071823,0.19486284
mp-1188512,-0.53809595,-0.5119583,0.07502686,0.02613765,0.0,0.07584815,0.06327923,0.07584815
mp-556670,-1.4788249,-1.4795564,0.05060919,0.0007315874,4.4475,3.8325768,0.32689744,0.6149235
mp-1219385,-0.6326903,-0.6588139,0.03721042,0.026123583,0.0,0.022669911,0.026648125,0.022669911
mp-1025678,-0.16284311,-0.29541835,0.07119032,0.13257524,0.6236,0.4693306,0.15084358,0.1542694
mp-20764,-2.1891613,-2.204625,0.08311151,0.015463591,0.0,0.13212088,0.10454435,0.13212088
mp-1177082,-3.027781,-2.9536083,0.05029627,0.074172735,1.9837,1.8550808,0.31416595,0.1286192
mp-16721,-0.4707904,-0.4849924,0.06315589,0.0142020285,0.0,0.036077023,0.013051186,0.036077023
mp-561390,-2.7054288,-2.9068809,0.053738087,0.20145202,0.0,3.264864,1.4192058,3.264864
mp-21156,-0.2964519,-0.34402937,0.07645453,0.04757747,0.0,0.050500177,0.022185117,0.050500177
mp-765586,-3.2618146,-3.2206845,0.088025264,0.041130066,0.0,0.040196586,0.09238797,0.040196586
mp-766391,-2.3604422,-2.2758973,0.05244587,0.0845449,1.6151,1.4596572,0.32032526,0.15544283
mp-1212642,-0.52829504,-0.55667794,0.069595814,0.028382897,0.0,0.04799948,0.05032986,0.04799948
mp-1192974,-0.510382,-0.55676717,0.059647366,0.04638517,0.0,0.040245723,0.014764519,0.040245723
mp-1113029,-1.8566628,-1.9075153,0.046933997,0.050852537,2.3439274,2.6011453,0.14280568,0.25721788
mp-29806,-1.0348802,-1.0681274,0.083293475,0.033247232,0.6286,0.7127116,0.23471545,0.08411157
mp-1186616,-0.05066565,-0.08392604,0.029487642,0.033260386,0.0,0.043621372,0.02827606,0.043621372
mp-12894,-3.5334685,-3.4470062,0.052134324,0.08646226,2.9983,2.4290428,0.2927673,0.56925726
mp-1224592,-0.64610225,-0.6824211,0.06843154,0.03631884,0.0,0.053494383,0.040805925,0.053494383
mp-3216543,-4.2323585,-4.1639295,0.1270198,0.06842899,7.4517,5.8126044,1.1480434,1.6390958
mp-1218262,-0.5390961,-0.5085658,0.04738591,0.030530334,0.0,0.051900603,0.07271238,0.051900603
mp-1198948,-0.80204046,-0.89961684,0.05868372,0.09757638,0.0,0.04703877,0.026326362,0.04703877
mp-1220786,-0.6805648,-0.6344795,0.024530722,0.046085298,0.0,0.03299446,0.02187849,0.03299446
mp-505194,-2.3564978,-2.3747463,0.030490613,0.018248558,0.1415,1.0468744,0.3279736,0.9053744
mp-555424,-2.8622656,-2.8635895,0.049186576,0.0013239384,2.3702,2.5402813,0.13646844,0.17008138
mp-16745,-0.34986317,-0.48525485,0.05331555,0.13539168,0.0,0.03869412,0.021408912,0.03869412
mp-9077,-3.5237677,-3.466596,0.06522082,0.05717182,5.0227,3.3098512,0.41640216,1.7128487
mp-1190715,-0.6385845,-0.6801642,0.066615455,0.041579723,0.0,0.02636969,0.049783662,0.02636969
mp-1208066,-0.24838653,-0.27045384,0.0544023,0.022067308,0.0,0.028618336,0.029710412,0.028618336
mp-1202070,-2.2634683,-2.2495162,0.03221595,0.013952017,0.1438,0.9983023,0.49385864,0.85450226
mp-23711,-0.2808435,-0.32426995,0.027715737,0.043426454,3.6284,3.4280415,0.49354574,0.20035863
mp-1232317,-1.2232847,-1.2029722,0.102286875,0.020312548,2.3205142,1.915765,0.106450364,0.40474916
mp-1224589,-3.0906348,-3.096751,0.060904272,0.006116152,4.351,4.0123787,0.23843071,0.33862114
mp-1177033,-2.590251,-2.5715992,0.023250505,0.018651724,0.0,0.69024616,0.13544923,0.69024616
mp-1190521,-0.37872756,-0.5470299,0.04541608,0.16830236,0.0,0.02563398,0.01416418,0.02563398
mp-16569,-0.22083206,-0.26718482,0.05270783,0.04635276,0.0,0.04936664,0.027290571,0.04936664
mp-572452,-2.524512,-2.5206273,0.025249707,0.0038847923,3.6994,3.5857506,0.20869812,0.11364937
mp-1078628,-0.23431648,-0.23273118,0.053639002,0.0015853047,0.0,0.09877813,0.02481839,0.09877813
mp-2715344,-2.6046638,-2.6046104,0.030609453,5.340576e-05,2.365,2.7655003,0.04713888,0.4005003
mp-1226872,-1.8349323,-1.822388,0.043719217,0.012544274,2.4773,2.860255,0.13288814,0.38295507
mp-1080284,-3.1115792,-3.101556,0.038325336,0.010023117,4.1838,4.4500484,0.1414401,0.26624823
mp-754505,-2.6618884,-2.6857915,0.08454532,0.023903131,0.8129,0.82418025,0.23110987,0.011280239
mp-989571,-2.013805,-1.9784043,0.0395803,0.03540063,2.9904,3.1047463,0.2432131,0.114346266
mp-1182342,-3.151499,-3.0564847,0.08326841,0.09501433,3.2689,3.831604,0.18196489,0.5627041
mp-705059,-2.0426075,-2.081442,0.044682942,0.03883457,2.8053,2.6921957,0.38389042,0.11310434
mp-1191916,-1.0932547,-0.8964306,0.06290411,0.19682407,0.3076,0.6419519,0.16414581,0.33435193
mp-768556,-2.4044476,-2.3722072,0.030968394,0.03224039,3.5102,3.3219707,0.25414616,0.18822932
mp-757688,-2.8636038,-2.8568158,0.10886496,0.0067880154,0.3381,-0.058715295,0.14421728,0.39681527
mp-862746,-0.28244194,-0.2920211,0.047975387,0.009579152,0.0,0.004090595,0.015252145,0.004090595
mp-767341,-2.753753,-2.7949364,0.019953234,0.04118347,4.4398,4.4657774,0.14528663,0.025977612
mp-1217300,-0.2991274,-0.3215291,0.055537585,0.02240169,0.0,0.04209318,0.028053822,0.04209318
mp-690584,-2.156987,-2.1561444,0.048040718,0.00084257126,1.5842,0.4173146,0.19230068,1.1668854
mp-1205963,-0.60703754,-0.6763416,0.036234207,0.06930405,0.0,0.028471613,0.024367552,0.028471613
mp-734561,-2.1856928,-2.208165,0.038018513,0.022472143,1.084,4.4982505,0.1095341,3.4142504
mp-1211396,-2.5111246,-2.4955668,0.028119463,0.015557766,3.3362,2.7622082,0.09840516,0.5739918
mp-1468,-0.1543988,-0.307169,0.08470384,0.15277019,2.8693,2.3743045,0.19082496,0.49499536
mp-6663,-2.1716921,-2.1558392,0.049348544,0.015852928,2.6592,2.9682968,0.15060501,0.3090968
mp-982559,-0.81483394,-0.7879454,0.07338522,0.02688855,0.0,0.031236362,0.051769238,0.031236362
mp-1223129,-2.6730807,-2.6672106,0.057946734,0.005870104,6.1985,4.547332,0.18402003,1.6511683
mp-4609,-3.655537,-3.630233,0.08549455,0.02530384,5.297,4.378377,0.36075434,0.918623
mp-6606,-1.4983009,-1.3875852,0.10092704,0.11071575,2.7523,2.6757746,0.6386371,0.07652545
mp-1100522,-2.1371841,-2.1391969,0.025216805,0.0020127296,0.5452,0.6819351,0.074124664,0.13673508
mp-770632,-2.1801598,-2.1767201,0.057447728,0.0034396648,1.1236,1.769301,0.3540416,0.64570105
mp-864993,-0.6830199,-0.7183708,0.061575893,0.03535092,0.2813,0.083855465,0.06763677,0.19744454
mp-1020,-0.63878185,-0.6219666,0.056429558,0.016815245,0.0,0.019794965,0.026369993,0.019794965
mp-1221048,-2.4014757,-2.3555903,0.044446126,0.045885324,3.1323,3.020893,0.1850118,0.1114068
mp-977559,-0.7650943,-0.7704762,0.04162925,0.005381942,0.0,0.082816795,0.053530958,0.082816795
mp-757483,-4.2559533,-4.228074,0.04475816,0.027879238,5.0221,5.195985,0.18431164,0.17388487
mp-1045836,-3.1503315,-3.1045747,0.075481474,0.045756817,0.8679,0.82070893,0.1749626,0.047191083
mp-1224603,-2.8713806,-2.9135594,0.06591873,0.04217887,2.6798,2.4725347,0.12906532,0.20726538
mp-776134,-2.6914668,-2.6552835,0.028346274,0.036183357,0.29,1.0891378,0.12906742,0.79913783
mp-1224670,-0.5920631,-0.62255657,0.08362961,0.030493438,0.0,0.016899228,0.024002716,0.016899228
mp-570700,-1.2035611,-1.1522834,0.03588351,0.051277637,0.5025,0.90258694,0.0917251,0.40008694
mp-15573,-1.4262635,-1.3861982,0.032927398,0.04006529,2.5842,2.2293198,0.15973286,0.3548801
mp-570045,-1.6191303,-1.6626742,0.02788792,0.043543935,1.4374,1.2906624,0.18144615,0.14673758
mp-19225,-1.219109,-1.3066314,0.023591127,0.08752239,1.1485,0.4798213,0.28060886,0.66867864
mp-1215053,-2.4822958,-2.4687746,0.027351586,0.013521194,0.0,0.05529065,0.07578516,0.05529065
mp-1185183,-0.5254657,-0.5423771,0.064230554,0.016911387,0.0,0.033248186,0.026930675,0.033248186
mp-3328,-0.577433,-0.6071826,0.054278318,0.029749632,0.0,0.032425545,0.019309126,0.032425545
mp-1976,-0.42335284,-0.4396305,0.0649822,0.01627767,0.0,0.07236712,0.07052703,0.07236712
mp-1207841,-0.77276844,-0.85789144,0.036882445,0.085123,0.0,0.08157818,0.036650535,0.08157818
mp-1225724,-1.0080769,-1.0970417,0.06297577,0.08896482,1.3966675,1.1018202,0.2752781,0.29484725
mp-28340,-1.1513426,-1.0922911,0.05349543,0.059051514,0.0,0.07974978,0.09095807,0.07974978
mp-1217189,-0.24095383,-0.16928616,0.02967238,0.07166767,0.0,0.03206582,0.037920736,0.03206582
mp-772211,-2.4081829,-2.437444,0.035366483,0.029261112,0.0,0.27360576,0.13628663,0.27360576
mp-26199,-2.6566427,-2.6274223,0.05626143,0.029220343,4.4516833e-05,1.3703374,0.26523516,1.3702929
mp-752430,-2.7617407,-2.724466,0.016912553,0.0372746,3.653,1.8101879,0.28109738,1.8428122
mp-1225254,-0.5283396,-0.5525376,0.03369824,0.024197996,0.0,0.028242517,0.023218978,0.028242517
mp-601867,-0.7639146,-0.795216,0.054327324,0.03130144,0.8646,0.7155342,0.086636595,0.1490658
mp-13576,-2.4539273,-2.5466042,0.083994634,0.09267688,0.0,0.09579928,0.1426521,0.09579928
mp-2715501,-2.8069043,-2.7899213,0.027644692,0.016983032,2.7076,3.0001273,0.086963534,0.2925272
mp-11123,-1.455909,-1.465423,0.018249352,0.009513974,1.3946,1.6418263,0.12502761,0.24722624
mp-1197226,-2.9948022,-2.945998,0.048244543,0.048804283,4.7317,4.431033,0.274662,0.3006668
mp-558952,-2.975155,-2.8753352,0.017736394,0.0998199,3.7633,3.5006924,0.25705022,0.26260757
mp-767171,-1.540311,-1.4499611,0.03948153,0.09034991,0.0,0.15216097,0.061723564,0.15216097
mp-1223318,-3.4901779,-3.5174186,0.05584615,0.027240753,6.3865,6.491037,0.3189447,0.10453701
mp-29387,-0.33778745,-0.45035893,0.0373651,0.11257148,0.0033,0.33532208,0.09910941,0.33202207
mp-1020723,-2.7497418,-2.7233577,0.043542795,0.026384115,2.9485,2.9340744,0.11240862,0.014425516
mp-760055,-2.330052,-2.3637965,0.031070914,0.033744574,0.8283,0.90941536,0.08508614,0.081115365
mp-1217995,-0.3179948,-0.3810804,0.057806127,0.063085586,0.0,0.082609154,0.049436778,0.082609154
mp-28721,-0.75770146,-0.79335564,0.08521624,0.035654187,1.9004,2.0293334,0.20859392,0.12893331
mp-1217800,-3.235356,-3.2079322,0.037007034,0.027423859,2.2595792,2.306229,0.11175532,0.046649933
mp-743881,-2.399357,-2.412823,0.031814385,0.013465881,1.9763,1.8276256,0.19304162,0.14867437
mp-2895,-3.2131257,-3.24735,0.04709291,0.03422427,4.6395,4.1081305,0.40736115,0.5313697
mp-1213943,-2.1651914,-2.2495372,0.04719016,0.08434582,0.0,1.8623464,0.17433092,1.8623464
mp-1193668,-0.05405578,-0.13742808,0.078771286,0.083372295,0.0,0.05481882,0.042798657,0.05481882
mp-581641,-3.246694,-3.173279,0.07980321,0.07341504,0.9529,0.70926344,0.102109835,0.24363655
mp-477,-0.80622524,-0.70342094,0.06795058,0.1028043,0.0,0.048462607,0.026427068,0.048462607
mp-1215669,-2.5206547,-2.5622098,0.07342729,0.041555166,1.8126,2.115743,0.258009,0.3031429
mp-769222,-2.5488153,-2.6186242,0.088928215,0.06980896,0.9474,0.67131835,0.34339443,0.27608162
mp-686088,-2.7550304,-2.8415132,0.032209925,0.08648276,0.0,1.7878463,0.18189175,1.7878463
mp-975275,-0.42593366,-0.43171686,0.04268548,0.0057832003,0.5682,0.5155474,0.23224811,0.052652597
mp-672344,-1.0113269,-1.0418614,0.029813629,0.030534506,0.0,0.07046499,0.06658914,0.07046499
mp-11269,-0.6468948,-0.5371132,0.008485984,0.10978162,0.0,0.021757912,0.045594644,0.021757912
mp-1201881,-0.3761144,-0.46582836,0.0366747,0.08971396,0.0,0.040973116,0.027810039,0.040973116
mp-1200495,-1.9934673,-2.0153415,0.022364542,0.02187419,4.1415,3.8816,0.22781286,0.2599001
mp-1203257,-3.348184,-3.3969798,0.11243382,0.0487957,0.18941753,0.4097908,0.39474365,0.22037329
mp-768745,-3.1954832,-3.177631,0.04281217,0.017852306,5.4604,5.2186675,0.28516236,0.2417326
mp-8866,-2.0883012,-2.0730908,0.07072638,0.01521039,0.575,0.497626,0.23584966,0.07737398
mp-23184,-1.4336251,-1.4058912,0.14189702,0.027733922,4.7211,5.105635,0.60225415,0.3845353
mp-555486,-2.8076465,-2.7542148,0.048626333,0.05343175,0.2154,-0.08380099,0.31061754,0.29920098
mp-1216184,-1.0048013,-1.1171122,0.04397095,0.11231089,1.5146,1.2121418,0.32826746,0.3024583
mp-1194519,-2.6096115,-2.6442928,0.059066907,0.03468132,0.0,0.57234997,0.173928,0.57234997
mp-2712999,-3.0139415,-3.0202084,0.040391833,0.0062668324,2.6679,2.4012046,0.1668325,0.2666955
mp-1824,-0.27578118,-0.31649747,0.040563244,0.04071629,0.0,0.035142325,0.046218827,0.035142325
mp-15500,-1.2993675,-1.3387121,0.055409893,0.03934455,1.432,0.8096693,0.10471189,0.6223307
mp-1224225,-1.2098671,-1.2274482,0.069811985,0.017581105,1.9736,2.1074805,0.30213147,0.1338805
mp-1103008,-0.4338326,-0.3699984,0.06977483,0.06383419,0.0,0.029223228,0.027656859,0.029223228
mp-1229069,-1.9299713,-1.913304,0.032428693,0.016667366,2.7875,2.3925462,0.23971458,0.39495373
mp-1095459,-0.45223728,-0.4632112,0.05701001,0.01097393,0.0,0.04268489,0.060376815,0.04268489
mp-10744,-0.5443172,-0.69475377,0.058692016,0.15043658,0.0,0.32623607,0.06676745,0.32623607
mp-1225311,-0.15255086,-0.27114448,0.043851018,0.11859362,0.0,0.02068317,0.031077817,0.02068317
mp-773503,-2.1984816,-2.3185894,0.049952563,0.12010789,0.6215,1.3991683,0.19723065,0.77766824
mp-1199467,-0.8258959,-0.8864666,0.058923494,0.060570717,0.0,0.017964387,0.010867007,0.017964387
mp-2716132,-3.085455,-3.087225,0.040717978,0.0017700195,3.8566,4.0801263,0.10957153,0.22352624
mp-1183814,-0.5589214,-0.5976027,0.029676255,0.03868133,0.0,0.044415046,0.032001946,0.044415046
mp-778495,-2.4849346,-2.4642234,0.026211368,0.020711184,2.974,2.8552341,0.19757318,0.11876583
mp-722866,-1.1845827,-1.2183378,0.09580109,0.033755064,4.5806,4.708546,0.213223,0.12794638
mp-1183187,-0.21158431,-0.4023067,0.037112407,0.19072239,0.0,0.036226176,0.016032265,0.036226176
mp-2713767,-2.7446406,-2.7844594,0.02415105,0.039818764,1.7478,2.021142,0.29985738,0.273342
mp-1177088,-2.6178875,-2.6090522,0.029021122,0.008835316,1.057,1.0418029,0.11200616,0.015197158
mp-867254,-0.5835602,-0.59296334,0.039788067,0.00940311,0.0,0.06140535,0.045196988,0.06140535
mp-1223290,-2.3856394,-2.3724074,0.048842136,0.013231993,1.7944199,1.1264546,0.07881666,0.6679653
mp-769617,-2.4310462,-2.4284964,0.034152605,0.0025498867,1.2694,0.96985567,0.19401783,0.29954433
mp-7130,-0.27626857,-0.38123128,0.038000908,0.10496271,0.0,0.009706783,0.04132967,0.009706783
mp-1214525,-3.4401727,-3.464775,0.05696856,0.024602413,2.4626,2.7920928,0.15475298,0.3294928
mp-1106073,-1.3405136,-1.3175522,0.0660921,0.022961378,3.659,3.23186,0.17550226,0.42714
mp-683984,-1.0319159,-0.93359184,0.10795313,0.09832406,1.1038,1.8590227,0.21911107,0.7552227
mp-1079267,-0.20081246,-0.24822116,0.014330539,0.0474087,0.0,0.03542156,0.015389572,0.03542156
mp-557737,-1.0268269,-1.10485,0.047251966,0.078023195,2.6386,2.384481,0.2917191,0.25411916
mp-36111,-0.7512974,-0.7349378,0.0410993,0.016359627,1.5391,1.3938183,0.12033018,0.14528179
mp-861964,-0.67248565,-0.59946007,0.06629299,0.073025584,0.0,0.054348756,0.047086656,0.054348756
mp-699498,-1.819446,-1.7326168,0.039218795,0.086829185,0.0,1.0642407,0.22748297,1.0642407
mp-1227956,-3.4720879,-3.4840922,0.06671883,0.012004375,3.5382438,3.6939843,0.347014,0.1557405
mp-19030,-3.238095,-3.15323,0.05365653,0.08486509,0.3558,0.8818823,0.1970704,0.5260823
mp-556051,-2.076389,-1.9916446,0.010258261,0.08474445,3.0091,2.9453006,0.097213805,0.06379938
mp-765581,-2.1783016,-2.1438856,0.034282643,0.03441596,0.0,0.2945729,0.084763855,0.2945729
mp-1239151,-0.9730866,-0.9836788,0.0071291896,0.010592222,0.0078,0.05683317,0.025754804,0.049033172
mp-1147605,-1.004933,-1.0034413,0.045233075,0.0014916658,2.6775,2.5978389,0.06895951,0.07966113
mp-755407,-2.3865156,-2.398315,0.05617806,0.0117993355,1.8136,1.2759075,0.09882641,0.5376924
mp-21161,-1.0571581,-1.0903893,0.03557259,0.03323114,0.0,0.039313484,0.027872685,0.039313484
mp-772962,-2.2581742,-2.1939645,0.055612102,0.0642097,1.3617,1.6264687,0.10184767,0.2647686
mp-695616,-3.533541,-3.4773269,0.024734188,0.056214094,0.0,3.6206067,0.48833817,3.6206067
mp-1288258,-2.7351806,-2.7149336,0.056589454,0.020246983,0.0,0.15298916,0.2197569,0.15298916
mp-1219530,-0.081718855,-0.17974503,0.019350698,0.09802618,0.0,0.07109435,0.030443063,0.07109435
mp-30029,-0.34001046,-0.32579553,0.012750128,0.014214933,0.0,0.03219669,0.044859465,0.03219669
mp-1112789,-1.7161222,-1.6697998,0.042909525,0.046322346,3.5292,2.945459,0.32657146,0.5837412
mp-1196218,-0.6120933,-0.6860062,0.03423128,0.07391286,0.0,0.01158526,0.02374233,0.01158526
mp-756552,-1.1842414,-1.2130929,0.027083134,0.02885151,0.756,0.24672607,0.059619185,0.5092739
mp-22820,-2.773961,-2.7193542,0.08801776,0.054606915,1.0609,2.2152874,0.5010162,1.1543875
mp-1193999,-2.0278478,-1.994149,0.048036613,0.033698797,1.7382,1.980143,0.22059923,0.241943
mp-862940,-0.8602737,-0.7557091,0.03516657,0.10456461,0.0,0.031701945,0.022316495,0.031701945
mp-1029408,-1.1242669,-1.1932505,0.034522224,0.068983674,2.6628,2.3894603,0.23329695,0.27333975
mp-28352,-1.0050285,-1.0147899,0.091622435,0.009761453,0.0,0.03867147,0.04717251,0.03867147
mp-554412,-2.945203,-2.925472,0.047773387,0.019731045,3.3485,3.4744124,0.15503964,0.12591243
mp-1183595,-0.43221733,-0.4509901,0.061826598,0.01877278,0.0,0.030723477,0.015218223,0.030723477
mp-2715230,-3.0682187,-3.0509667,0.021005388,0.017251968,4.5289,4.271689,0.14343166,0.2572112
mp-1183780,-0.43675947,-0.4381866,0.057718635,0.001427114,0.0,0.012953758,0.015828954,0.012953758
mp-12505,-0.5783277,-0.6198596,0.041053046,0.04153186,0.0,0.035059024,0.022945218,0.035059024
mp-6130,-2.5651226,-2.5680053,0.01824691,0.002882719,2.8505,2.6955123,0.29897738,0.15498781
mp-505314,-2.5174158,-2.5119593,0.03420942,0.0054564476,0.0,0.21377487,0.20718184,0.21377487
mp-9008,-0.6833866,-0.79725134,0.087602116,0.11386472,1.1069,0.676914,0.26812905,0.429986
mp-1079605,-0.45439473,-0.48129168,0.042680494,0.026896954,0.0,0.028001737,0.015838519,0.028001737
mp-4387,-3.6616588,-3.6453176,0.07065917,0.01634121,3.6122,3.2500286,0.22228298,0.3621714
mp-1195746,-3.2094142,-3.2552986,0.04789201,0.04588437,4.4998,3.328977,0.14418383,1.1708231
mp-755887,-3.0285265,-3.004187,0.11007721,0.024339437,2.4295,1.969277,0.5698419,0.46022308
mp-759116,-3.6620357,-3.5823865,0.10731961,0.07964921,0.0,-0.2858123,0.40014234,0.2858123
mp-19891,-0.28472295,-0.24064842,0.062212814,0.044074535,0.0,0.043194342,0.05145563,0.043194342
mp-19202,-2.6289158,-2.598514,0.10555271,0.030401707,2.8397,1.4890308,0.3602211,1.3506691
mp-779418,-2.4183526,-2.4218318,0.04139303,0.0034792423,2.685,2.4118626,0.24943973,0.27313733
mp-980942,-0.053347006,-0.11553881,0.028312221,0.062191807,0.0,0.06019795,0.019069906,0.06019795
mp-1228202,-2.148963,-2.1424797,0.027335523,0.0064833164,0.0,-0.0076210974,0.090267465,0.0076210974
mp-1094600,-0.02775774,-0.07755339,0.024000928,0.04979565,0.0,0.08116011,0.05565821,0.08116011
mp-22972,-0.41418257,-0.5414477,0.08825552,0.12726513,0.0,0.043293644,0.034014944,0.043293644
mp-1214274,-2.3394997,-2.3183098,0.035888594,0.021189928,1.5931,1.3075361,0.3273591,0.28556383
mp-19432,-2.4048898,-2.3736196,0.033273626,0.031270266,3.2464,3.2157645,0.1074851,0.030635595
mp-570001,-0.19584407,-0.28872404,0.056537878,0.092879966,0.0,0.060476016,0.02681207,0.060476016
mp-1215366,-0.2134897,-0.31803638,0.048796497,0.10454668,0.0,0.049664117,0.044961672,0.049664117
mp-775161,-3.1110895,-3.0838113,0.051415756,0.027278185,0.5532,0.43346247,0.38259107,0.119737536
mp-1205716,-0.68295693,-0.69773793,0.053499583,0.014780998,0.0,0.04902668,0.024157904,0.04902668
mp-1228701,-0.09189543,-0.20209894,0.06363433,0.110203505,0.0,0.06643591,0.035521112,0.06643591
mp-28156,-2.5227358,-2.52199,0.08148236,0.0007457733,0.0,4.2276382,0.2766675,4.2276382
mp-18707,-0.56176305,-0.52227783,0.03667674,0.039485216,0.0,0.14072871,0.07042365,0.14072871
mp-558192,-2.6376703,-2.6733475,0.050870474,0.035677195,5.1462,5.325044,0.14543779,0.17884398
mp-560192,-1.0112172,-1.0009979,0.050627116,0.010219336,2.1765,2.20073,0.106475696,0.024230003
mp-12543,-0.76164037,-0.8029369,0.025246253,0.04129654,0.0,0.052009203,0.03133591,0.052009203
mp-13541,-3.1848743,-3.1236606,0.084162086,0.06121373,4.5797,4.1391573,0.064698435,0.4405427
mp-33528,-2.73458,-2.8548057,0.053594273,0.12022567,0.0,1.1734638,0.3698134,1.1734638
mp-557093,-2.0933335,-2.013269,0.038394757,0.080064535,2.4835,1.8893147,0.23876351,0.59418535
mp-2725,-0.81756186,-0.75642693,0.044010136,0.061134934,0.0,0.027520895,0.047385935,0.027520895
mp-1195055,-2.5904224,-2.5000994,0.040142227,0.09032297,4.353465,4.206414,0.05291132,0.14705086
mp-3735,-3.4301932,-3.4602025,0.08014144,0.03000927,2.8956,3.7948105,0.33351448,0.89921045
mp-757878,-1.4509888,-1.3603514,0.08361178,0.090637326,1.4867,1.2651107,0.3358106,0.22158933
mp-572728,-1.5024751,-1.4880747,0.026382193,0.014400482,1.5128,2.2584627,0.09176141,0.7456627
mp-600067,-3.2393904,-3.2367935,0.013761285,0.0025968552,5.74,5.4114523,0.11824315,0.32854748
mp-1225132,-0.4773247,-0.538113,0.08050182,0.060788304,0.0,0.0065140487,0.02401711,0.0065140487
mp-864808,-0.87179005,-0.8178073,0.016797703,0.053982735,0.0,0.034360386,0.030011019,0.034360386
mp-1222500,-0.36683074,-0.34031865,0.041131705,0.026512086,0.0,0.03803296,0.01022393,0.03803296
mp-10117,-0.3072892,-0.30464736,0.018590657,0.0026418567,0.0,0.022923946,0.030106846,0.022923946
mp-1219883,-1.2442863,-1.2596056,0.050753832,0.015319347,0.0,0.028194165,0.043180037,0.028194165
mp-530216,-3.3725712,-3.3470407,0.05922001,0.025530577,3.4029,4.2174935,0.17106305,0.81459355
mp-1298695,-1.9961196,-1.9850409,0.037583813,0.011078715,0.244,0.3102271,0.19679573,0.06622709
mp-2359,-0.693457,-0.73596495,0.07435349,0.042507946,0.0,0.010353518,0.05621656,0.010353518
mp-867888,-0.79904896,-0.7489685,0.057618275,0.05008048,0.0,0.061221242,0.06848155,0.061221242
mp-1106336,-0.6205732,-0.65615475,0.0338912,0.03558153,0.0,0.03142009,0.028584514,0.03142009
mp-1191849,-0.34061608,-0.40274096,0.020915225,0.06212488,0.0,0.05259974,0.0760199,0.05259974
mp-530826,-3.348124,-3.3242812,0.06419789,0.023842812,3.5233,4.272511,0.14818966,0.7492111
mp-641018,-1.0845702,-1.040081,0.037209753,0.044489145,1.6454775,2.1209793,0.15953016,0.47550178
mp-1206033,-1.9706471,-1.9765046,0.027569605,0.0058574677,0.0,0.5554124,0.1929282,0.5554124
mp-19481,-2.6709058,-2.6693199,0.023757879,0.0015859604,2.9534,3.111466,0.17273115,0.15806603
mp-1194160,-3.5198798,-3.4832082,0.0631686,0.03667164,4.6887,4.464231,0.38184932,0.22446918
mp-560023,-2.6372817,-2.5531294,0.09540021,0.08415222,0.0,2.5511365,0.21591921,2.5511365
mp-28329,-0.6247034,-0.6922277,0.06379185,0.067524314,1.6963,1.9603417,0.15094809,0.26404166
mp-1216109,-3.4632277,-3.4173229,0.121626765,0.045904875,0.2958,2.5064478,0.5520582,2.2106478
mp-3038,-0.8252313,-0.92333496,0.067480974,0.09810364,1.4322,1.6240784,0.17026179,0.19187844
mp-3267,-0.5558374,-0.5074116,0.029161464,0.048425794,1.5464,1.4647077,0.06385095,0.08169222
mp-23705,-0.2710203,-0.340792,0.07259311,0.06977171,2.8145,2.71544,0.42217916,0.09906006
mp-1220890,-0.63457876,-0.6510704,0.05663509,0.016491652,0.0,0.019998193,0.014367634,0.019998193
mp-779472,-2.5222719,-2.4601417,0.030009968,0.062130213,1.9919,0.8778561,0.2769091,1.114044
mp-531358,-1.8491461,-1.9406459,0.061041474,0.091499805,1.8117,1.9901069,0.22009625,0.17840695
mp-1223959,-0.3106338,-0.43814135,0.039434407,0.12750754,0.0,0.045204856,0.0287436,0.045204856
mp-861113,-1.0333335,-1.1139534,0.03963147,0.08061981,4.1759,3.7116704,0.38880932,0.46422958
mp-4907,-1.0773056,-1.1328385,0.070540555,0.055532932,2.0847,1.9433548,0.057128306,0.14134526
mp-1196086,-0.6038702,-0.5971213,0.067137875,0.0067489147,3.9677,3.5692852,0.14544807,0.39841485
mp-754853,-3.820938,-3.7612004,0.06288129,0.059737682,4.4855,3.660829,0.43740603,0.8246708
mp-1187095,-0.65005404,-0.65272665,0.061205607,0.0026726127,0.0,0.050707437,0.044137828,0.050707437
mp-2898735,-2.5513992,-2.6598356,0.099726185,0.108436346,0.0,0.0044229985,0.13153647,0.0044229985
mp-1186328,-0.08247587,-0.10788,0.028047955,0.025404125,0.0,0.042659998,0.04492741,0.042659998
mp-982870,-0.92564136,-0.94074965,0.061448622,0.015108287,0.0,0.06336224,0.07291487,0.06336224
mp-1178375,-1.7016654,-1.5916033,0.10714872,0.11006212,0.144,0.045313336,0.1065965,0.09868666
mp-22577,-1.7378962,-1.8385589,0.040254604,0.10066271,2.8051,2.5852795,0.11648343,0.2198205
mp-560300,-1.7315573,-1.7583132,0.028797874,0.026755929,1.7485,1.6427946,0.15432863,0.10570538
mp-1025553,-0.65506136,-0.6821716,0.014105843,0.027110219,0.0,0.022278309,0.017130071,0.022278309
mp-559962,-3.2310522,-3.1981025,0.061372865,0.032949686,5.6777,5.7412252,0.26060987,0.0635252
mp-1227154,-3.4921157,-3.4896896,0.04349752,0.0024261475,2.9381,2.6114028,0.28218958,0.32669735
mp-1197357,-0.8429772,-0.8997995,0.048762586,0.0568223,0.0,0.046650387,0.052064218,0.046650387
mp-8014,-2.4526565,-2.4153194,0.09454152,0.037337065,1.1801,0.99539936,0.19957694,0.18470061
mp-1215445,-0.6246901,-0.5653173,0.042568866,0.059372842,0.5764,0.9832226,0.17119563,0.40682262
mp-671855,-1.8896575,-1.8560196,0.084855765,0.03363788,1.9232,1.3909044,0.2095178,0.5322956
mp-707337,-0.25104728,-0.36989227,0.0138535965,0.118844986,1.7674,1.7359947,0.37692556,0.03140533
mp-10733,-3.8449152,-3.7847793,0.071185246,0.06013584,3.9327,3.0313332,0.38985443,0.9013667
mp-1187939,-0.48626372,-0.44560155,0.015778888,0.04066217,0.0,0.029225636,0.019769207,0.029225636
mp-3393,-3.342221,-3.3061318,0.08634158,0.036089182,4.2046,3.543548,0.20429528,0.66105175
mp-775479,-1.5404079,-1.6669047,0.098133706,0.12649679,0.0623,0.10729341,0.24586043,0.04499341
mp-2714649,-2.8068843,-2.8028436,0.024931105,0.004040718,3.0995,3.0400295,0.06415572,0.059470415
mp-1223388,-1.5321732,-1.5827848,0.03427556,0.050611615,0.0,0.049292587,0.06837822,0.049292587
mp-1190424,-2.9115896,-2.933068,0.023757879,0.021478415,0.0,0.1838399,0.3011283,0.1838399
mp-559540,-1.9606246,-1.9558804,0.06506217,0.004744172,4.5467,4.186596,0.28888726,0.36010408
mp-1219870,-3.6416526,-3.6390052,0.02548514,0.0026474,2.5497,2.7322345,0.12697567,0.18253446
mp-1208534,-3.6945267,-3.6745186,0.057401907,0.020008087,3.2311,3.4853294,0.5288994,0.2542293
mp-1101667,-2.175191,-2.1602294,0.016444806,0.014961481,1.3202,0.72724056,0.06857535,0.5929594
mp-2715590,-2.9518237,-2.933495,0.051312324,0.018328667,2.4049,2.075356,0.057269976,0.32954407
mp-697811,-2.5449035,-2.5460837,0.052436933,0.001180172,3.7642,3.7796764,0.19450334,0.015476465
mp-4917,-2.852417,-2.7407672,0.053529594,0.11164975,4.0025,1.5018276,0.8483662,2.5006723
mp-695170,-3.213732,-3.2692285,0.034068182,0.055496454,3.8758,3.676791,0.21261637,0.19900894
mp-1606,-0.16714934,-0.349277,0.06934635,0.18212765,0.0,0.02230234,0.02957411,0.02230234
mp-542609,-0.14844823,-0.34411502,0.016439855,0.19566679,1.5154,1.0601501,0.09930738,0.4552499
mp-1205516,-0.39320937,-0.38711315,0.037839446,0.006096214,0.0,0.046729375,0.020897435,0.046729375
mp-1102382,-0.17330694,-0.2462821,0.028710911,0.07297516,0.0,0.23037228,0.0803252,0.23037228
mp-23314,-1.0043845,-0.9885376,0.07344042,0.015846908,0.0,0.027633095,0.037109602,0.027633095
mp-29030,-3.1419845,-2.9469254,0.16080843,0.19505906,3.2195,2.8266778,0.7854869,0.39282227
mp-558049,-2.5335248,-2.5261683,0.04327714,0.0073564053,1.7948,1.898148,0.16765828,0.1033479
mp-757372,-3.7047074,-3.6560066,0.025939472,0.04870081,0.0,0.719126,0.121322,0.719126
mp-10062,-2.6750095,-2.6423736,0.037599966,0.032635927,0.0,0.11513285,0.07627395,0.11513285
mp-541468,-2.5132275,-2.443398,0.020955727,0.069829464,2.3957,2.9863727,0.13495532,0.59067273
mp-2214497,-2.4248571,-2.416062,0.021593697,0.008795023,0.324,0.26473898,0.14075471,0.059261024
mp-1186721,0.03337286,0.026889825,0.015644666,0.006483035,0.0,-0.009624911,0.03769847,0.009624911
mp-1228910,-0.5236167,-0.55651015,0.0313152,0.03289348,0.0,0.044690944,0.016748568,0.044690944
mp-1217588,-0.22442557,-0.27761358,0.040042233,0.05318801,0.0,0.043946195,0.04913104,0.043946195
mp-1227671,-3.271253,-3.2390678,0.033282064,0.032185316,3.9061,3.5684154,0.43800056,0.33768463
mp-1176492,-2.2650056,-2.2871048,0.049244463,0.022099257,0.6409,0.53211594,0.050259117,0.10878408
mp-28079,-1.2203426,-1.106331,0.027276224,0.114011645,0.4947,0.376649,0.04003,0.11805102
mp-1079498,-0.35438207,-0.39339903,0.04642024,0.039016962,0.0,0.028153086,0.010000812,0.028153086
mp-559799,-2.908296,-2.9153504,0.017852448,0.007054329,3.4915,3.9481437,0.23288968,0.45664382
mp-21567,-2.9827447,-2.9050412,0.016245771,0.077703476,2.9907,2.8885472,0.3480032,0.102152824
mp-758764,-2.4106786,-2.4405932,0.047907595,0.029914618,0.0432,3.2441864,0.49005792,3.2009864
mp-1223415,-3.0185199,-3.0400581,0.056384306,0.021538258,2.6983,2.4980812,0.24663462,0.20021868
mp-4415,-0.5962811,-0.61849225,0.062028818,0.022211134,0.0,0.03147912,0.02996286,0.03147912
mp-773192,-2.720305,-2.7042427,0.035707746,0.01606226,3.2203,3.756993,0.17441343,0.5366931
mp-23146,-1.6948544,-1.6719881,0.07271581,0.02286625,4.3633,3.6678798,0.23428321,0.69542
mp-1245963,-0.42777297,-0.4027304,0.060918044,0.025042564,0.0,-0.005436945,0.055753745,0.005436945
mp-1198001,-2.1612697,-2.1548245,0.02894633,0.0064451694,1.1979462,0.76890266,0.28618783,0.42904353
mp-1184676,-0.25018173,-0.30294147,0.040842652,0.052759737,0.0,0.029804539,0.021991717,0.029804539
mp-761185,-2.136603,-2.1150193,0.06853191,0.021583796,5.7538,5.8375363,0.23804928,0.08373642
mp-1228580,-2.0621958,-2.0949953,0.06414386,0.032799482,3.6747,3.105098,0.25363436,0.569602
mp-1265172,-3.0275178,-2.995085,0.05487528,0.032432795,2.3997,2.0431335,0.5115924,0.35656643
mp-22619,-0.4079187,-0.61089766,0.08890159,0.20297897,0.0,0.22457981,0.28643626,0.22457981
mp-1393890,-2.8088777,-2.8787036,0.05449656,0.06982589,3.0837514,3.1835995,0.22889988,0.09984803
mp-30126,-1.2734494,-1.2773768,0.112142414,0.00392735,2.7224,2.923369,0.222424,0.20096898
mp-1177383,-2.573756,-2.5860431,0.0320775,0.01228714,0.8007,1.0598402,0.08904892,0.2591402
mp-39208,-3.297388,-3.2538922,0.048880134,0.043495893,1.225,0.9479991,0.2602788,0.2770009
mp-728030,-1.7902944,-1.8285124,0.05704916,0.03821802,2.6899,2.7525299,0.28651664,0.06262994
mp-2714058,-2.673471,-2.6391053,0.021262256,0.034365654,2.6693,2.5472355,0.24167219,0.12206459
mp-585408,-2.5057771,-2.5030575,0.024215296,0.0027196407,2.8055,2.6511135,0.33937252,0.15438652
mp-1203570,-1.1281518,-1.1282513,0.044704452,9.953976e-05,2.069,2.4913292,0.17694728,0.4223292
mp-1221706,-1.0216537,-0.85118675,0.040788665,0.1704669,0.0,0.13835657,0.12504807,0.13835657
mp-2715633,-2.9667804,-2.9731226,0.02659689,0.0063421726,3.2907,3.5471911,0.052317202,0.25649118
mp-755726,-2.273168,-2.3001156,0.040988885,0.026947498,0.7558,1.6435468,0.20441306,0.8877468
mp-542754,-0.8061095,-0.7633333,0.06795821,0.042776167,0.0,0.052086614,0.014884839,0.052086614
mp-30192,-2.9759579,-3.0006714,0.069363356,0.024713516,1.315,2.1307945,0.38706684,0.81579447
mp-1201905,-0.5229713,-0.6238957,0.041670583,0.10092443,0.0,0.03214128,0.038159348,0.03214128
mp-1080683,-1.7415333,-1.9535869,0.09722145,0.21205366,0.0,0.22031483,0.13961937,0.22031483
mp-571035,-0.8753742,-0.94164336,0.09724946,0.06626916,0.0,-0.022385407,0.29796252,0.022385407
mp-1220230,-2.3647573,-2.3549755,0.032510456,0.009781837,1.9783,1.7985117,0.4731353,0.17978823
mp-763993,-2.7398815,-2.7239347,0.057792783,0.015946865,0.0,0.44419527,0.26453188,0.44419527
mp-1044464,-2.0803869,-2.1106877,0.04296463,0.030300856,0.0,0.064701125,0.20124565,0.064701125
mp-600098,-3.2548869,-3.2605546,0.022447588,0.0056676865,5.7534,5.6461287,0.0662685,0.107271194
mp-570844,-0.31428668,-0.27949542,0.04007024,0.03479126,0.677,0.07691045,0.053923875,0.60008955
mp-765567,-2.5883148,-2.5857744,0.035520762,0.00254035,5.6948,5.3591104,0.25335136,0.33568954
mp-982005,-0.0338716,-0.103209876,0.036090534,0.06933828,0.0,0.06223166,0.029085027,0.06223166
mp-1177425,-1.7219477,-1.7154799,0.05096216,0.006467819,0.2488,0.6001243,0.16432565,0.35132432
mp-1068286,-0.6548109,-0.68473446,0.05693882,0.029923558,0.0,0.033212565,0.031793937,0.033212565
mp-1217263,-0.33153442,-0.37827963,0.035244063,0.04674521,0.0,0.091172054,0.05615769,0.091172054
mp-998398,-1.0476317,-1.1072391,0.05860635,0.059607387,1.0975,2.044963,0.22434726,0.9474629
mp-8710,-1.8014381,-1.7143853,0.052100964,0.08705282,1.0997,1.0383523,0.30210704,0.061347723
mp-2713307,-2.8704882,-2.88045,0.012495331,0.0099618435,4.023,4.025872,0.1486202,0.002872467
mp-1080525,-0.37954688,-0.3961101,0.05580935,0.016563207,0.0,0.0055901767,0.019402457,0.0055901767
mp-639135,-1.6607198,-1.7199337,0.12444581,0.059213996,0.0,0.13947913,0.18140271,0.13947913
mp-1147621,-1.5776105,-1.555699,0.084929176,0.021911502,3.3076,3.5308998,0.50771886,0.22329974
mp-2714548,-2.708359,-2.7706907,0.045326076,0.062331676,3.1185,4.2974353,0.08500437,1.1789353
mp-413,-0.9250981,-0.80779314,0.073570624,0.11730498,0.0,0.048401166,0.020233944,0.048401166
mp-557434,-3.3480132,-3.2356582,0.06655182,0.112354994,2.3108,2.9934945,0.714309,0.68269444
mp-504807,-1.1371906,-1.0647006,0.08260742,0.07248998,5.1417,4.5298686,0.1313709,0.6118312
mp-1220693,-0.8438369,-0.9305972,0.047148965,0.08676028,0.0,0.089580014,0.06213378,0.089580014
mp-21908,-1.811366,-1.7535403,0.07955004,0.057825685,0.0,0.6111991,0.23871692,0.6111991
mp-776395,-2.5482795,-2.5088744,0.029341161,0.039405107,0.8745,0.7759539,0.09401781,0.09854609
mp-1226043,-2.6794393,-2.7118104,0.026141617,0.032371044,1.828,2.1622753,0.28266817,0.33427536
mp-771645,-1.913019,-1.9349182,0.039296214,0.021899223,3.8432,3.6564999,0.041023325,0.1867001
mp-29888,-0.966541,-0.88469285,0.15681352,0.081848145,5.0285,6.7855735,0.46762902,1.7570734
mp-1188683,-1.5466769,-1.635782,0.030011468,0.08910513,2.3669,2.4840045,0.16931604,0.11710453
mp-2714916,-3.022107,-2.9777472,0.03237081,0.044359684,2.0862,2.2153897,0.20659028,0.12918973
mp-1223465,-3.0688074,-3.0274,0.06877045,0.041407347,5.1787,4.8346663,0.10388697,0.34403372
mp-569347,-0.7531058,-0.81463206,0.04102679,0.06152624,0.0,0.03211963,0.02602978,0.03211963
mp-978280,-0.045771107,-0.09408333,0.043506335,0.048312224,0.0,0.05476122,0.058310404,0.05476122
mp-1226653,-0.58296394,-0.60140646,0.053250205,0.018442512,0.0,0.00953238,0.039014056,0.00953238
mp-1199281,-0.07706535,-0.10988216,0.035659026,0.032816812,0.0,0.02563398,0.03342391,0.02563398
mp-1103996,-0.89411575,-0.91779757,0.06987121,0.02368182,0.0,0.13716695,0.1910844,0.13716695
mp-997037,-0.8689751,-0.9763443,0.102194995,0.107369184,0.0,0.18879879,0.047475785,0.18879879
mp-1193435,-0.24690653,-0.29056627,0.06569156,0.04365973,0.0,0.15484874,0.096348345,0.15484874
mp-1219654,-0.51881576,-0.66515815,0.08790387,0.1463424,0.0,0.06985617,0.04689619,0.06985617
mp-1195152,-2.722128,-2.7024453,0.025284315,0.019682646,3.0525,3.2720902,0.20997366,0.21959019
mp-754825,-3.2101192,-3.2183754,0.030648869,0.008256197,4.0729,3.619522,0.25052825,0.45337772
mp-1212439,-0.54898554,-0.6384849,0.06296312,0.089499354,0.0,0.026379418,0.019612562,0.026379418
mp-558418,-2.5272374,-2.6202464,0.118141666,0.093008995,0.0,2.0348606,0.5651162,2.0348606
mp-1186566,-0.34257576,-0.42950803,0.061327778,0.08693227,0.0,0.014837503,0.015989162,0.014837503
mp-26324,-2.5047357,-2.5219574,0.03434506,0.01722169,0.0,1.0279806,0.18150556,1.0279806
mp-1207633,-0.9724941,-0.9957169,0.09083025,0.023222804,0.0,0.053680826,0.05401804,0.053680826
mp-7583,-0.7302629,-0.8262857,0.08696614,0.096022844,3.2999,3.4298692,0.14277987,0.12996912
mp-610469,-2.0401025,-2.2385573,0.09210017,0.19845486,0.0,1.1251637,0.12853403,1.1251637
mp-697501,-1.6236881,-1.6205807,0.036638923,0.0031074286,0.0,2.1181808,0.21257637,2.1181808
mp-1219426,-0.7597775,-0.7960656,0.04688795,0.036288142,0.0,0.06285405,0.04380099,0.06285405
mp-1214229,-0.38335246,-0.31656736,0.035348326,0.0667851,0.0,0.033533644,0.020948768,0.033533644
mp-771016,-2.3135774,-2.2610183,0.027296212,0.052559137,2.395,1.4966694,0.31401533,0.89833057
mp-1110872,-2.131194,-2.1454005,0.010244469,0.014206409,3.6689415,3.5259414,0.15310939,0.14300013
mp-27961,-0.4901485,-0.5683452,0.03813866,0.078196675,0.0,0.018569851,0.03165861,0.018569851
mp-778090,-2.1930318,-2.1891227,0.027884014,0.003909111,1.1614,0.9021713,0.07432242,0.25922865
mp-1222474,-0.9124233,-0.99115294,0.08382808,0.07872963,0.0,0.08091702,0.05120033,0.08091702
mp-780474,-2.3865883,-2.391626,0.030069698,0.005037546,2.8421,2.1980376,0.31643987,0.6440623
mp-1223397,-3.0876787,-3.2253952,0.08054024,0.13771653,0.2336008,0.43563586,0.28045613,0.20203507
mp-1213761,-2.0418553,-1.9186472,0.060553733,0.123208165,2.7366,1.3061864,0.4898717,1.4304135
mp-1078387,-0.53377366,-0.43033028,0.07935657,0.103443384,0.0,0.107963465,0.11343646,0.107963465
mp-1223851,-0.36776602,-0.3671072,0.06512827,0.00065881014,0.529,0.31442595,0.053637277,0.21457404
mp-30097,-0.82535887,-0.79341215,0.028233403,0.03194672,0.8311014,1.2256259,0.07445278,0.39452446
mp-625663,-2.9704738,-2.9963274,0.09639353,0.025853634,4.4857,4.081131,0.38711947,0.40456915
mp-771888,-2.8373196,-2.7869706,0.08078821,0.050348997,4.1552,3.1865683,0.35311064,0.96863174
mp-978569,-0.5606157,-0.7009085,0.045235813,0.14029276,0.0,0.019947767,0.03641156,0.019947767
mp-2264,-0.85269773,-0.9371227,0.05341085,0.08442497,0.0,0.031253148,0.007256312,0.031253148
mp-1012678,-2.4174259,-2.379003,0.04559333,0.038422823,1.4711,1.2522364,0.34714302,0.2188636
mp-1196953,-0.9718117,-0.9124486,0.06824286,0.059363127,0.0,0.04591372,0.036313053,0.04591372
mp-1112923,-1.2956207,-1.3578775,0.11569974,0.062256813,1.084067,2.009541,0.32343286,0.92547405
mp-560219,-1.9710549,-1.9129642,0.08929814,0.058090687,2.9556,3.3232474,0.2567565,0.3676474
mp-1201558,-0.5091512,-0.5710096,0.038433205,0.061858356,0.0,0.026845599,0.034801807,0.026845599
mp-1215494,-0.88279295,-0.8610843,0.062789686,0.021708667,0.0,0.0853915,0.04208934,0.0853915
mp-1197065,-0.6772965,-0.69293815,0.022552744,0.01564163,1.1015,0.52087885,0.084400155,0.5806212
mp-11506,-0.052448668,-0.14568157,0.021419464,0.09323291,0.0,0.027439903,0.06094414,0.027439903
mp-758054,-1.9445237,-1.9278193,0.036423374,0.01670444,1.0302,0.91023445,0.15931188,0.11996555
mp-1219450,-2.6851916,-2.6458366,0.054308288,0.03935504,3.4491,3.1543221,0.2084167,0.29477787
mp-1209861,-1.0705897,-1.0976044,0.04175386,0.027014732,0.0,0.06001525,0.03351428,0.06001525
mp-697850,-2.6135252,-2.6163201,0.06171038,0.002794981,0.0961,2.983047,0.37507972,2.886947
mp-1209291,-2.8035777,-2.7647595,0.08407328,0.03881812,3.7006,2.782369,0.4015729,0.918231
mp-1183541,-0.1411185,-0.24574713,0.012699096,0.10462864,0.0,0.030316424,0.02522854,0.030316424
mp-672645,-0.97027194,-1.0385258,0.046413533,0.068253875,0.0,0.04897394,0.03740787,0.04897394
mp-1104121,-0.59843665,-0.56211644,0.074792475,0.03632021,0.0,0.048821114,0.03150097,0.048821114
mp-690725,-1.4706447,-1.5413098,0.02715837,0.07066512,0.3278,0.3782944,0.15537085,0.050494403
mp-569213,-0.32706398,-0.37445837,0.03381655,0.047394395,0.0,0.040727735,0.024753276,0.040727735
mp-1226293,-0.9361787,-0.97964257,0.023971995,0.043463886,0.0,0.113797165,0.06838099,0.113797165
mp-2712536,-2.762538,-2.7640653,0.031006858,0.0015273094,2.7516,3.7189763,0.26632693,0.96737623
mp-605663,-0.46204495,-0.41825742,0.054355845,0.04378754,0.0,0.0025342703,0.020491894,0.0025342703
mp-1224937,-0.12028573,-0.18684962,0.027924282,0.0665639,0.0,0.015496612,0.022040568,0.015496612
mp-2715776,-2.741526,-2.761355,0.03169825,0.019829035,2.629,2.276634,0.40662783,0.35236597
mp-27615,-2.8304808,-2.9517696,0.031399164,0.12128878,0.2618,0.5774766,0.45315984,0.31567663
mp-9406,-3.480497,-3.4578938,0.061236497,0.022603035,2.0739,1.5924345,0.1840425,0.48146546
mp-552016,-2.2257,-2.320683,0.08806722,0.0949831,0.0,0.2024293,0.12102429,0.2024293
mp-1212666,-0.662766,-0.6851137,0.04116508,0.022347748,0.7961,0.7296537,0.12530588,0.066446304
mp-684802,-2.758142,-2.84232,0.017684458,0.08417797,0.0,0.11397316,0.10780071,0.11397316
mp-630875,-0.6128994,-0.563544,0.039348792,0.049355447,0.0,0.024600912,0.02411916,0.024600912
mp-6596,-3.1545255,-3.1422105,0.068786,0.012315035,5.0423,4.473269,0.2666447,0.56903124
mp-23856,-1.7789127,-1.7086952,0.08693675,0.07021749,4.0345,4.3917284,0.28223217,0.35722828
mp-561538,-2.404341,-2.3912158,0.03965569,0.013125181,2.9762,2.8218398,0.23859493,0.1543603
mp-1187343,0.017831277,-0.032907296,0.027428769,0.050738573,0.0213,0.14501007,0.059940208,0.123710066
mp-1216879,-0.3651081,-0.47754526,0.023813497,0.11243716,0.0,0.034027122,0.021255013,0.034027122
mp-1173843,-1.545485,-1.5408698,0.051183026,0.0046151876,0.75,1.071425,0.30385885,0.32142496
mp-1226009,-0.23456281,-0.28497595,0.017522309,0.05041313,0.0,0.03167207,0.037438527,0.03167207
mp-567729,-1.4479209,-1.3750565,0.050954007,0.07286441,0.0,0.15906553,0.07668494,0.15906553
mp-1195168,-1.8080978,-1.8131554,0.033738166,0.0050575733,2.0209,2.4927776,0.09455524,0.47187757
mp-1195654,-1.5236247,-1.4911999,0.037666544,0.032424808,0.0075,0.747213,0.09709284,0.739713
mp-1102174,-0.42316216,-0.42412767,0.02737014,0.00096550584,0.0,0.023059536,0.014488068,0.023059536
mp-770829,-2.0201914,-2.0747614,0.052021433,0.05456996,2.266,1.371694,0.2807557,0.89430606
mp-706599,-2.328851,-2.4057167,0.05909128,0.07686567,1.7989,3.1383967,0.17426154,1.3394967
mp-571208,-0.38444638,-0.3782028,0.028475018,0.0062435865,0.0,0.034722973,0.028338697,0.034722973
mp-1112484,-1.4811357,-1.3922997,0.04557539,0.088836074,2.4295,2.0678058,0.111868836,0.36169434
mp-39249,-2.7563798,-2.7620854,0.03857179,0.005705595,0.3663,0.041954495,0.045834087,0.3243455
mp-21601,-0.43810382,-0.47884378,0.015475098,0.040739954,0.0,0.0449738,0.05713155,0.0449738
mp-1105460,-3.326075,-3.2524781,0.025065823,0.073596954,0.0,1.055809,0.58907557,1.055809
mp-1186477,-0.41929343,-0.34815645,0.05859435,0.07113698,0.0,0.023787284,0.026209896,0.023787284
mp-31100,-0.6292124,-0.6368374,0.0488197,0.0076250434,0.0,0.02270999,0.034176536,0.02270999
mp-1217594,-2.600207,-2.568903,0.054796893,0.03130412,1.1933,0.7392931,0.17776832,0.4540069
mp-1101535,-2.6644974,-2.6537986,0.048544895,0.010698795,4.2662,3.5715404,0.09392772,0.6946597
mp-1204608,-0.5817679,-0.69345987,0.047026392,0.11169195,0.0351,0.029745173,0.017726367,0.005354829
mp-13038,-2.385806,-2.3440342,0.061410736,0.04177189,3.9753,3.4711967,0.3107403,0.5041034
mp-2715277,-2.9428024,-2.9341247,0.035942543,0.008677721,3.7194,3.8777313,0.13624503,0.1583314
mp-31221,0.007972721,-0.08094344,0.07427897,0.08891617,0.0,0.017115306,0.04410478,0.017115306
mp-30003,-1.3132958,-1.2753093,0.07538593,0.037986517,1.65,1.4789417,0.51726323,0.1710583
mp-1222760,-0.5149696,-0.619644,0.06265354,0.1046744,0.0,0.03202317,0.028544838,0.03202317
mp-570559,-0.8267348,-0.8505289,0.015181977,0.023794115,2.3719,2.480503,0.10661711,0.108603
mp-1025304,-0.51984406,-0.5464571,0.08014898,0.026613057,0.0,0.043456554,0.053207904,0.043456554
mp-1184223,-0.45436,-0.51249176,0.043189805,0.058131754,0.0,0.005022049,0.022905909,0.005022049
mp-3839,-0.34634194,-0.3578154,0.026049782,0.011473477,0.2058,0.19649684,0.056716774,0.009303153
mp-743819,-3.4291992,-3.3700333,0.07281194,0.059165955,1.9227,1.835665,0.352743,0.08703506
mp-1189227,-0.94712675,-0.7961802,0.051038545,0.15094656,2.6436,2.7398686,0.21431507,0.096268654
mp-775101,-2.4916441,-2.496748,0.057356324,0.0051038265,0.0,1.0351999,0.19233996,1.0351999
mp-1224014,-2.207386,-2.1718357,0.06154896,0.035550356,5.0563,5.1823235,0.07119616,0.12602329
mp-560569,-2.259648,-2.2070928,0.087494664,0.052555323,0.5721,0.9726304,0.22352041,0.4005304
mp-1102482,-0.48300734,-0.530481,0.022946822,0.04747364,0.0,0.046639442,0.035750724,0.046639442
mp-1095321,-0.91235673,-0.90822303,0.12777793,0.0041337013,0.0,1.0073936,0.39833033,1.0073936
mp-1221028,-2.8429513,-2.9059885,0.05457512,0.06303716,2.421412,1.7511327,0.3156989,0.67027926
mp-1189305,-1.1546447,-1.0375266,0.047049947,0.11711812,1.1456,0.78457135,0.122824654,0.3610286
mp-9251,-0.42995572,-0.3841277,0.036254913,0.045828015,0.0,0.25949022,0.042234406,0.25949022
mp-781610,-2.4687066,-2.452631,0.030724986,0.016075611,0.1707,0.053239346,0.4559085,0.11746065
mp-1026441,-0.00098754,-0.10043325,0.034477696,0.099445716,0.0,0.13209942,0.101422735,0.13209942
mp-1225742,0.012961134,-0.067279674,0.0343447,0.08024081,0.0,0.06703069,0.08859122,0.06703069
mp-1203085,-3.099993,-3.0718064,0.027941149,0.02818656,4.2323,4.1777506,0.21513835,0.054549217
mp-15819,-0.27036607,-0.29809988,0.049923826,0.027733803,0.0,0.04003482,0.03036368,0.04003482
mp-1212993,-3.8272817,-3.7667606,0.07222517,0.060521126,4.1428,4.2452483,0.23784252,0.10244846
mp-1224736,-1.9452225,-1.8983272,0.05886576,0.046895266,4.5703,5.0694532,0.09828903,0.49915314
mp-1206803,-1.1190072,-1.1938587,0.032969836,0.07485151,0.4951,0.06999536,0.10805754,0.42510462
mp-1183826,-0.28566512,-0.38348553,0.06186326,0.0978204,0.0,0.027145196,0.017225115,0.027145196
mp-1222530,-1.4368154,-1.4651992,0.055182472,0.028383851,0.8435,0.508799,0.17977639,0.334701
mp-634466,-0.9375653,-0.95503074,0.042485673,0.017465413,3.4906,3.7621021,0.32717574,0.27150202
mp-554150,-1.7520899,-1.756202,0.03437539,0.0041121244,1.6732,1.6961912,0.08143095,0.02299118
mp-608777,-0.59517,-0.7004975,0.048485078,0.10532749,0.0,0.0532568,0.03699498,0.0532568
mp-863741,-0.50728977,-0.57961786,0.09394089,0.07232809,0.0,0.05398047,0.04056091,0.05398047
mp-1221336,-3.1278148,-3.1477892,0.07201237,0.01997447,4.343,4.277789,0.1743814,0.06521082
mp-3347167,-2.2506027,-2.3520653,0.034021318,0.1014626,5.69,5.6101737,0.2066741,0.079826355
mp-1210873,-2.2838845,-2.3037238,0.042890083,0.019839287,0.2695,0.81030303,0.2541432,0.5408031
mp-1206267,-0.755022,-0.7504763,0.07050721,0.0045456886,0.0,0.06565547,0.047803767,0.06565547
mp-1204821,-1.2939515,-1.3209178,0.043201167,0.026966333,3.9336,3.3022983,0.14302589,0.63130164
mp-772159,-2.4595506,-2.4961457,0.042751692,0.036595106,0.0,0.19864039,0.07622377,0.19864039
mp-556541,-0.7862133,-0.6643619,0.08275799,0.121851385,1.5186,1.5797068,0.09687073,0.0611068
mp-1187587,-0.6885066,-0.62459224,0.08114553,0.06391436,0.0,0.041324545,0.021836892,0.041324545
mp-1227773,-0.511526,-0.6062647,0.031872123,0.09473872,0.0,0.033106755,0.031182282,0.033106755
mp-1206476,-0.39696348,-0.4346756,0.047714196,0.037712127,0.0,0.03126216,0.016583728,0.03126216
mp-862798,-0.25043008,-0.2624176,0.022858026,0.011987537,0.0,0.0057706595,0.035755564,0.0057706595
mp-1187817,0.038045052,-0.15908945,0.068550736,0.1971345,0.0,-0.016146993,0.060167793,0.016146993
mp-1213543,-1.7677624,-1.7570223,0.06195302,0.010740161,5.6517,5.1591616,0.1269928,0.49253845
mp-1217431,-0.5029059,-0.514989,0.074459255,0.012083113,0.0,0.029909324,0.11275748,0.029909324
mp-1226519,-0.8967904,-0.9660673,0.03169397,0.06927693,0.0,0.027067399,0.028935641,0.027067399
mp-1220457,-0.7440138,-0.74823856,0.07048456,0.004224777,0.0,0.025595188,0.017556738,0.025595188
mp-27924,-1.4906359,-1.5272171,0.12051649,0.036581278,0.0,0.21616168,0.18707803,0.21616168
mp-778008,-2.55046,-2.4979417,0.042677104,0.052518368,0.0,0.589174,0.4478138,0.589174
mp-14555,-2.90861,-2.9220078,0.048556667,0.013397694,4.3762,3.246612,0.118061,1.1295881
mp-1247043,-1.4510429,-1.5194118,0.14826302,0.06836891,2.5046592,3.078146,0.50624055,0.5734868
mp-559869,-2.5185866,-2.5277045,0.025470985,0.009117842,3.294514,2.6973484,0.34327966,0.5971656
mp-2642,-0.053040937,-0.063578226,0.055851333,0.010537289,0.0,-0.0026043416,0.03212553,0.0026043416
mp-13363,-0.5393094,-0.6367334,0.02973414,0.09742403,0.0,0.043426346,0.054789536,0.043426346
mp-555442,-1.3520961,-1.3432614,0.07842434,0.00883472,2.9533,2.5422482,0.3283712,0.41105175
mp-560591,-3.3634617,-3.3561788,0.05421704,0.0072829723,2.719,2.5856142,0.55110043,0.1333859
mp-30519,-1.3973033,-1.3408107,0.05244436,0.056492686,3.2824,3.036618,0.24700026,0.2457819
mp-173,-0.17369762,-0.2571061,0.05780692,0.083408475,0.0,0.043926883,0.027951622,0.043926883
mp-579463,-1.2177048,-1.1817676,0.05064354,0.03593719,0.2988,0.16828164,0.059457403,0.13051835
mp-759239,-2.2987611,-2.2971628,0.021205643,0.0015983582,1.5781,2.0694463,0.21025304,0.49134636
mp-1226457,-1.7747355,-1.7802045,0.04354277,0.005469084,0.754,0.985925,0.22709407,0.23192501
mp-1216014,-1.7506654,-1.8102405,0.08999992,0.05957508,0.0,0.025856923,0.04679626,0.025856923
mp-772715,-2.7785826,-2.735289,0.042515546,0.043293476,0.8842,0.98490846,0.13142437,0.100708485
mp-22163,-2.5284634,-2.554872,0.053163894,0.026408672,2.9735,3.202456,0.29376155,0.22895598
mp-1211832,-1.2683539,-1.2379348,0.06296447,0.030419111,2.9954,1.4498537,0.3499643,1.5455463
mp-1224388,-1.683427,-1.8273556,0.05886158,0.14392865,0.0,0.04839189,0.1813714,0.04839189
mp-1178192,-2.7011657,-2.6604037,0.0388381,0.040761948,1.0735,1.0133814,0.22614695,0.060118675
mp-1035067,-2.7840843,-2.6885066,0.02696833,0.09557772,1.9117,0.8615098,0.4312873,1.0501902
mp-27437,-1.3299716,-1.2759628,0.060070246,0.054008722,3.1894,2.6755679,0.5707477,0.5138321
mp-3834,-3.639169,-3.6709645,0.090715304,0.0317955,3.0441,3.4687018,0.27951038,0.4246018
mp-8291,-3.9742682,-3.9570656,0.047439493,0.017202616,4.3236,5.356612,0.69910747,1.0330124
mp-754394,-2.7267425,-2.7169366,0.043564297,0.009805918,0.384,0.42883363,0.3009573,0.04483363
mp-30889,-2.592799,-2.6967633,0.041574813,0.10396433,0.0,-0.017224718,0.087285034,0.017224718
mp-772291,-2.3295288,-2.3521805,0.01942968,0.022651672,0.1656,0.29293105,0.09436557,0.12733105
mp-1215567,-3.6063924,-3.4709454,0.13613226,0.13544703,0.0,1.178454,0.29680887,1.178454
mp-561005,-2.4023497,-2.3522766,0.046376605,0.050073147,3.5354,2.9861827,0.12721752,0.5492172
mp-36592,-1.9485068,-1.8904043,0.0739513,0.05810249,1.4881,0.91804755,0.112724215,0.5700525
mp-979012,-0.42471075,-0.43463093,0.05634282,0.00992018,0.0,0.039843895,0.018587884,0.039843895
mp-862613,-0.26136,-0.30828047,0.08934285,0.04692048,0.0,0.04893756,0.046914153,0.04893756
mp-1215728,-2.6640124,-2.6116579,0.05442956,0.052354574,2.9391246,2.8668041,0.14973553,0.07232046
mp-1174149,-2.0111172,-2.0180688,0.02304874,0.0069515705,0.4838,0.6172263,0.089617155,0.13342631
mp-1206129,-0.39042014,-0.48489922,0.03047548,0.094479084,0.0,0.16814804,0.046452165,0.16814804
mp-542028,-1.0053045,-0.992257,0.05586121,0.013047457,0.0,0.04866288,0.047041595,0.04866288
mp-1023925,-0.87613165,-0.8869111,0.0413811,0.01077944,1.697,1.3344593,0.19929157,0.36254072
mp-561102,-1.7779739,-1.7538483,0.082520775,0.024125576,2.3884,1.5554969,0.2497775,0.83290315
mp-1221266,-0.59788936,-0.66733176,0.05923585,0.06944239,0.0,0.025696373,0.017171632,0.025696373
mp-777373,-2.287912,-2.2828493,0.023069857,0.00506258,1.3798,1.8439434,0.2013293,0.4641434
mp-630883,-0.46871397,-0.49044538,0.014386156,0.021731406,0.0,0.028805828,0.05563643,0.028805828
mp-1221976,-0.47563875,-0.70573854,0.042978685,0.2300998,0.9911,0.48226613,0.17286263,0.5088339
mp-1302458,-2.4269786,-2.440636,0.032494646,0.0136573315,1.6523,1.0335412,0.055989973,0.6187588
mp-1218448,-2.5244935,-2.445547,0.07071324,0.07894635,1.9231236,1.2179154,0.14311638,0.7052082
mp-1518556,-2.5892515,-2.7933724,0.060979754,0.20412087,0.0,0.2923354,0.14903519,0.2923354
mp-1210027,-1.0451535,-1.1490513,0.0481155,0.10389781,0.1114,0.79807407,0.20373118,0.68667406
mp-35799,-2.9424937,-2.9481082,0.094557434,0.005614519,2.7787,2.9563477,0.2725864,0.17764759
mp-1203692,-1.4181476,-1.5052631,0.15042627,0.087115526,1.58,1.2519476,0.47352713,0.3280524
mp-1229160,-1.0482609,-1.0467398,0.023494896,0.0015211105,1.4582,1.6881516,0.14022955,0.22995162
mp-4219,-0.74522394,-0.8142997,0.06885029,0.06907576,0.0,0.029438877,0.030471332,0.029438877
mp-1072712,-1.3308762,-1.3261123,0.031096278,0.004763961,0.0,0.07615535,0.09732282,0.07615535
mp-1278188,-2.5646057,-2.5650058,0.024286354,0.00040006638,1.4547,2.0292957,0.206795,0.5745957
mp-978986,-0.7128949,-0.66007257,0.031912044,0.05282235,0.0,0.031580664,0.038247757,0.031580664
mp-760364,-2.1594923,-2.1550233,0.025748422,0.004468918,1.6136,1.1315618,0.12629212,0.48203826
mp-673837,-2.3398867,-2.330111,0.05135493,0.009775639,0.745,0.4560116,0.13842121,0.2889884
mp-569543,-2.2273548,-2.1815457,0.050040785,0.04580903,1.2550471,0.8460082,0.2022085,0.4090389
mp-29333,-2.3279896,-2.29812,0.1101659,0.029869556,0.9588,0.34692952,0.23412244,0.6118705
mp-1216138,-1.5184869,-1.5280079,0.11286749,0.009521008,0.0,0.08339056,0.19655865,0.08339056
mp-2762888,-1.3618115,-1.3918322,0.058334745,0.030020714,3.5428,2.8087099,0.15482302,0.7340901
mp-1221836,-1.7198817,-1.7576447,0.024888854,0.037763,0.4992362,0.62308747,0.24122888,0.12385127
mp-1175239,-2.056348,-2.0568097,0.030268917,0.00046157837,0.8733,0.6064429,0.06076233,0.2668571
mp-1216388,-0.38433525,-0.3948958,0.05635467,0.010560542,0.0,0.038694717,0.050892703,0.038694717
mp-1228751,-2.5111175,-2.5033526,0.031377785,0.0077648163,1.4233,0.7802466,0.21187536,0.6430534
mp-1220061,-2.3637924,-2.2859855,0.043473985,0.07780695,3.6883,2.6068923,0.22775668,1.0814075
mp-6233,-2.5368485,-2.5036225,0.043550763,0.033226013,0.5002,0.18158059,0.0892217,0.31861937
mp-865608,-0.2913668,-0.44947034,0.089207314,0.15810356,0.0,0.028088998,0.044049494,0.028088998
mp-2714018,-2.4219236,-2.474649,0.046379656,0.052725315,0.9471,1.9021475,0.2471588,0.95504755
mp-29345,-1.0067713,-1.1913649,0.064971864,0.18459356,2.2473,3.0575778,0.20246945,0.81027794
mp-3338,-2.2166836,-2.1957595,0.0765929,0.020924091,2.8599,2.6298146,0.12279411,0.23008537
mp-557040,-3.0312564,-3.031498,0.023736093,0.00024151802,5.6663,5.523526,0.25775716,0.14277363
mp-680437,-3.0545063,-3.0246983,0.024202535,0.029808044,3.1419,2.95884,0.17094429,0.18306017
mp-1220338,-0.4679857,-0.4773013,0.074222,0.00931561,0.0,0.08929026,0.08806029,0.08929026
mp-755534,-2.7153027,-2.6992671,0.039080676,0.016035557,3.5908,2.16439,0.5977808,1.42641
mp-550300,-1.4586117,-1.4182235,0.04523155,0.040388227,0.2889,0.8491831,0.16650423,0.56028306
mp-865980,-0.74881154,-0.7525846,0.05089443,0.0037730336,1.4308,1.4707209,0.17720927,0.039920926
mp-1202188,-0.70212543,-0.72258466,0.08045493,0.020459235,1.8079436,0.97850245,0.18148299,0.82944113
mp-2714012,-2.7712908,-2.7894814,0.031365763,0.018190622,1.0904,2.1393356,0.39544386,1.0489357
mp-11959,-0.6577404,-0.6452653,0.04075345,0.012475133,0.0,0.02415073,0.029988168,0.02415073
mp-780572,-2.507802,-2.43364,0.0627006,0.07416201,2.0565,1.1515766,0.34637526,0.9049233
mp-28758,-1.8756026,-1.9592679,0.08031196,0.08366525,0.0,0.3790109,0.095345154,0.3790109
mp-731452,-3.0042996,-2.9600508,0.03265427,0.04424882,2.9796,2.2306519,0.18707058,0.7489481
mp-1620,-0.29988953,-0.23950693,0.06594773,0.060382605,0.0,0.12886329,0.041399136,0.12886329
mp-2713680,-2.6820052,-2.6840234,0.026298381,0.0020182133,2.9603,3.157431,0.28389636,0.19713092
mp-1184966,-0.444233,-0.5575739,0.08106286,0.113340914,0.0,0.100338295,0.09694378,0.100338295
mp-378,-0.88497955,-0.84827816,0.037498154,0.03670138,0.0,0.018869018,0.023888238,0.018869018
mp-24620,-2.0317822,-2.0309138,0.048962396,0.00086832047,4.0949,4.0930166,0.1778682,0.0018835068
mp-1025368,-1.5739931,-1.621439,0.036466293,0.047445893,0.0,0.010598612,0.046635516,0.010598612
mp-1306034,-2.4223504,-2.4333887,0.060342237,0.011038303,1.5596,0.96685266,0.17935123,0.59274733
mp-754810,-2.4073431,-2.4394565,0.023800341,0.032113314,1.0425,0.93201005,0.16331889,0.110489964
mp-510570,-1.7263774,-1.717384,0.056031607,0.008993387,0.0,0.019633507,0.08569858,0.019633507
mp-1106165,-0.71840006,-0.64860183,0.02862043,0.06979823,0.0,0.020391082,0.029733181,0.020391082
mp-17519,-2.8415976,-2.8025146,0.04777721,0.039083004,1.9275,1.2269615,0.16356213,0.7005385
mp-758373,-2.3985887,-2.358189,0.03549677,0.04039955,3.153,2.4203715,0.11668028,0.7326286
mp-26991,-2.5016625,-2.4556258,0.03598742,0.04603672,3.0315,3.1603286,0.16281499,0.12882853
mp-555874,-0.8557796,-0.8396076,0.07052789,0.016171992,1.0664,1.6977637,0.2270484,0.63136363
mp-1385224,-2.538451,-2.620008,0.05834835,0.081557035,1.1203,0.13720417,0.19848649,0.9830959
mp-1084805,-0.70686334,-0.69279563,0.11649271,0.014067709,0.0,0.3166462,0.2206998,0.3166462
mp-568540,-0.38926682,-0.43961328,0.053427637,0.050346464,0.9357,1.0883286,0.23075342,0.1526286
mp-1187878,-0.296567,-0.38621187,0.08459658,0.08964488,0.0,0.042009283,0.027527884,0.042009283
mp-642938,-1.7136992,-1.6583588,0.040537715,0.05534041,2.2292,1.8636163,0.060404528,0.36558354
mp-769595,-2.419807,-2.382824,0.031563446,0.036983013,1.6083,1.314913,0.144555,0.29338694
mp-1225638,-0.9201914,-0.92783993,0.04544046,0.0076485276,0.0,0.041074824,0.05746411,0.041074824
mp-774985,-1.9530301,-2.015991,0.023223633,0.06296086,2.6306,2.552813,0.2768152,0.07778692
mp-1184095,-0.31973794,-0.35954615,0.03654221,0.039808214,0.0,0.028433513,0.017451791,0.028433513
mp-1215947,-0.5046864,-0.64118063,0.026650818,0.13649422,0.0,0.021808982,0.026387846,0.021808982
mp-7030,-0.7251683,-0.7457106,0.034670945,0.020542324,0.0,0.054174375,0.036777,0.054174375
mp-772293,-2.3240008,-2.3541698,0.041024268,0.03016901,4.0042,3.7384567,0.095677055,0.26574326
mp-622209,-0.4187757,-0.49581647,0.033264086,0.07704076,0.0,0.03720839,0.046941813,0.03720839
mp-1113539,-2.3184154,-2.4483066,0.055007752,0.12989116,1.8768,1.739486,0.41454166,0.13731396
mp-1207712,-0.44356006,-0.4941407,0.041980747,0.05058065,0.0,0.029261041,0.029825868,0.029261041
mp-850362,-2.372543,-2.3698764,0.015185195,0.0026667118,3.163,2.9526868,0.21254091,0.21031332
mp-21040,-0.4522984,-0.4750043,0.036405638,0.022705883,0.0,0.021586895,0.0314907,0.021586895
mp-18313,-3.424207,-3.3853974,0.05476161,0.038809538,4.3777,4.3427763,0.2206537,0.034923553
mp-767,-0.6860231,-0.76229304,0.062559366,0.076269925,0.0,0.01774404,0.023632301,0.01774404
mp-570948,-0.8404245,-0.8660369,0.08479412,0.025612414,2.1319,1.4178762,0.18262732,0.7140238
mp-1227351,-0.42219123,-0.45194474,0.059203666,0.029753506,0.0,0.044608664,0.020885237,0.044608664
mp-1068,-0.17605135,-0.49403024,0.08809026,0.3179789,0.0,-0.055483006,0.20033368,0.055483006
mp-571547,-0.08118414,-0.18914068,0.019900324,0.107956536,0.0,0.1326302,0.07185726,0.1326302
mp-975284,-1.205418,-1.6689126,0.050396793,0.46349466,0.0,0.0020814897,0.14695375,0.0020814897
mp-1227212,-0.05677011,-0.14523737,0.05747704,0.08846726,0.0,0.02369988,0.04395595,0.02369988
mp-1198771,-1.6457659,-1.5955596,0.04502795,0.050206304,2.7326,2.7828784,0.2878984,0.050278425
mp-989515,-1.0718826,-1.1589305,0.07208948,0.087047935,0.0,0.6420678,0.3359044,0.6420678
mp-861913,-0.24952011,-0.26495954,0.085590646,0.015439436,0.0,0.020310521,0.02670977,0.020310521
mp-667283,-2.7485604,-2.689399,0.048562136,0.059161425,2.3364,1.7038944,0.32623094,0.63250566
mp-654335,-1.6526502,-1.6717148,0.039856505,0.019064546,0.0,0.34905034,0.3808816,0.34905034
mp-1199856,-0.30315548,-0.37477237,0.053014275,0.07161689,0.0,0.05669687,0.035342183,0.05669687
mp-17259,-3.4600537,-3.405046,0.027289718,0.055007696,2.0585,3.710981,0.24071947,1.6524808
mp-1218151,-2.7060375,-2.6649394,0.02263066,0.041098118,0.9636,0.44482487,0.033262867,0.5187751
mp-776240,-1.949432,-1.8855553,0.018065894,0.06387675,0.375,0.9560491,0.0703317,0.5810491
mp-29368,-3.779916,-3.6472564,0.11992949,0.13265967,3.4215,1.7266381,0.34210894,1.6948619
mp-1211227,-4.2749853,-4.1550145,0.04311985,0.1199708,6.6092076,0.18385406,0.3907855,6.4253535
mp-568001,-1.2632334,-1.1286218,0.054209396,0.1346116,0.8372,1.828125,0.16979927,0.990925
mp-1186515,-2.3125834,-2.297813,0.06937181,0.014770508,0.0,0.08723487,0.20766887,0.08723487
mp-761016,-2.179922,-2.15238,0.014803212,0.027542114,1.3064,0.7064742,0.106546745,0.59992576
mp-30542,-0.28752106,-0.45517072,0.035272837,0.16764966,0.0,0.3944437,0.15979514,0.3944437
mp-1189214,-3.0929935,-3.0589378,0.033722527,0.03405571,0.0,0.90774363,0.11220404,0.90774363
mp-1215320,-0.1855677,-0.17748716,0.045258842,0.008080542,0.0,0.03884373,0.027822243,0.03884373
mp-1195778,-1.9794238,-2.0168662,0.023454994,0.037442446,0.61587614,0.8670721,0.11855777,0.25119597
mp-6914,-0.5294938,-0.55485296,0.069310725,0.025359154,0.0,0.0768549,0.054881364,0.0768549
mp-10441,-0.40069336,-0.35297436,0.033044256,0.047719,0.0,0.045459844,0.0634149,0.045459844
mp-1207880,-0.5358043,-0.60820115,0.076193795,0.072396874,0.0,0.049088,0.015734635,0.049088
mp-1216676,-0.8524781,-0.8415683,0.07825638,0.010909796,0.0,0.04869597,0.02501271,0.04869597
mp-1077735,-0.72002864,-0.7086469,0.052679185,0.011381745,0.0,0.042568732,0.034027427,0.042568732
mp-1080691,-0.77553594,-0.7772904,0.035624936,0.0017544627,0.6905,1.0026338,0.0135216825,0.3121338
mp-755800,-2.4178038,-2.417804,0.01213447,2.3841858e-07,3.0617,2.8385851,0.21559754,0.22311497
mp-1106108,-0.6186989,-0.6989385,0.055187013,0.080239594,0.0,0.04453788,0.017561665,0.04453788
mp-755478,-1.4350966,-1.4999374,0.030686645,0.06484079,0.8139,0.6692239,0.2264782,0.14467609
mp-1212327,-3.8353086,-3.7487907,0.07687834,0.08651781,4.1156,4.0732946,0.17292225,0.04230547
mp-14128,-3.7267563,-3.688017,0.045928676,0.038739443,6.4668,6.7235856,0.4943773,0.2567854
mp-1101820,-0.4991693,-0.39386362,0.10289784,0.10530567,0.1596,0.5656368,0.2303961,0.4060368
mp-557260,-2.8119617,-2.6974006,0.103836894,0.11456108,4.2682,3.9865956,0.09625756,0.2816043
mp-1042442,-2.3628774,-2.2220404,0.06261463,0.14083695,1.9335,1.5016772,0.29930538,0.4318229
mp-30174,-0.14616515,-0.24732098,0.06302548,0.10115583,0.0,0.06910889,0.03946121,0.06910889
mp-11593,-0.67196083,-0.67062324,0.023309814,0.0013375878,0.0,0.020318866,0.025498828,0.020318866
mp-1217563,-0.012851408,-0.05078094,0.03613717,0.037929535,0.0,0.025944566,0.042260833,0.025944566
mp-2520,-1.2923218,-1.205467,0.10803049,0.086854815,0.0,0.15432866,0.038718965,0.15432866
mp-1221728,-0.293825,-0.33505774,0.04227935,0.041232735,0.0,0.01383624,0.019929912,0.01383624
mp-972957,-0.6565835,-0.62261724,0.031820014,0.033966243,0.0,-0.00081973075,0.032709837,0.00081973075
mp-1282822,-2.9264002,-2.8222148,0.043048028,0.10418534,1.0204,0.40151662,0.14529826,0.61888343
mp-1232397,-0.6322072,-0.6327062,0.049997963,0.0004990101,0.3022,0.40022245,0.14573705,0.09802246
mp-28064,-0.77840596,-0.5138902,0.075717606,0.26451576,2.8648,2.3424056,0.25529003,0.5223944
mp-1209957,-0.6570815,-0.8976448,0.03628451,0.24056333,1.0443,1.421241,0.15801607,0.37694108
mp-12337,-2.8117342,-2.7673259,0.117152825,0.04440832,0.5187,0.11852511,0.18362577,0.4001749
mp-18932,-2.6389537,-2.5717487,0.038924836,0.06720495,3.6337,3.1976955,0.19986834,0.4360044
mp-1218723,-2.5787354,-2.5841737,0.03928583,0.005438328,0.0,0.10271914,0.08009116,0.10271914
mp-1101190,-2.9598346,-2.962687,0.0429532,0.0028524399,2.7491007,2.0510066,0.18097445,0.6980941
mp-1203641,-1.6033596,-1.5903877,0.03581531,0.012971878,2.3938134,2.508966,0.1364926,0.1151526
mp-29006,-1.8119212,-1.9486382,0.15765572,0.13671696,3.7605,3.8292155,0.43124312,0.06871557
mp-1191641,-0.6957104,-0.7560364,0.053644847,0.06032598,0.0,0.048202373,0.027136166,0.048202373
mp-2706,-2.707036,-2.7680812,0.09472582,0.06104517,3.115,4.331178,0.56945294,1.2161782
mp-753571,-2.9681609,-2.8990924,0.06391222,0.06906843,3.0771,3.358667,0.7540746,0.28156686
mp-1173414,-3.8450844,-3.8276315,0.039018128,0.017452955,0.4989,0.8199442,0.22609521,0.3210442
mp-1069815,-0.5989599,-0.45828682,0.028807953,0.1406731,0.0,0.028063964,0.026043218,0.028063964
mp-758895,-2.637686,-2.6443417,0.05463314,0.006655693,3.1813,3.2533302,0.23684986,0.072030306
mp-568158,-0.0952809,-0.10562587,0.0477482,0.010344967,0.0,0.022429634,0.039158218,0.022429634
mp-621924,-3.2063284,-3.225699,0.1085038,0.019370556,4.4668,4.1888533,0.21629591,0.27794695
mp-20706,-1.075513,-1.0544521,0.08426914,0.021060944,0.0,0.030642271,0.035569303,0.030642271
mp-1069603,-0.66058546,-0.63790065,0.106012926,0.022684813,0.0,0.0371418,0.039184812,0.0371418
mp-997022,-1.1579193,-1.0798544,0.09531278,0.07806492,2.3753,0.6776267,0.19892697,1.6976732
mp-6950,-0.6914065,-0.6879103,0.022290764,0.00349617,0.0,0.34532592,0.069849916,0.34532592
mp-1189581,-0.8147635,-0.8121351,0.05658735,0.002628386,0.0,0.03591759,0.024308797,0.03591759
mp-2969,-0.93886405,-0.9544737,0.04789072,0.015609622,1.1348,1.0659811,0.14279439,0.06881881
mp-1199023,-2.1787856,-2.1478267,0.02360049,0.03095889,1.2009866,0.6102143,0.1996394,0.59077233
mp-863698,-0.2541764,-0.24320921,0.044469498,0.010967195,0.0,0.029244851,0.026744938,0.029244851
mp-22152,-0.26860994,-0.366201,0.056890704,0.09759107,0.0,0.072091915,0.043669384,0.072091915
mp-768110,-2.9825733,-2.9472015,0.09812668,0.03537178,2.4416,2.4442477,0.32061937,0.0026476383
mp-760842,-2.6978657,-2.6676955,0.04773982,0.030170202,0.5619,1.1354178,0.30742905,0.5735178
mp-12772,-0.3100793,-0.44496375,0.059928447,0.13488445,0.0,0.06515677,0.06467606,0.06515677
mp-20182,-0.49975094,-0.54268706,0.021860097,0.042936116,0.0,0.00028629304,0.059186026,0.00028629304
mp-1075921,-2.4365268,-2.4297948,0.11139123,0.006731987,0.0,0.07905147,0.09545882,0.07905147
mp-979001,-0.7504158,-0.8696658,0.07225916,0.11925,0.0,0.038229443,0.051530223,0.038229443
mp-2714052,-3.2077641,-3.2021804,0.024111414,0.005583763,4.6967,4.4072824,0.14335571,0.28941774
mp-1220831,-0.45457745,-0.42453393,0.061903805,0.030043513,0.0,0.027690386,0.018322796,0.027690386
mp-1211468,-2.8231673,-2.8160815,0.032348797,0.0070858,4.7747,4.8342795,0.09424378,0.059579372
mp-3630,-0.7292121,-0.7759373,0.032324657,0.046725214,0.0,0.029615402,0.026802342,0.029615402
mp-1211655,-0.34400785,-0.3226834,0.07701015,0.021324456,4.3021,3.6195672,0.42807478,0.682533
mp-646450,-0.47753233,-0.5402382,0.03805531,0.062705874,0.0,0.045426868,0.027281757,0.045426868
mp-558855,-1.685936,-1.7430035,0.046532676,0.057067513,1.6002,1.5059385,0.26365715,0.09426153
mp-866134,-0.12830673,-0.07942893,0.038881116,0.048877798,0.0,0.029279685,0.026711106,0.029279685
mp-557055,-1.0000601,-1.0782492,0.28781325,0.078189135,0.0,2.1935956,0.5844989,2.1935956
mp-24402,-3.08599,-3.0924642,0.052358385,0.0064742565,5.2446,4.7936006,0.27101025,0.45099926
mp-2029557,-1.7854849,-1.7672209,0.07409616,0.018264055,0.5225,0.27266383,0.122748934,0.24983615
mp-1225141,-0.49036673,-0.5573944,0.04700892,0.06702766,0.0,0.065127805,0.030168531,0.065127805
mp-14535,-2.5482383,-2.5604997,0.049553536,0.012261391,4.3968,4.145069,0.21177751,0.25173092
mp-1018880,-0.6254762,-0.61882466,0.098221265,0.0066515207,0.0,0.032392837,0.03125041,0.032392837
mp-30986,-1.86033,-1.9380766,0.04806156,0.07774663,3.3639,3.4416454,0.21650414,0.07774544
mp-19084,-2.8618395,-2.9074636,0.044257503,0.045624018,3.5516,3.1511593,0.19057758,0.4004407
mp-570931,-0.75286174,-0.6663649,0.028246267,0.08649683,0.0,0.54141843,0.2319986,0.54141843
mp-1042827,-1.2957673,-1.4036404,0.04377997,0.10787308,0.0,0.5197792,0.060527507,0.5197792
mp-774378,-2.449953,-2.4458241,0.03948504,0.004128933,2.6337,2.3071086,0.22034544,0.32659125
mp-582389,-0.3902641,-0.52064836,0.0662444,0.13038427,0.0,0.012186456,0.027288167,0.012186456
mp-20257,-0.3514756,-0.31543988,0.023727164,0.036035717,0.0,0.014394927,0.022212513,0.014394927
mp-24625,-0.45674485,-0.4096755,0.096877284,0.04706934,3.8763,3.8973374,0.13620333,0.02103734
mp-1209096,-0.692887,-0.7305253,0.043823745,0.037638307,0.0,0.061531853,0.037729297,0.061531853
mp-1104612,-0.4867289,-0.5562007,0.047594268,0.06947178,0.0,0.073201105,0.049440723,0.073201105
mp-23789,-1.5574441,-1.5074518,0.037024707,0.049992323,1.2176,2.2267978,0.28840086,1.0091978
mp-29496,-0.5885525,-0.58850276,0.045265254,4.9710274e-05,1.3249,1.1836002,0.40791616,0.14129984
mp-558050,-2.9848745,-2.8862524,0.039905842,0.09862208,1.6786,0.8298653,0.58866894,0.8487347
mp-1247148,-1.1687515,-1.1867397,0.050074164,0.017988205,0.8434,0.35374674,0.17529045,0.48965326
mp-22495,-2.4529483,-2.4662452,0.049427826,0.013296843,0.0,0.124167845,0.08911474,0.124167845
mp-23583,-1.8073423,-1.7998917,0.053900935,0.0074505806,0.5768,2.1898978,0.21266003,1.6130978
mp-1105162,-2.6273277,-2.5610237,0.041143715,0.06630397,3.5212,1.9118363,0.35486344,1.6093637
mp-1210340,-1.7892044,-1.6727606,0.112975806,0.11644375,1.7858,0.9360445,0.39369017,0.84975547
mp-780329,-2.6519108,-2.6108756,0.02633317,0.041035175,0.4273,0.88913697,0.13494861,0.46183696
mp-1195875,-0.37391448,-0.36801934,0.044603147,0.005895138,0.0,0.028182577,0.048956476,0.028182577
mp-773482,-2.3461778,-2.3619142,0.030321384,0.015736341,1.2138,0.99732083,0.097039424,0.21647912
mp-19443,-2.1849468,-2.1675656,0.037878733,0.017381191,1.1503,1.1094148,0.12204389,0.04088521
mp-1213727,-0.7641316,-0.74625075,0.027945805,0.017880857,1.793,2.0200124,0.104757406,0.2270124
mp-1195469,-1.4332994,-1.4197257,0.05558915,0.013573766,2.9958,2.3465917,0.13112955,0.6492083
mp-1192397,-0.5869336,-0.78232086,0.04706241,0.19538724,2.0573,1.6933403,0.20964973,0.3639598
mp-1147662,-2.378114,-2.3304381,0.1037608,0.047675848,0.0,-0.5179997,0.31855652,0.5179997
mp-557463,-3.0230756,-2.9990776,0.033852663,0.023998022,3.7748,4.2530947,0.3261276,0.4782946
mp-1228402,-2.1804242,-2.1982923,0.033945695,0.017868042,0.0,0.053469967,0.040480174,0.053469967
mp-1275837,-1.3159053,-1.3485289,0.07283234,0.03262353,0.0,0.09938042,0.036642306,0.09938042
mp-1220598,-0.92806333,-1.0156631,0.02814521,0.087599814,0.0,0.037829757,0.056104396,0.037829757
mp-1214494,-3.4636364,-3.4717975,0.06817689,0.008161068,2.6225,3.1038792,0.07928568,0.48137927
mp-1223,-1.3309913,-1.2979078,0.06136699,0.03308344,0.0,0.015583682,0.03553189,0.015583682
mp-849358,-2.5412238,-2.4101524,0.10656479,0.13107133,1.0196,0.090525664,0.23704194,0.92907435
mp-1114113,-1.4478168,-1.397815,0.057643548,0.05000186,1.1583,1.3998505,0.084503904,0.24155045
mp-2715082,-2.9912472,-2.9889913,0.030346008,0.0022559166,4.3918,4.1385975,0.08549593,0.25320244
mp-1221058,-1.9399295,-1.8566883,0.011407702,0.083241224,1.8798,1.142231,0.20026079,0.737569
mp-1215433,-0.5586293,-0.5685066,0.029850429,0.009877324,0.0,0.030718898,0.016418548,0.030718898
mp-699489,-1.5250592,-1.5191628,0.11668606,0.005896449,0.0,2.207381,0.50886667,2.207381
mp-3372,-2.2650595,-2.122312,0.086144865,0.1427474,5.0014,2.970754,0.2919465,2.030646
mp-548479,-3.2749794,-3.2824707,0.03985833,0.00749135,1.5078,2.1126962,0.2861295,0.6048962
mp-1221503,-0.7745981,-0.8605604,0.044564903,0.085962296,0.2659,0.36361966,0.11472798,0.09771967
mp-740764,-1.6639615,-1.6166118,0.041568942,0.04734969,0.0,0.011361981,0.063584976,0.011361981
mp-1216673,-1.0269302,-0.83976334,0.09561358,0.18716687,0.0,0.0813009,0.048161004,0.0813009
mp-1218575,-3.2734277,-3.2777305,0.03862105,0.00430274,0.2471,1.5233809,0.29075927,1.2762809
mp-27595,-2.780986,-2.8461833,0.13974558,0.06519723,1.0682,1.4720823,0.6225323,0.40388227
mp-30712,-0.26277965,-0.2708142,0.043803014,0.008034557,0.0,0.06924586,0.068272986,0.06924586
mp-924130,-0.52942234,-0.5477625,0.012956296,0.01834017,0.4504,0.029891515,0.01891318,0.42050847
mp-1197584,-1.3251135,-1.3384231,0.042946044,0.013309598,3.6551,3.4399464,0.15651993,0.2151537
mp-27192,-3.4699225,-3.4587104,0.095823206,0.0112121105,7.1669,7.2440515,0.60189104,0.0771513
mp-559223,-1.6083047,-1.6398237,0.09695067,0.031518936,3.0599,2.4929678,0.47353467,0.5669322
mp-2665409,-1.2384995,-1.2800943,0.037254747,0.041594744,2.2425,1.9524266,0.11514083,0.2900735
mp-510262,-0.9187473,-0.76304543,0.10919279,0.15570188,0.0,0.29097754,0.20368749,0.29097754
mp-862290,-0.12166589,-0.2725426,0.08110069,0.1508767,0.0,0.029185176,0.010464429,0.029185176
mp-676402,-1.4482491,-1.4937668,0.03844402,0.045517683,0.0,0.19117539,0.039763305,0.19117539
mp-2715707,-2.9158008,-2.916153,0.056942467,0.00035214424,2.1371,2.1312287,0.12478541,0.005871296
mp-1228056,-0.31229085,-0.32635713,0.12204612,0.014066279,0.0,0.43186027,0.25642407,0.43186027
mp-6276,-1.9984863,-1.9710373,0.038257875,0.027449012,3.688,3.347519,0.39724258,0.34048104
mp-5621,-0.8477481,-0.8005601,0.05071924,0.047187984,1.6385,1.4863904,0.36141253,0.15210962
mp-555485,-3.1319165,-3.1061687,0.03553587,0.025747776,3.3601,3.7006545,0.15988682,0.34055448
mp-760229,-2.8394647,-2.8368657,0.07712861,0.002599001,2.4326,2.0184875,0.16065201,0.41411257
mp-29313,-0.8323654,-0.8246051,0.029484617,0.0077602863,1.0363,1.2936833,0.10230002,0.25738335
mp-1191022,-2.533942,-2.491424,0.023466373,0.0425179,3.6146,3.563591,0.17069769,0.05100894
mp-28293,-1.2845888,-1.1649811,0.057312455,0.11960769,2.4344,1.7395599,0.3870839,0.6948402
mp-1187932,-0.46482012,-0.5508076,0.0562828,0.08598748,0.0,0.03218267,0.014967576,0.03218267
mp-1217053,-0.21409547,-0.22911358,0.04736755,0.0150181055,0.0,0.03970666,0.022895534,0.03970666
mp-561402,-2.4051912,-2.3926535,0.0454176,0.012537718,1.9463,1.4036878,0.18553318,0.5426122
mp-1101181,-3.735231,-3.7461052,0.0155879,0.010874271,0.3457,2.6293774,0.45329082,2.2836773
mp-29309,-0.13870771,-0.31019172,0.08292262,0.17148401,4.4871,4.774708,0.28616053,0.28760767
mp-542437,-0.26796228,-0.27342242,0.043338392,0.005460143,0.0,0.0690043,0.06865312,0.0690043
mp-774554,-3.2333338,-3.1822999,0.10481865,0.051033974,0.0,0.85408753,0.43371987,0.85408753
mp-1202144,-1.4690633,-1.4453828,0.047914285,0.023680449,3.8856,3.0338588,0.17264937,0.8517413
mp-1211364,-0.52508223,-0.5497152,0.074941605,0.02463299,0.0,0.048180103,0.060036924,0.048180103
mp-26335,-2.5302663,-2.5216515,0.040409703,0.0086147785,2.7007,2.3777936,0.24035998,0.3229065
mp-1185178,-0.738845,-0.69479764,0.069783755,0.044047356,0.0,0.030450463,0.016369686,0.030450463
mp-1018757,-0.6088025,-0.5439504,0.06971262,0.06485212,0.0,0.04715004,0.048363555,0.04715004
mp-771056,-2.457616,-2.441255,0.029759068,0.016360998,0.0,0.49221182,0.09507021,0.49221182
mp-756878,-3.1787162,-3.2289455,0.22457108,0.05022931,0.0,0.7153119,0.91644084,0.7153119
mp-1194865,-2.6645615,-2.6453376,0.01916882,0.019223928,2.4804,2.331756,0.24157667,0.14864397
mp-1216156,-0.26424694,-0.2800841,0.05458237,0.015837163,0.0,0.0065013645,0.055678066,0.0065013645
mp-21482,0.006129355,-0.45456323,0.05380128,0.46069258,0.0,0.02300849,0.022036029,0.02300849
mp-42307,-3.6064796,-3.597118,0.033013243,0.009361744,0.3915,2.635344,0.37034905,2.243844
mp-1960,-2.0615978,-1.9485435,0.25265366,0.113054276,4.8986,3.1339657,0.40897557,1.7646344
mp-774684,-2.1725562,-2.160715,0.021543974,0.011841059,0.9049,0.7178401,0.07622033,0.18705994
mp-861906,-2.9578226,-2.9236083,0.046077162,0.03421426,5.0412,4.75027,0.18876888,0.29093027
mp-1206856,-0.66454285,-0.7421855,0.07733567,0.07764262,0.0,0.061881065,0.052752342,0.061881065
mp-570930,-0.53818583,-0.5666799,0.025554191,0.02849406,0.4121,0.49312901,0.056031864,0.08102903
mp-707105,-2.5714238,-2.6117516,0.03533628,0.040327787,5.8854,5.6865783,0.32166296,0.19882154
mp-23515,-1.7463769,-1.6506796,0.049938537,0.095697284,1.1153,0.5005304,0.11231513,0.61476964
mp-28161,-0.752456,-0.87784445,0.04948306,0.12538844,3.8178,3.946651,0.3582647,0.12885094
mp-1111927,-3.1433372,-3.0432136,0.020161431,0.100123644,4.1685,3.6700845,0.32363772,0.49841547
mp-675492,-4.4330025,-4.3250933,0.07347238,0.1079092,6.0367,4.4933248,0.7972184,1.543375
mp-30764,-0.4959231,-0.5613958,0.065877035,0.06547272,0.0,-0.03369584,0.056991268,0.03369584
mp-1216259,-3.0085893,-2.9908328,0.07389156,0.017756462,5.0993147,4.5194435,0.10102558,0.5798712
mp-1095491,-0.47223273,-0.53064954,0.058110673,0.058416814,0.0,0.036313154,0.028800847,0.036313154
mp-10554,-0.7596014,-0.72695696,0.11330076,0.03264445,0.0,0.042089917,0.08362337,0.042089917
mp-1194829,-1.8633432,-1.7508141,0.06339995,0.11252916,2.4664254,2.5123234,0.30897167,0.04589796
mp-1207824,-0.3320797,-0.4044407,0.043601803,0.07236099,0.0,0.06418276,0.02662389,0.06418276
mp-1212404,-2.9357176,-3.0500655,0.094999105,0.114347935,3.061,2.875347,0.3965984,0.18565321
mp-1227113,-3.5430198,-3.49503,0.046354473,0.047989845,4.2898,3.5798004,0.3973304,0.7099998
mp-764460,-1.6531544,-1.699795,0.039088808,0.046640635,0.8628,1.4176061,0.26461166,0.5548061
mp-1214534,-3.517275,-3.5005543,0.076994136,0.016720772,2.5529,3.1310608,0.14727308,0.57816076
mp-1178472,-3.8409154,-3.617847,0.19972183,0.22306848,4.2171793,3.4679158,0.70942193,0.7492635
mp-1274278,-2.7562625,-2.6252527,0.08101469,0.13100982,0.5729,0.56151277,0.3142427,0.011387229
mp-685490,-3.9739914,-3.9470303,0.021147009,0.026961088,3.3338,4.0922875,0.3794781,0.75848746
mp-721299,-1.100744,-1.1596826,0.06644326,0.058938622,5.1243,5.0822053,0.13938814,0.042094707
mp-759214,-2.2822225,-2.3981144,0.0518108,0.11589193,1.1421,1.1468184,0.3065871,0.004718423
mp-541734,-2.2627113,-2.251513,0.043764707,0.011198282,2.7905,1.6844902,0.14379203,1.1060097
mp-1222661,-0.5976583,-0.6017405,0.020850355,0.004082203,1.956,0.9410965,0.11452322,1.0149035
mp-1173732,-3.1335902,-3.1268783,0.022692403,0.00671196,2.4602,2.2824378,0.13632344,0.17776227
mp-757614,-1.9449368,-1.8730166,0.060519263,0.07192016,1.6202,0.5283474,0.21213737,1.0918527
mp-1200418,-2.4619308,-2.4216666,0.06400797,0.04026413,4.6853075,3.6536522,0.310001,1.0316553
mp-866649,-0.38903412,-0.32518598,0.095522426,0.06384814,4.8658,5.0557437,0.36786434,0.18994379
mp-30512,-0.69044375,-0.6931542,0.060238265,0.0027104616,0.0,0.0379411,0.018692618,0.0379411
mp-540578,-2.0410874,-2.0751276,0.032952506,0.034040213,4.5412,4.3619814,0.32601336,0.17921877
mp-1210307,-3.397059,-3.4055908,0.09533292,0.008531809,2.1995,3.2154408,0.43343717,1.0159407
mp-766206,-3.1862988,-3.1559377,0.06246131,0.030361176,0.0,0.9415622,0.19050981,0.9415622
mp-2715621,-2.7940755,-2.7835162,0.016002543,0.01055932,3.632,3.4900374,0.11605238,0.14196253
mp-2715505,-2.7775795,-2.7944827,0.02670417,0.016903162,2.4316,2.5749543,0.2255983,0.14335418
mp-29359,-1.5905191,-1.5275201,0.075062975,0.06299901,1.4225,1.9577429,0.4049602,0.5352429
mp-1228743,-2.7757478,-2.6931236,0.031436827,0.0826242,0.0,0.8700342,0.26553008,0.8700342
mp-756531,-3.0535684,-3.1243348,0.07526445,0.07076645,0.0,0.1210444,0.094402574,0.1210444
mp-662558,-0.8512076,-0.9158165,0.012009268,0.06460887,0.0,0.051190116,0.040094428,0.051190116
mp-572892,-0.66336244,-0.64563435,0.05080114,0.01772809,2.2648,2.610348,0.12523985,0.3455479
mp-2712854,-2.2432632,-2.2663505,0.035242043,0.023087263,2.5239,2.698194,0.6123645,0.174294
mp-1209665,-0.2340771,-0.23142242,0.09247911,0.0026546717,0.5666,0.22490187,0.1846442,0.34169817
mp-1223230,-0.37398,-0.364618,0.07168635,0.009361982,0.0,0.032790255,0.047457214,0.032790255
mp-1226014,-0.5792691,-0.581424,0.0362253,0.0021548867,0.86591387,0.33030996,0.19307224,0.5356039
mp-10032,-0.08347864,-0.1993264,0.02510249,0.11584776,0.0,0.0858402,0.05752494,0.0858402
mp-559248,-1.4443377,-1.4491867,0.14551775,0.004848957,3.0429,2.4307132,0.4068904,0.6121869
mp-22307,-0.91540515,-0.9903027,0.042553723,0.07489753,0.0,0.037024952,0.04452916,0.037024952
mp-1225511,-0.66648257,-0.6803435,0.04403653,0.013860941,0.0,0.028722119,0.018433856,0.028722119
mp-569341,-0.9263709,-1.0288782,0.03712405,0.10250729,0.0,0.032557465,0.06607713,0.032557465
mp-680314,-2.2179952,-2.2904441,0.093456976,0.07244897,1.3428,2.5987592,0.3193429,1.2559592
mp-1201581,-0.45976225,-0.45297137,0.024719246,0.0067908764,0.0,0.04598832,0.09248721,0.04598832
mp-972542,-0.56512326,-0.6287333,0.039369658,0.06361002,0.0,0.04159696,0.027517708,0.04159696
mp-766995,-3.6494358,-3.6724586,0.031696603,0.02302289,2.6852,2.7706869,0.34506574,0.08548689
mp-18933,-2.3472626,-2.3842094,0.08962633,0.036946774,4.3259,3.2715583,0.9241528,1.0543418
mp-759544,-1.4679395,-1.3982495,0.07544874,0.06968999,0.0,0.19157478,0.07989428,0.19157478
mp-24708,-1.4703856,-1.4215424,0.0496039,0.048843145,4.6838,4.0848045,0.16901638,0.5989957
mp-1206302,-0.86861235,-0.8663489,0.07795104,0.0022634268,0.0,0.105361916,0.0270366,0.105361916
mp-1189490,-0.35581633,-0.41710287,0.034600567,0.06128654,0.0,0.032798838,0.035204064,0.032798838
mp-560793,-2.5488286,-2.555257,0.06847198,0.00642848,2.4115,2.1248777,0.46241575,0.2866223
mp-1224647,-3.6920557,-3.647696,0.043701753,0.044359684,4.1378,2.9918723,0.60747814,1.1459279
mp-775004,-2.2622473,-2.3381567,0.036130223,0.075909376,0.0837,0.71371216,0.15042377,0.63001215
mp-21887,-0.77910274,-0.81612235,0.03126117,0.03701961,0.0,0.029519701,0.028159166,0.029519701
mp-1232065,-1.9327923,-2.0344238,0.037532747,0.10163152,2.4756,1.8788326,0.12684615,0.5967674
mp-22627,-0.5385093,-0.5661543,0.039639775,0.027644992,0.0,0.034893442,0.038198043,0.034893442
mp-760062,-3.1863942,-3.1264458,0.07052675,0.059948444,0.0,0.52078533,0.5301666,0.52078533
mp-1226920,-0.5940964,-0.68813205,0.067572705,0.094035625,0.0,0.02918539,0.042860094,0.02918539
mp-5224,-3.3573952,-3.3272758,0.046244945,0.03011942,5.3606,4.6066475,0.08512821,0.7539525
mp-1225422,-1.7266135,-1.6844463,0.042209614,0.042167187,2.0697,1.283877,0.30928645,0.785823
mp-862446,-0.83203506,-0.60726017,0.04476349,0.2247749,0.0,0.021351337,0.022791434,0.021351337
mp-1188755,-0.88133454,-0.9560113,0.061446223,0.07467675,0.0,0.04012983,0.05713246,0.04012983
mp-977358,-0.622223,-0.6396757,0.043038305,0.017452657,0.0,0.02678454,0.022605691,0.02678454
mp-1227563,-0.60032153,-0.63373476,0.061697736,0.03341323,0.0,0.09981875,0.036633395,0.09981875
mp-695592,-1.398869,-1.459987,0.076582745,0.061118007,1.8137,3.1167746,0.40537578,1.3030746
mp-1246445,-1.2438382,-1.274114,0.06755798,0.030275822,0.0,0.9066615,0.308736,0.9066615
mp-759322,-2.8100529,-2.818067,0.024237007,0.008014202,3.0476,2.045627,0.07439862,1.0019729
mp-1106369,-0.8052211,-0.8198818,0.049731288,0.014660716,0.0,0.025279928,0.034765005,0.025279928
mp-2713119,-2.5977283,-2.5905254,0.017975885,0.0072028637,2.322,2.016196,0.3555045,0.305804
mp-16498,-0.34961203,-0.36416382,0.04895688,0.014551789,0.0,0.02738843,0.028576223,0.02738843
mp-1207398,-0.47174585,-0.562113,0.044971168,0.09036714,0.0,0.04580431,0.029332422,0.04580431
mp-761694,-2.4659925,-2.4811466,0.04138891,0.015154123,2.5894,2.7917914,0.28533828,0.20239139
mp-867197,-0.31218314,-0.44179392,0.040844407,0.12961078,0.0,0.037387896,0.023344923,0.037387896
mp-8956,-2.3658326,-2.2968879,0.03127847,0.06894469,0.612,0.6522733,0.14681052,0.04027331
mp-862324,-0.43681106,-0.5483928,0.034837116,0.11158171,0.0,0.012187576,0.021354072,0.012187576
mp-770903,-2.512521,-2.5122113,0.06865362,0.00030970573,1.2378,0.6919526,0.23249108,0.5458474
mp-557074,-3.6416204,-3.6353793,0.04343881,0.006241083,1.9473,2.4092667,0.29322425,0.46196675
mp-5431,-2.3570573,-2.34681,0.052196935,0.0102472305,2.7149,3.3863487,0.33307838,0.6714487
mp-1008349,-0.0075626625,0.022475576,0.02776448,0.030038238,0.0,0.037098385,0.03864814,0.037098385
mp-2714088,-2.4070563,-2.3793728,0.02030801,0.027683496,1.2327,1.5281613,0.27761003,0.2954613
mp-7876,-0.45907882,-0.4700256,0.06712624,0.01094678,0.0,0.15818131,0.02452876,0.15818131
mp-1094970,0.029916162,-0.03362746,0.058427043,0.063543625,0.0,0.072976686,0.03317501,0.072976686
mp-1217892,0.011210436,-0.0033129216,0.040465083,0.014523357,0.0,0.0017047882,0.0355241,0.0017047882
mp-1205956,-0.4273476,-0.47467527,0.03154022,0.047327667,0.0,0.04347799,0.031176852,0.04347799
mp-571102,-0.8661446,-0.8458269,0.10530718,0.020317674,2.2076,1.8544004,0.18349233,0.35319972
mp-19809,-0.42319402,-0.4143842,0.028416652,0.008809835,0.0,0.04007683,0.016703865,0.04007683
mp-1186691,-0.027924946,-0.05559919,0.04115669,0.027674245,0.0,0.008643126,0.033380523,0.008643126
mp-540609,-1.1332084,-1.1957175,0.057364784,0.06250906,0.0,1.1787379,0.3072722,1.1787379
mp-658046,-1.1258326,-1.1535695,0.09431307,0.027736902,0.0,0.1326833,0.044936094,0.1326833
mp-2714166,-2.1752918,-2.1453462,0.028973581,0.029945612,1.4772,1.386927,0.25042665,0.09027302
mp-1227532,-2.865874,-2.808623,0.080248795,0.057250977,1.7350616,1.124895,0.22545421,0.61016667
mp-865220,-0.33334735,-0.33020765,0.024143323,0.0031397045,0.0,0.015312552,0.019589726,0.015312552
mp-1359492,-3.0073001,-2.8188643,0.08674211,0.1884358,1.3302,0.63120925,0.24162601,0.6989907
mp-2713839,-3.0776052,-3.048555,0.053993914,0.02905035,2.6845,3.037529,0.075711735,0.353029
mp-632715,-3.4609451,-3.425094,0.055062227,0.03585124,0.0,4.854117,0.40512663,4.854117
mp-1185507,-0.32738894,-0.3920617,0.056406356,0.06467277,0.0,0.03628373,0.020448303,0.03628373
mp-1079868,-0.36230308,-0.40638867,0.05204197,0.044085592,0.0,0.019980455,0.025387593,0.019980455
mp-1219605,-3.2447038,-3.1760395,0.058404565,0.06866431,4.9009,4.523934,0.24967994,0.376966
mp-573810,-0.89609313,-0.89929545,0.06921511,0.0032023191,0.0,0.06356494,0.036355298,0.06356494
mp-1202916,-3.5093021,-3.5334904,0.098735094,0.02418828,0.1134,0.17795114,0.3841821,0.064551145
mp-1218924,-0.37956458,-0.42898312,0.033822045,0.04941854,0.4107,0.51536745,0.058165736,0.104667455
mp-1186635,0.030035771,0.04561291,0.012308688,0.0155771375,0.0,-0.008609796,0.041672166,0.008609796
mp-1070735,-0.67706543,-0.81274796,0.051669545,0.13568252,0.0,0.044307232,0.13979088,0.044307232
mp-1247447,-1.7883879,-1.8044266,0.05383386,0.016038656,0.0,0.73399395,0.38609698,0.73399395
mp-556605,-3.7969568,-3.7879128,0.07843402,0.009043932,3.7025,3.713747,0.21513885,0.01124692
mp-768223,-2.6696665,-2.5332325,0.06168995,0.13643408,2.2437,1.4275448,0.47365236,0.8161552
mp-21483,-0.3727073,-0.367603,0.05058416,0.0051043034,0.0,0.008188677,0.02488439,0.008188677
mp-531997,-2.1487875,-2.142942,0.032458656,0.0058455467,0.0,0.04919026,0.145834,0.04919026
mp-753176,-1.2336282,-1.3069565,0.104661934,0.073328376,0.0,0.68393576,0.48002964,0.68393576
mp-1442904,-2.755619,-2.7134397,0.06863726,0.042179346,0.0,0.21483581,0.23714563,0.21483581
mp-1221910,-2.2026682,-2.181126,0.06553107,0.021542072,4.9665,5.299781,0.22372103,0.33328104
mp-1106254,-2.4182296,-2.336979,0.048981626,0.08125067,1.0627,0.60533625,0.16753048,0.45736378
mp-1221783,-0.49657902,-0.64682734,0.04700497,0.15024832,0.0,0.15698907,0.06647262,0.15698907
mp-1238387,-1.9684455,-1.9599301,0.07297678,0.008515477,4.2202,3.839499,0.24905427,0.38070107
mp-21338,-0.99482614,-1.0321324,0.025602149,0.03730625,0.0,-0.052978802,0.072317295,0.052978802
mp-1206604,-0.65601563,-0.6895956,0.06093337,0.033579946,0.0,0.04480512,0.025797185,0.04480512
mp-757911,-3.3909004,-3.3693357,0.052464306,0.021564722,4.407,3.9648407,0.15173739,0.4421594
mp-1048389,-2.8800626,-2.8941262,0.036971387,0.014063597,4.162,3.8373673,0.32000065,0.32463288
mp-1212064,-3.0647168,-3.05612,0.02142634,0.008596897,1.8612115,1.3264385,0.20343204,0.534773
mp-1213005,-0.83390766,-0.837416,0.07214973,0.0035083294,0.0,0.064354375,0.050714936,0.064354375
mp-1226215,-2.596191,-2.6155038,0.024105543,0.019312859,2.9760218,2.416203,0.29331845,0.55981874
mp-1410431,-2.1331155,-2.18128,0.15296912,0.048164368,0.053232025,0.5850011,0.20500197,0.5317691
mp-28856,-0.9059972,-0.8648863,0.06539475,0.041110933,2.2102,1.8597066,0.25103334,0.35049343
mp-1207924,-0.34238234,-0.32782227,0.039270543,0.014560074,0.0,0.031460643,0.029211601,0.031460643
mp-1212001,-0.94446564,-1.0705291,0.106776215,0.12606347,3.1133,4.374424,0.45196682,1.2611239
mp-30205,-1.7208289,-1.7268445,0.02683075,0.0060156584,2.3562,2.168384,0.23930779,0.1878159
mp-1079994,-0.54902774,-0.5956171,0.06593983,0.046589375,0.0,0.025148034,0.049861252,0.025148034
mp-19388,-1.9536337,-1.8688648,0.044331625,0.08476889,2.9609,1.4897635,0.06771157,1.4711366
mp-1185456,-0.97769755,-0.93148345,0.043989398,0.046214104,0.0,0.032636214,0.028848663,0.032636214
mp-777412,-2.6692054,-2.6277668,0.067191616,0.04143858,1.4807,1.3204888,0.09732183,0.1602112
mp-1197595,-1.3949488,-1.5362937,0.05697433,0.1413449,4.087,2.983807,0.3386422,1.1031928
mp-1219817,-4.0978203,-4.13523,0.05604944,0.037409782,6.5653,5.266652,0.49175453,1.2986479
mp-1216870,-3.6634793,-3.640234,0.052453846,0.023245335,3.3168,3.6587238,0.25888678,0.3419237
mp-866175,-0.47470787,-0.4724682,0.06322575,0.0022396743,0.0,0.029234385,0.020812444,0.029234385
mp-761124,-2.3426461,-2.3033164,0.03165086,0.039329767,0.8778,0.5126456,0.19762598,0.3651544
mp-2316,-0.4047345,-0.3967238,0.070433676,0.008010685,0.0,0.046716213,0.02553772,0.046716213
mp-12515,-1.9335351,-1.885514,0.12894085,0.048021078,0.0,0.33414498,0.14598478,0.33414498
mp-867140,-0.29651114,-0.34408975,0.05757644,0.047578603,0.0,0.043209005,0.017450882,0.043209005
mp-1203080,-2.879236,-2.8786378,0.069088854,0.0005981922,5.786982,5.7966986,0.36426866,0.009716511
mp-10616,-0.9396947,-0.9307521,0.045371704,0.008942604,0.5928,0.8257798,0.23861516,0.23297977
mp-23209,-2.8936238,-2.8528514,0.051196996,0.040772438,5.2267,5.3896956,0.26008964,0.16299582
mp-1202492,-1.7142977,-1.7388684,0.06053444,0.024570704,0.3193,2.6633983,0.16473131,2.3440983
mp-1198327,-0.09904764,-0.098611854,0.051773477,0.00043578446,0.0,0.025762916,0.037153233,0.025762916
mp-1214923,-2.9391742,-2.9077315,0.0748443,0.031442642,2.4951,3.212645,0.67548275,0.71754503
mp-1196297,-2.837055,-2.7309308,0.10563797,0.10612416,4.0177,4.261274,0.15156756,0.24357367
mp-973540,-0.5524431,-0.5756034,0.036635105,0.023160338,0.0,0.068984106,0.0934717,0.068984106
mp-6903,-3.3623643,-3.3075957,0.058631442,0.054768562,3.7724,3.3483453,0.13401693,0.42405462
mp-22339,-0.5246538,-0.4156477,0.042328607,0.10900611,0.0,0.04262216,0.023131846,0.04262216
mp-562912,-1.3670928,-1.3220112,0.04503526,0.045081615,1.383,1.0733944,0.1733312,0.3096056
mp-1509,-0.473892,-0.62631875,0.083131984,0.15242675,0.7774,1.2174575,0.06461267,0.44005752
mp-1184249,-0.56793714,-0.5736521,0.049616955,0.005714953,0.0,0.048297785,0.029459,0.048297785
mp-760071,-2.6169293,-2.6072145,0.026756512,0.009714842,0.9506,1.0075971,0.10463679,0.05699706
mp-1217098,-0.080179796,-0.2350378,0.061124418,0.15485801,0.0,0.037154865,0.04427778,0.037154865
mp-768813,-2.2477422,-2.1316407,0.053230256,0.1161015,3.38,2.5598915,0.08389495,0.82010865
mp-1209631,-0.7609995,-0.8113018,0.06402329,0.050302327,0.0,0.05235822,0.037132632,0.05235822
mp-1539374,-1.7526828,-1.7167845,0.049178373,0.035898328,1.9209,1.4094546,0.2998565,0.5114454
mp-1080526,-0.36847344,-0.40420216,0.03764131,0.035728723,0.0,0.03425789,0.041111022,0.03425789
mp-16516,-0.63460386,-0.68766326,0.0809002,0.0530594,0.0,0.0613889,0.07073909,0.0613889
mp-1226771,-0.634293,-0.60166657,0.046238873,0.03262645,0.6432,0.30328727,0.06920824,0.3399127
mp-10899,-0.3925893,-0.49289957,0.028664714,0.100310266,0.0,0.04458766,0.036662035,0.04458766
mp-1189524,-1.9596355,-1.9481634,0.075882725,0.011472106,0.0,0.277899,0.18810347,0.277899
mp-2712835,-3.143022,-3.0997648,0.026294895,0.043257236,2.712,3.3385978,0.13563366,0.6265979
mp-1194970,-1.9389354,-1.8728819,0.049511738,0.06605351,3.9895,3.0603786,0.3461216,0.9291215
mp-560352,-2.3186862,-2.2043521,0.09083448,0.11433411,2.6253,2.9130445,0.2669488,0.28774452
mp-581156,-3.1853626,-3.1820378,0.038748085,0.003324747,1.5213,1.7402229,0.23665397,0.21892297
mp-17329,-2.0107462,-2.1749768,0.04596431,0.16423059,0.3229,0.967653,0.1174107,0.644753
mp-1079321,-1.5502682,-1.5733492,0.03503422,0.023081064,0.7964,1.7575573,0.20379181,0.96115726
mp-558702,-2.9874125,-2.938665,0.048451792,0.04874754,3.4556,2.980531,0.4879312,0.47506905
mp-1195164,-0.6106539,-0.53514934,0.10611143,0.07550454,3.1191,2.8412898,0.6773416,0.27781034
mp-772496,-2.1707766,-2.2039828,0.018161064,0.033206224,0.0,0.3936491,0.033660356,0.3936491
mp-1113008,-1.6706423,-1.7053076,0.045987856,0.034665346,2.9615,3.0788474,0.18951617,0.11734748
mp-9850,-0.6370584,-0.6196949,0.08415083,0.017363489,0.0937,0.6482458,0.13471231,0.5545458
mp-1021490,-2.1821897,-2.2529702,0.10336542,0.070780516,2.686117,2.5888627,0.15285178,0.09725428
mp-567181,-0.8847701,-0.90585357,0.025453137,0.021083474,0.0,0.033135034,0.07064714,0.033135034
mp-2684,-0.7846199,-0.7023481,0.03887371,0.082271814,0.0,0.049099423,0.018056389,0.049099423
mp-779763,-3.7855604,-3.7103107,0.018711837,0.07524967,3.0138,3.2424188,0.38080502,0.22861886
mp-560132,-3.7104676,-3.6624227,0.026007542,0.04804492,4.7743,4.2695584,0.26389608,0.50474167
mp-2715521,-3.0950966,-3.0814044,0.026748355,0.013692141,4.1143,4.1163406,0.101822704,0.002040863
mp-8857,-0.5031285,-0.5661751,0.026645273,0.063046575,0.9511,0.73269117,0.13432091,0.21840882
mp-1198128,-0.7544351,-0.80617684,0.064973414,0.05174172,0.0,0.033222534,0.03400809,0.033222534
mp-1218990,-2.0202904,-2.083411,0.017874056,0.0631206,0.0,0.19399716,0.1394895,0.19399716
mp-735822,-2.6637201,-2.5896542,0.04329019,0.07406592,1.6796,2.142969,0.4537685,0.4633689
mp-1190381,-3.1294703,-3.1266062,0.06823999,0.0028641224,2.8032,2.5424206,0.1535989,0.26077938
mp-12670,-3.5927844,-3.4737344,0.042591713,0.119050026,3.0283,2.8416352,0.28564247,0.18666482
mp-1017553,-0.020277591,-0.16062196,0.057480928,0.14034437,0.0,0.041039657,0.0500421,0.041039657
mp-1094739,-0.10080381,-0.07097504,0.02713229,0.029828764,0.0,0.018404936,0.034980763,0.018404936
mp-1221406,-3.529034,-3.6220882,0.11025229,0.093054295,0.0,0.5794561,0.21169169,0.5794561
mp-980659,-1.3911346,-1.3149331,0.05772509,0.07620156,2.8585,2.9098651,0.2540976,0.051365137
mp-726071,-2.088383,-2.1028752,0.05558612,0.014492273,2.9435,3.2083144,0.16853262,0.26481438
mp-1177912,-2.5122619,-2.4727938,0.031507704,0.03946805,1.3198,2.0023108,0.4271123,0.68251073
mp-1101397,-2.9301162,-3.0212946,0.079222895,0.09117842,3.9025,3.6433816,0.30925363,0.25911832
mp-1217366,-0.4345281,-0.45785666,0.06422519,0.023328543,0.0,0.053061984,0.017706212,0.053061984
mp-36526,-4.159174,-4.023781,0.1798357,0.13539314,4.2561,4.0459576,0.8418578,0.21014261
mp-510441,-1.0816878,-1.0605268,0.045071233,0.02116096,0.0,0.04506433,0.036209755,0.04506433
mp-1219312,-1.2759522,-1.3373345,0.03652662,0.061382294,0.6398,0.7939559,0.20361857,0.15415591
mp-7257,-2.759011,-2.729986,0.042568047,0.029025078,4.5042,4.8122783,0.2491371,0.3080783
mp-771033,-3.30486,-3.2527587,0.036054604,0.052101374,3.7685,3.8553116,0.28733745,0.08681154
mp-1208537,-2.58435,-2.490781,0.07816621,0.09356904,0.673,0.0517313,0.14663973,0.6212687
mp-13207,-1.9904925,-2.0939906,0.051047064,0.1034981,0.0,0.91145736,0.18792678,0.91145736
mp-861624,-0.52193576,-0.4782055,0.033639207,0.04373026,0.0,0.04732268,0.038304072,0.04732268
mp-1209798,-0.34100932,-0.3657057,0.06278492,0.02469638,0.0,0.061961483,0.03127345,0.061961483
mp-650840,-0.74010986,-0.7375045,0.021696443,0.0026053786,1.2004,1.009789,0.066185504,0.190611
mp-1222299,-1.0789089,-0.97484034,0.12089999,0.10406858,2.6464,3.4660926,0.42053348,0.8196926
mp-1220743,-0.30751845,-0.31454453,0.035551686,0.0070260763,0.0,0.041807484,0.04134024,0.041807484
mp-1196625,-1.3980387,-1.4239372,0.06340516,0.025898457,2.9778,2.0276477,0.12892567,0.95015216
mp-989526,-2.7244716,-2.7014773,0.07973833,0.02299428,3.8182,3.6315758,0.520219,0.18662429
mp-8999,-0.63768417,-0.51727057,0.057450626,0.1204136,0.0,0.10539372,0.062645696,0.10539372
mp-1185270,-0.55332804,-0.62874603,0.10249305,0.075417995,0.0,0.0027216196,0.031913932,0.0027216196
mp-1186648,-0.32607028,-0.31818646,0.03924982,0.007883817,0.0,0.04816978,0.03743249,0.04816978
mp-1219391,-0.06831531,-0.11104262,0.04626243,0.042727306,0.0,0.021386266,0.028900882,0.021386266
mp-1191301,-0.33425093,-0.31084362,0.053213555,0.02340731,0.0,0.06132989,0.058033567,0.06132989
mp-1184422,-0.23625457,-0.27789855,0.025634356,0.041643977,0.0,0.019351864,0.025085697,0.019351864
mp-759026,-2.0822487,-2.141988,0.029541641,0.05973935,0.9459,0.7053224,0.06785322,0.24057764
mp-1225300,-0.44226328,-0.5211141,0.07013397,0.078850836,0.0,0.05041776,0.035104197,0.05041776
mp-560875,-2.1689746,-2.123087,0.023793504,0.04588771,3.0055,2.835833,0.16505183,0.169667
mp-760282,-3.0266917,-3.005186,0.028500333,0.021505594,2.1899,2.255899,0.22878984,0.06599903
mp-1019789,-2.2123618,-2.2061524,0.07971894,0.0062093735,5.2623,5.7906737,0.37255552,0.5283737
mp-555074,-0.4794701,-0.57144797,0.0462065,0.091977865,1.5311,1.6627715,0.19744785,0.13167143
mp-756333,-2.2776256,-2.3263104,0.041339457,0.048684835,3.5894,3.1561768,0.39573836,0.43322325
mp-675734,-0.41249287,-0.30577233,0.0399592,0.10672054,0.0,0.6186304,0.3110058,0.6186304
mp-1225807,-0.11961478,-0.13237707,0.021330897,0.012762293,0.0,0.032626223,0.023409687,0.032626223
mp-778272,-2.4841146,-2.448602,0.027639084,0.035512686,2.8974,2.3553138,0.19648162,0.5420861
mp-558143,-2.3712435,-2.5276427,0.07494314,0.15639925,3.0332,2.271587,0.23774534,0.76161313
mp-2714678,-2.663698,-2.6621635,0.04606224,0.001534462,2.4,2.8037438,0.08644713,0.40374374
mp-1197179,-0.64084923,-0.7056544,0.04599994,0.06480515,0.0,0.031550955,0.011591134,0.031550955
mp-1222884,-0.75251055,-0.63774997,0.073944524,0.11476058,0.0,0.042760514,0.032390974,0.042760514
mp-17383,-0.25978884,-0.29131538,0.015057884,0.031526536,0.0,0.021905422,0.041537408,0.021905422
mp-1216193,-0.3857236,-0.38963792,0.07378579,0.0039143264,0.0,0.039255906,0.017144253,0.039255906
mp-1106138,-0.8713719,-0.9377557,0.061996944,0.06638378,0.0,0.03192246,0.043559875,0.03192246
mp-14018,-0.30332327,-0.46536422,0.04947541,0.16204095,0.1118,0.773913,0.33350956,0.662113
mp-1190785,-1.4266286,-1.4448771,0.060126126,0.018248558,1.4902,1.4340966,0.2080875,0.056103468
mp-978975,-0.3481715,-0.4610211,0.06053461,0.11284959,0.0,0.02028234,0.009180842,0.02028234
mp-510558,-2.560716,-2.5725741,0.06760853,0.011858225,2.7936,2.6238456,0.29704297,0.1697545
mp-1210198,-1.3908765,-1.4334944,0.06324291,0.042617917,0.6525,1.9947002,0.1744959,1.3422003
mp-556916,-0.61737776,-0.62958926,0.07203961,0.012211502,1.0205,1.0123793,0.056829724,0.008120656
mp-1112114,-2.4955478,-2.4982011,0.030833626,0.0026533604,4.9343686,4.8314857,0.09311489,0.10288286
mp-1183671,0.03665311,0.006394005,0.07714626,0.030259104,0.0,-0.023959327,0.06447594,0.023959327
mp-567753,-1.6494474,-1.6500533,0.06456784,0.0006058216,1.2219,1.0687853,0.16206299,0.15311468
mp-690979,-2.7259922,-2.7521904,0.03143373,0.026198149,3.2618,3.132298,0.21568067,0.12950206
mp-28518,-0.97049206,-0.9912704,0.06617154,0.020778358,1.8121,2.0628963,0.08751512,0.2507962
mp-1020711,-1.9815403,-2.010486,0.04829034,0.028945565,5.2546,4.8802695,0.25998807,0.37433052
mp-1111824,-2.499185,-2.4857545,0.040423475,0.013430595,5.49401,4.738862,0.17900093,0.75514793
mp-975932,-0.5480194,-0.57165474,0.04825512,0.023635328,0.0,0.021496486,0.013615322,0.021496486
mp-1227883,-3.0044026,-2.9888127,0.04930643,0.0155899525,4.604442,4.3490944,0.2044397,0.25534773
mp-2838,-0.26326948,-0.2795441,0.014043186,0.016274601,0.0,0.049152423,0.016729016,0.049152423
mp-1225374,-0.5921197,-0.699411,0.060964126,0.10729128,0.0,0.01146357,0.03378141,0.01146357
mp-754306,-3.8951347,-3.8988013,0.075688146,0.0036666393,0.0,0.9745218,0.15387411,0.9745218
mp-983429,-0.21637724,-0.36260745,0.063885964,0.1462302,0.0,0.024660135,0.036098156,0.024660135
mp-1190396,-2.368156,-2.36806,0.058909375,9.584427e-05,4.0068,3.2127604,0.20161797,0.7940397
mp-20924,-0.49411735,-0.48003682,0.055723734,0.014080524,0.0,0.029380132,0.026789313,0.029380132
mp-1219652,-1.659381,-1.572984,0.07469456,0.08639705,3.4013,2.402884,0.3834862,0.99841595
mp-1215343,-2.5796716,-2.7303982,0.10003427,0.15072656,0.29221475,0.6998149,1.5002587,0.40760016
mp-1227623,-3.2499404,-3.2723095,0.07037229,0.022369146,0.8282,4.341454,0.16391402,3.5132542
mp-8584,-1.9822046,-1.866828,0.045753304,0.11537659,1.9058,1.4572699,0.086696066,0.44853008
mp-761073,-2.4408357,-2.4704666,0.10106473,0.0296309,2.3868,1.43592,0.24422543,0.95088005
mp-1208653,-0.79303545,-0.80547905,0.045538783,0.012443602,0.0,0.038181044,0.018942472,0.038181044
mp-1218818,-2.3841321,-2.4034214,0.07868134,0.019289255,0.0,0.34688252,0.16972984,0.34688252
mp-1227915,-0.16350055,-0.20796151,0.07747039,0.044460967,0.0,0.046406697,0.080500476,0.046406697
mp-552588,-2.8665097,-2.8967948,0.042932004,0.03028512,2.2819526,1.2966341,0.27783108,0.98531854
mp-568379,-0.94164795,-0.98129016,0.012184059,0.039642215,1.3747,1.5709903,0.1472469,0.19629037
mp-582024,-1.6716372,-1.5708187,0.06884567,0.100818515,2.7832,1.4983573,0.437181,1.2848427
mp-757299,-1.2905924,-1.2787381,0.059123162,0.011854291,0.017,0.3967933,0.11019572,0.37979332
mp-24430,-0.6682263,-0.88543874,0.17398314,0.21721244,2.5006,1.1949333,0.42361248,1.3056668
mp-11603,-1.874289,-1.8423179,0.0483754,0.031971097,0.9137,1.1802337,0.1674108,0.26653373
mp-685810,-1.5350484,-1.7673244,0.037056915,0.23227608,3.5131,3.4000225,0.59657687,0.1130774
mp-1080480,-0.4995707,-0.6231599,0.03797369,0.12358919,0.0,0.03033409,0.037040766,0.03033409
mp-626411,-1.5478492,-1.4943023,0.049780097,0.053546906,2.7772,2.6993313,0.14050345,0.0778687
mp-571603,-0.8267889,-0.8504852,0.015168721,0.023696303,2.3757,2.4799037,0.10660371,0.1042037
mp-1216514,-2.5438058,-2.5049465,0.03771156,0.038859367,2.0024,1.0227667,0.16475442,0.9796332
mp-569516,-0.31740108,-0.3833741,0.03717249,0.06597301,0.0,0.033258438,0.036059055,0.033258438
mp-1187670,-0.35981798,-0.38095456,0.063981205,0.021136582,0.0,0.039541554,0.010470788,0.039541554
mp-2209593,-4.2294693,-4.230399,0.039493278,0.00092983246,7.5429,7.669519,0.35127383,0.12661886
mp-1214577,-2.0442312,-1.9949938,0.032076426,0.04923737,0.0,0.020617938,0.07388409,0.020617938
mp-766093,-1.8515371,-1.7155416,0.027298316,0.1359955,1.2513,0.4706182,0.09647081,0.7806818
mp-1105965,-0.28900424,-0.37714297,0.028569732,0.08813873,0.0,0.014274502,0.031139217,0.014274502
mp-626721,-1.51216,-1.5535591,0.065184675,0.04139912,3.3498,3.2162166,0.2837994,0.13358355
mp-1106094,-1.8104887,-1.9325794,0.06790523,0.1220907,0.8729,3.2168403,0.2963246,2.3439403
mp-1205068,-0.90088135,-1.0149263,0.065201424,0.114044964,0.0,2.0673237,0.40852594,2.0673237
mp-1147549,-2.362567,-2.354049,0.03662429,0.008517981,0.0,0.39752182,0.17114355,0.39752182
mp-530294,-3.8402712,-3.8512478,0.025928685,0.010976553,2.7948,2.9584823,0.2655358,0.16368222
mp-1103238,-0.9552273,-0.9561868,0.03109172,0.00095945597,0.0,0.03892572,0.04434018,0.03892572
mp-1197128,-1.6260787,-1.60972,0.042872384,0.016358733,2.857,1.5577209,0.119476184,1.2992792
mp-555464,-2.594853,-2.5323226,0.07905047,0.06253028,0.0,-0.06581171,0.086213924,0.06581171
mp-505467,-0.9963804,-1.0845606,0.055609897,0.088180244,0.0,0.05101819,0.030807612,0.05101819
mp-30962,-2.1791532,-2.1308455,0.057462182,0.048307657,3.0665,1.6177337,0.5227758,1.4487662
mp-582719,-0.35506523,-0.45836228,0.033420045,0.103297055,0.0,0.03301568,0.020122815,0.03301568
mp-1101152,-2.260455,-2.2219641,0.021012794,0.038490772,0.8481,0.6848906,0.08651121,0.16320938
mp-1103314,-0.44358268,-0.3918733,0.043553267,0.051709384,0.0,0.06579409,0.025593342,0.06579409
mp-1227530,-3.7669916,-3.7588305,0.023422034,0.008161068,3.7798,3.607509,0.19609267,0.17229104
mp-972510,-0.82828075,-0.9004837,0.031015826,0.07220298,0.0,0.020154333,0.0217828,0.020154333
mp-1104267,-0.29617125,-0.39939445,0.0428476,0.103223205,0.0,0.029127788,0.023921277,0.029127788
mp-557942,-2.5163994,-2.4785373,0.055770002,0.037862062,2.0126,1.2603853,0.14757748,0.75221467
mp-866481,-0.42191923,-0.35654995,0.027386636,0.06536928,0.4171,0.1201545,0.04389397,0.2969455
mp-571642,-2.805367,-2.702429,0.13823639,0.10293794,5.5987,5.2174683,0.46090403,0.38123178
mp-1103796,-0.307236,-0.35779566,0.030671475,0.05055967,0.0,0.020226574,0.022124588,0.020226574
mp-1211199,-0.19545534,-0.21748576,0.053996995,0.022030413,0.0,0.028348874,0.03237671,0.028348874
mp-1224810,-0.2521005,-0.20312205,0.033058193,0.048978448,0.0,0.031946994,0.01190314,0.031946994
mp-1205937,-0.3385544,-0.32932946,0.06275904,0.009224951,0.0,0.01377933,0.021326961,0.01377933
mp-1196354,-1.6768192,-1.6878746,0.027748842,0.01105535,1.8136,2.4890752,0.3820159,0.67547524
mp-35220,-0.5212513,-0.6592849,0.11091518,0.13803357,4.6542,4.1940265,0.19855145,0.4601736
mp-861914,-0.69386554,-0.74623245,0.094649546,0.052366912,0.7977,0.6095891,0.33925942,0.18811089
mp-758455,-2.4769335,-2.454967,0.015801372,0.021966457,2.885,2.562427,0.17293562,0.32257295
mp-5611,-3.66809,-3.5542424,0.053829327,0.11384773,2.1163,1.7117717,0.24279706,0.40452838
mp-865526,-2.322419,-2.3389313,0.048216667,0.016512394,2.5853,2.5229783,0.20117733,0.062321663
mp-774754,-2.4749463,-2.4281068,0.067244336,0.046839476,3.1295,3.5232627,0.33335134,0.39376283
mp-25950,-2.3472116,-2.3214135,0.027224185,0.025798082,0.1482,0.9480594,0.7167631,0.7998594
mp-1222924,-0.14406255,-0.26481086,0.106908344,0.12074831,0.0,0.018529152,0.061230734,0.018529152
mp-28107,-0.72042423,-0.7963544,0.034838825,0.07593018,1.0023,1.1983626,0.15299055,0.19606256
mp-1219576,-2.2881467,-2.2852569,0.03286765,0.0028898716,2.2745,1.5344337,0.25236475,0.7400662
mp-20337,-2.8432584,-2.852303,0.028448518,0.009044647,2.6727,2.8870697,0.19093217,0.21436977
mp-1009084,-0.16972816,-0.24257354,0.057642687,0.072845384,0.6959,0.54493195,0.102625586,0.15096807
mp-18911,-2.6858137,-2.6690934,0.026076991,0.016720295,2.1256,1.2109003,0.20092407,0.9146998
mp-1198957,-0.2584434,-0.25959995,0.04380215,0.0011565685,0.0,0.068518,0.064209044,0.068518
mp-1103812,-1.1353389,-1.1989034,0.03994849,0.06356454,0.0,0.06572087,0.061017033,0.06572087
mp-21633,-3.211209,-3.1481426,0.047826167,0.06306648,2.4336,1.9714787,0.4116486,0.46212125
mp-1210315,-1.7514303,-1.7553949,0.07837302,0.0039646626,1.0719,0.3624996,0.19084866,0.7094004
mp-31907,-2.2068253,-2.0069542,0.085596696,0.19987106,3.068,1.605826,0.49227086,1.462174
mp-3446,-3.8055432,-3.7962189,0.021872347,0.009324312,3.8156,3.9292846,0.15032797,0.113684654
mp-2234,-2.3661895,-2.3397894,0.046672214,0.02640009,1.4691,1.1493953,0.08760504,0.31970465
mp-1199446,-2.2892714,-2.2723732,0.045175523,0.016898155,5.1209,5.0646324,0.29097483,0.05626774
mp-1214824,-2.6925287,-2.6621003,0.04549042,0.03042841,0.2711,0.23783037,0.08807901,0.033269644
mp-977148,-0.3224795,-0.30115506,0.08282952,0.021324426,4.3798,4.1810327,0.32366404,0.19876719
mp-1178397,-2.0671546,-2.090346,0.09706832,0.023191452,2.7962,3.207906,0.32852477,0.41170597
mp-1028452,-0.19633421,-0.3216909,0.07901467,0.12535667,0.3096,0.57683724,0.16844368,0.26723725
mp-557592,-0.64643663,-0.67507845,0.021479864,0.02864182,0.0,0.778504,0.18564452,0.778504
mp-755901,-3.666765,-3.6887517,0.049660593,0.021986723,2.6062,2.1436381,0.4446752,0.46256185
mp-1101302,-2.8018315,-2.7652092,0.03149202,0.036622286,1.3038,1.2137232,0.38874152,0.090076804
mp-1183067,-0.38446555,-0.40789238,0.07972288,0.02342683,0.0,0.04209099,0.08207949,0.04209099
mp-559851,-1.9929549,-1.9595228,0.07966108,0.033432007,1.7905,1.2149194,0.18277985,0.5755806
mp-2715909,-2.7431378,-2.7430923,0.028112093,4.553795e-05,4.7203,4.381383,0.110166706,0.33891726
mp-1113055,-1.3145647,-1.3703558,0.06365633,0.05579114,2.6566384,2.4379556,0.15171038,0.21868277
mp-1217136,-0.7718418,-0.87169254,0.046333555,0.099850714,0.0,0.03647995,0.02655369,0.03647995
mp-29107,-0.6830664,-0.6580687,0.047761988,0.024997711,1.0159,0.8425296,0.1851277,0.17337042
mp-1221753,-0.8083667,-0.82586014,0.027413655,0.017493427,0.5469,0.078089096,0.026671983,0.4688109
mp-1204373,-2.3776646,-2.418764,0.045641657,0.04109955,3.2081,3.2776725,0.1140845,0.06957245
mp-25385,-1.0921938,-1.1986881,0.041141823,0.10649431,0.0,0.040757727,0.117886,0.040757727
mp-1192824,-1.8297637,-1.7746055,0.09271403,0.05515814,2.1197047,1.3934515,0.19622348,0.7262533
mp-27484,-0.8140924,-0.81182843,0.10915563,0.0022639632,0.5717,0.72685385,0.44422957,0.15515387
mp-556619,-2.8639667,-2.884243,0.0539933,0.020276308,3.1531,2.607549,0.19337407,0.54555106
mp-1205970,-0.26286283,-0.25399333,0.04869789,0.008869499,0.0,0.026135301,0.028233595,0.026135301
mp-1206280,-0.98078674,-0.94375247,0.05507493,0.037034273,0.0,0.30586305,0.13808382,0.30586305
mp-1216940,-0.32571813,-0.28041846,0.02822158,0.04529968,0.0,0.04261186,0.014132846,0.04261186
mp-1185597,0.00092638365,-0.0350507,0.03455941,0.035977084,0.4779,0.14189024,0.046871506,0.33600974
mp-12922,-1.2958494,-1.2345115,0.056662936,0.061337948,0.0,0.079870105,0.069714196,0.079870105
mp-865162,-0.60949564,-0.61517084,0.048345506,0.0056751966,0.0,0.025512362,0.023530634,0.025512362
mp-21931,-0.81245023,-0.8523779,0.046071786,0.03992766,0.0,0.0262568,0.020642664,0.0262568
mp-1104182,-2.3529701,-2.3305728,0.030434467,0.02239728,1.2299,0.9944774,0.19672635,0.23542261
mp-1183173,-0.52205586,-0.5607063,0.017845314,0.038650453,0.0,0.056900643,0.03135425,0.056900643
mp-754478,-3.8771546,-3.8213296,0.08008813,0.055824995,3.4347,3.6720688,0.42809936,0.23736882
mp-756239,-2.1038973,-2.2035012,0.08787308,0.09960389,1.0428,2.9703038,0.54019773,1.9275038
mp-7650,-3.0005765,-2.9528775,0.04039077,0.047698975,3.4524,3.4103913,0.19020556,0.04200864
mp-1102374,-0.009445992,-0.24484122,0.09073487,0.23539522,0.0,0.015603185,0.022629973,0.015603185
mp-865315,-0.21346112,-0.32866818,0.065018795,0.11520706,0.0,0.005064511,0.018562132,0.005064511
mp-29636,-1.5074983,-1.4969295,0.097727366,0.010568738,1.786,1.1934427,0.1170764,0.5925573
mp-23021,-1.33588,-1.4753532,0.12215669,0.1394732,0.9715,0.96495074,0.5402769,0.006549239
mp-26027,-2.4966037,-2.4606771,0.02129333,0.03592658,4.4977,3.7471378,0.13639307,0.7505624
mp-1518,-0.6572042,-0.6989858,0.06783245,0.041781604,0.0,0.034436535,0.037296094,0.034436535
mp-2713078,-3.0023112,-2.9855692,0.04116182,0.016741991,2.2791,2.3180635,0.12543517,0.038963556
mp-757633,-2.52393,-2.5558002,0.03963487,0.031870127,1.1095,1.0955602,0.093246974,0.0139398575
mp-1182089,-2.1001594,-2.0988822,0.03103137,0.0012772083,2.3443,2.2477894,0.09857568,0.09651065
mp-1179401,-0.42100117,-0.5248214,0.1238614,0.103820235,2.4883,0.839543,0.3308166,1.6487571
mp-1205992,-3.7620118,-3.4418175,0.14140296,0.32019424,4.9479,0.8864519,0.71909636,4.061448
mp-22408,-1.2718312,-1.1286516,0.12224421,0.14317954,0.5819,0.18588808,0.12823954,0.39601192
mp-30491,-0.034410316,-0.07772048,0.032906123,0.04331016,0.0,0.04210081,0.03598315,0.04210081
mp-1215979,-0.7908623,-0.8633342,0.07388266,0.07247186,0.0,0.033898853,0.0331182,0.033898853
mp-30423,-0.052279986,-0.29674667,0.040506028,0.24446669,0.0,0.018572975,0.0267893,0.018572975
mp-571011,-0.97577006,-0.98192835,0.14521946,0.0061582923,1.7836,1.8267596,0.41860676,0.043159604
mp-569834,-0.18911922,-0.22531767,0.076004155,0.036198452,0.0,0.04757049,0.019711267,0.04757049
mp-863250,-0.20428142,-0.33787113,0.06654602,0.13358971,0.0,0.048208714,0.018665522,0.048208714
mp-1190733,-2.096319,-2.0813484,0.03443376,0.014970541,4.289,4.2165,0.30303764,0.07250023
mp-557230,-2.8637195,-2.8215935,0.05958643,0.04212594,2.989,2.1583886,0.12980904,0.83061147
mp-1210413,-0.4137549,-0.44343272,0.040328402,0.029677808,0.0,0.027067114,0.01681064,0.027067114
mp-34337,-0.70063245,-0.5453476,0.12392571,0.15528488,4.9364,4.536476,0.64654905,0.3999238
mp-760860,-1.2953517,-1.3439691,0.062401585,0.048617363,0.1011,0.36491507,0.19428906,0.26381508
mp-1221750,-0.27665308,-0.35357586,0.03664688,0.076922774,0.0,0.028891493,0.021033436,0.028891493
mp-1215245,-0.4713883,-0.51449335,0.03854548,0.043105036,0.0,0.109471895,0.13283813,0.109471895
mp-541347,-2.2275984,-2.2372622,0.12541594,0.00966382,1.7015,1.940048,0.40647408,0.23854792
mp-1110809,-2.141496,-2.1352246,0.035096698,0.0062713623,0.27380797,2.7871947,0.2548992,2.5133867
mp-1246609,-0.24216267,-0.29723448,0.048898414,0.0550718,0.0,-0.075361826,0.0598525,0.075361826
mp-1077906,-1.7614485,-1.4702423,0.14787203,0.29120624,6.5856,4.223262,0.53286505,2.362338
mp-1105838,-0.77122384,-0.9493933,0.066024415,0.17816943,0.0,0.0050543784,0.035964683,0.0050543784
mp-1213231,-2.5597403,-2.4887896,0.06991455,0.07095075,3.9765303,3.8370476,0.32579508,0.13948274
mp-1103859,-0.914761,-0.90031356,0.02566774,0.014447451,0.0,0.16221313,0.059356198,0.16221313
mp-7124,-1.2916623,-1.1922004,0.020563954,0.09946191,0.0,0.04403119,0.0338453,0.04403119
mp-781079,-2.4682717,-2.45243,0.026440585,0.015841722,0.3442,0.20345123,0.4078561,0.14074875
mp-1110833,-2.8908567,-2.713047,0.03742894,0.17780972,4.8062,3.1686163,0.7815334,1.6375837
mp-1019597,-3.0978942,-3.183575,0.043111578,0.08568072,0.051,3.4146132,0.13168158,3.3636131
mp-1211590,-0.04220948,-0.12671563,0.042407326,0.084506154,0.0,0.09313653,0.06478367,0.09313653
mp-605108,-1.9370856,-1.9557737,0.099124126,0.018688083,5.8945,5.7551603,0.16281036,0.13933945
mp-1213421,-1.6320684,-1.640757,0.025205556,0.008688569,0.6724,0.6110053,0.076632895,0.06139469
mp-560688,-2.3101704,-2.2977629,0.036374226,0.012407541,2.3346,2.64043,0.19378649,0.30583
mp-6046,-2.4191012,-2.3872733,0.038105648,0.031827927,2.1523,2.0891547,0.34553143,0.06314516
mp-1044935,-2.2411768,-2.2136304,0.04967112,0.027546406,3.6522,3.370974,0.25972325,0.28122592
mp-1285565,-2.7574441,-2.836574,0.10654787,0.079129934,0.0583,0.8637382,0.7241838,0.80543816
mp-1105133,-0.88855237,-0.79308134,0.04234998,0.095471025,0.0,0.0280313,0.039601352,0.0280313
mp-1212424,-0.4235604,-0.41834956,0.13435432,0.0052108467,2.2238,2.5451572,0.15106869,0.32135725
mp-1216837,-0.47944456,-0.51698124,0.033556677,0.03753668,0.0,0.37914705,0.08130923,0.37914705
mp-1187865,-0.3326618,-0.47983122,0.06242248,0.14716941,0.0,0.0127032995,0.024173416,0.0127032995
mp-2767168,-3.767984,-3.8458226,0.094567016,0.07783866,0.0,0.03922212,0.1589212,0.03922212
mp-542293,-0.8904407,-0.8788427,0.07036733,0.011597991,0.0,0.18699181,0.07415746,0.18699181
mp-2714647,-2.9091828,-2.9195142,0.048831157,0.010331392,2.4042,2.9186864,0.07209975,0.5144863
mp-18002,-2.2348588,-2.1474624,0.031362668,0.08739638,3.9368,3.4938393,0.15514185,0.44296074
mp-998964,-0.47178936,-0.46169406,0.053402837,0.010095298,0.0,0.035388134,0.013459448,0.035388134
mp-762643,-2.5061958,-2.5302317,0.029156497,0.02403593,1.6569,2.1535344,0.1793398,0.49663436
mp-21419,-0.005196522,-0.077717975,0.036565084,0.072521456,0.0,0.028396249,0.047033235,0.028396249
mp-1227310,-0.482972,-0.5496249,0.032772772,0.066652924,0.0,0.030877423,0.02474064,0.030877423
mp-845,0.024354069,-0.04012079,0.018813293,0.06447486,0.0,0.01934805,0.033254433,0.01934805
mp-1208114,-2.1010354,-2.1182396,0.035295796,0.017204285,1.3171,1.5002733,0.12883033,0.1831733
mp-772086,-2.595661,-2.5051038,0.07942519,0.0905571,2.7238,1.8861288,0.27098706,0.83767116
mp-865450,-0.5706964,-0.51656526,0.07173213,0.05413115,0.0,0.046868183,0.03224943,0.046868183
mp-977586,-0.2832951,-0.31949836,0.025047231,0.036203265,0.0,0.012226105,0.026144754,0.012226105
mp-557232,-2.2986236,-2.2926247,0.07710672,0.00599885,0.7189,0.9382695,0.25826147,0.21936947
mp-1209976,-0.39038038,-0.44797087,0.04941607,0.057590485,0.0,0.03729229,0.027387636,0.03729229
mp-25969,-2.532738,-2.5382824,0.0338359,0.005544424,2.5146,1.4095751,0.44822213,1.1050249
mp-662530,-0.9059323,-0.87675035,0.05536927,0.029181957,0.9783,0.8257085,0.3890495,0.15259147
mp-554823,-1.7379676,-1.7800744,0.05378538,0.042106748,2.7678,3.3882117,0.4001001,0.62041163
mp-1219543,-1.7155844,-1.6840569,0.045838714,0.03152752,0.2653,1.0353854,0.23398334,0.77008533
mp-1199053,-2.4591112,-2.4299216,0.051042546,0.029189587,1.0697,0.6404927,0.19128585,0.42920732
mp-559736,-1.7643845,-1.7400986,0.078005,0.024285913,1.6283,1.0171264,0.26794177,0.6111735
mp-30776,-0.009906211,-0.10889409,0.04359691,0.09898788,0.0,0.08783498,0.07536109,0.08783498
mp-757836,-1.7217022,-1.64695,0.071703084,0.07475221,4.7645,4.589724,0.23150238,0.17477608
mp-1189825,-1.9276289,-1.9773169,0.055133425,0.04968798,0.0,0.31277746,0.1518667,0.31277746
mp-1189076,-0.9042642,-0.86629295,0.079371795,0.03797126,0.0,0.016065884,0.029025193,0.016065884
mp-555871,-0.89208674,-0.8781028,0.0274627,0.013983965,1.2419,1.032018,0.16797714,0.20988202
mp-1106215,-2.7250376,-2.7407458,0.056314062,0.015708208,2.742,2.7357464,0.11070771,0.0062537193
mp-3462,-0.8328357,-0.8309456,0.06722937,0.0018900633,0.0,0.06435554,0.064257406,0.06435554
mp-865739,-0.29221633,-0.3702595,0.038707327,0.07804316,0.0,0.025426507,0.026843773,0.025426507
mp-1174214,-2.0233352,-2.024149,0.030877145,0.0008137226,0.8231,0.6062348,0.11085979,0.21686518
mp-11240,-0.8384205,-0.8568754,0.03875008,0.01845491,0.0,0.03871708,0.0136954,0.03871708
mp-568920,-0.45244008,-0.4549613,0.019291196,0.0025212169,0.0,0.030728746,0.032705452,0.030728746
mp-1215676,-0.7206466,-0.6912903,0.05069262,0.0293563,0.0,0.032937862,0.015069673,0.032937862
mp-1103603,-0.46475634,-0.4990572,0.054520357,0.034300864,0.0,0.07622836,0.05640751,0.07622836
mp-1215456,-1.8942354,-2.1044655,0.06018965,0.21023011,0.0,0.055374645,0.09513426,0.055374645
mp-1226646,-0.29161578,-0.3454316,0.07598611,0.053815812,0.0,0.011566043,0.02727746,0.011566043
mp-1638869,-2.3400805,-2.353802,0.082624294,0.013721466,2.785,1.8009827,0.21141963,0.9840174
mp-1185975,-0.19710818,-0.29725066,0.047882196,0.10014248,0.0,0.037965823,0.025891123,0.037965823
mp-1042795,-1.6290265,-1.6418682,0.062443316,0.0128417015,2.0657,1.4460341,0.2304861,0.619666
mp-3660,-2.810832,-2.7869198,0.04509212,0.023912191,6.3532,5.5203867,0.63158965,0.83281326
mp-1229045,-2.206999,-2.187081,0.012928755,0.019917965,0.0,0.010282254,0.04197062,0.010282254
mp-640372,-0.5194107,-0.5578246,0.0600063,0.038413882,0.0,0.037095927,0.023543794,0.037095927
mp-1003549,-1.8365434,-1.8696415,0.032062285,0.0330981,0.0,0.2298501,0.15023698,0.2298501
mp-555349,-3.2775912,-3.2937973,0.1188189,0.016206026,3.9487,2.7518644,0.57380223,1.1968355
mp-557259,-2.588112,-2.580213,0.10011587,0.007899046,4.1687,3.2755342,0.5751339,0.89316607
mp-1198122,-0.66986316,-0.67306733,0.08674321,0.003204167,0.0,0.11363127,0.08211406,0.11363127
mp-18082,-3.304153,-3.2990022,0.058689136,0.005150795,0.0,1.1343298,0.37289336,1.1343298
mp-989574,-3.0129118,-3.2799678,0.13133532,0.267056,0.0,5.496226,0.458367,5.496226
mp-1207798,-1.7637339,-1.8926556,0.1146939,0.12892175,0.0,-0.06759961,0.084999286,0.06759961
mp-672176,-2.4049609,-2.385844,0.037156165,0.019116879,3.9186,3.4634151,0.25436026,0.45518494
mp-986,-0.19159792,-0.3001288,0.043681256,0.108530864,0.0,0.04072132,0.047408972,0.04072132
mp-752432,-3.693315,-3.668064,0.027833184,0.025250912,2.3856,2.4433906,0.15462005,0.057790518
mp-1225089,-0.29229635,-0.26092735,0.029685963,0.031369,0.0,0.041867565,0.022014245,0.041867565
mp-697744,-2.5184643,-2.5558891,0.032136876,0.037424803,1.3152,1.2052085,0.18235122,0.10999143
mp-1185131,-0.084949225,-0.0942631,0.016122524,0.009313874,0.0,0.030895973,0.034689926,0.030895973
mp-530149,-3.4356945,-3.3937156,0.02659082,0.041978836,1.9743,2.6600363,0.5828759,0.6857363
mp-1202947,-0.12174765,-0.2525099,0.035338417,0.13076225,0.0,0.102028444,0.035826035,0.102028444
mp-504844,-2.411268,-2.4115596,0.053219505,0.00029158592,0.0,1.2777989,0.19359848,1.2777989
mp-1219215,-3.0332289,-3.0488129,0.05643906,0.015583992,1.2647588,1.1649411,0.2677943,0.09981775
mp-862371,-0.9565563,-0.90553296,0.043891024,0.051023364,0.0,0.023634505,0.025658254,0.023634505
mp-862911,-0.501579,-0.4413906,0.011592004,0.060188383,0.0,0.0123606445,0.035819728,0.0123606445
mp-1016200,-0.35693944,-0.35411987,0.03293262,0.002819568,0.5541,0.8246396,0.08171481,0.27053964
mp-27919,-0.828701,-0.83064425,0.038182247,0.0019432306,0.0,0.05144458,0.027115013,0.05144458
mp-1197297,-1.4647751,-1.3760526,0.04762188,0.08872247,4.1452,4.2200394,0.23712112,0.07483959
mp-2713891,-2.870789,-2.8683767,0.039824896,0.0024123192,2.0337,1.9268862,0.121463135,0.10681379
mp-1224236,-2.6727931,-2.6796665,0.06456229,0.006873369,0.876,3.9985862,0.1839958,3.1225863
mp-1185942,-1.637005,-1.6521066,0.10075138,0.015101671,4.1133,2.9231782,0.22446217,1.1901217
mp-1301679,-2.3960617,-2.369342,0.07097351,0.02671957,0.8687,0.123264834,0.06317184,0.7454352
mp-753050,-1.7177534,-1.7164377,0.018761765,0.0013157129,0.0,0.17896453,0.20345661,0.17896453
mp-1219820,-0.280318,-0.27928436,0.024672933,0.001033634,0.0,0.020299101,0.008273216,0.020299101
mp-974883,0.04730256,0.0032861948,0.052928448,0.044016365,0.0,-0.10993221,0.13642326,0.10993221
mp-556737,-2.9472961,-2.9414582,0.053317055,0.0058379173,1.1657,1.5493163,0.35410008,0.38361633
mp-768729,-1.7690723,-1.6659575,0.04776383,0.10311484,2.0451,1.246836,0.080153376,0.798264
mp-1186525,0.023840908,0.014335776,0.012760785,0.009505132,0.0,0.00031552315,0.04054889,0.00031552315
mp-862723,-0.17953746,-0.32725078,0.063780196,0.14771332,0.0,0.003367877,0.03303561,0.003367877
mp-768457,-1.7644974,-1.8310341,0.06786763,0.066536665,3.6274,3.7538733,0.23472726,0.12647343
mp-1025156,-0.4198179,-0.5362654,0.047301278,0.11644748,0.0,0.074067496,0.07849276,0.074067496
mp-560545,-2.0298357,-2.0323467,0.07709952,0.0025110245,2.6021,3.0232177,0.26871893,0.42111778
mp-1217432,-1.1606194,-1.218602,0.054915015,0.057982564,0.025,0.05119591,0.07002083,0.026195908
mp-555109,-3.5836585,-3.561874,0.04424826,0.021784544,3.4247,3.535303,0.23368405,0.110603094
mp-29769,-0.8702724,-0.8908831,0.049064506,0.02061069,0.0,0.058312584,0.0406503,0.058312584
mp-6290,-2.5808742,-2.5848446,0.03190213,0.0039703846,3.7446,3.924356,0.27219197,0.17975593
mp-19270,-2.6979392,-2.6962643,0.022337994,0.0016748905,2.5309,0.86369276,0.29237345,1.6672072
mp-1976674,-1.2576785,-1.229715,0.09122611,0.02796352,2.6474,0.8158864,0.15403411,1.8315135
mp-1104963,-0.27782294,-0.3099191,0.034943085,0.032096148,0.0,0.042196058,0.01925236,0.042196058
mp-632319,-0.2314997,-0.21673226,0.1005301,0.014767438,2.5693,2.590218,0.48621717,0.02091813
mp-2544,-0.23725091,-0.19059193,0.024996286,0.046658978,0.0,0.028150296,0.07253746,0.028150296
mp-768493,-2.4935105,-2.4764163,0.020845626,0.017094135,0.2694,0.4114735,0.1460305,0.14207351
mp-1197751,-1.2218994,-1.1714213,0.035925474,0.0504781,0.0,0.045690347,0.096422814,0.045690347
mp-703545,-0.7487859,-0.67267746,0.05893203,0.076108456,1.5847,2.3531425,0.25444037,0.7684425
mp-1195883,-3.0143487,-2.9762998,0.015575011,0.038048983,3.1728,2.0738692,0.4870862,1.0989308
mp-1185638,-0.00080976274,-0.05586202,0.03562708,0.055052258,0.1529,0.1731112,0.05064034,0.020211205
mp-1095664,-0.54140186,-0.48275822,0.05379182,0.05864364,0.0,0.031262327,0.048299056,0.031262327
mp-978284,-2.4929514,-2.5169804,0.031592228,0.024029016,5.2454,5.256112,0.04544966,0.010712147
mp-1177226,-2.5770345,-2.581618,0.027703485,0.004583597,0.5949,1.0674874,0.103260525,0.47258735
mp-40963,-2.551361,-2.5444953,0.028409297,0.00686574,4.042,4.2236314,0.12675916,0.18163157
mp-532085,-1.7331414,-1.737698,0.03620164,0.0045565367,0.0,0.16279538,0.11567493,0.16279538
mp-1192393,-1.2021189,-1.0888627,0.06390763,0.113256216,0.91282916,0.39258304,0.06485272,0.52024615
mp-1211447,-3.8989968,-3.8989606,0.06594531,3.6239624e-05,8.5241,7.070554,0.30601096,1.4535465
mp-16137,-3.2736511,-3.2442958,0.086736694,0.029355288,2.1032,1.5725467,0.17084903,0.53065324
mp-21450,-0.8056263,-0.87118036,0.038578704,0.06555408,0.0,0.03162396,0.033222258,0.03162396
mp-581958,-0.21855031,-0.29244003,0.07470655,0.07388972,0.0,0.055000164,0.058301218,0.055000164
mp-27003,-2.5657556,-2.5315495,0.014228504,0.034206152,3.9179,1.6187019,0.3341036,2.2991982
mp-5831,-1.6394209,-1.5090095,0.10259965,0.13041139,0.0,-0.11890652,0.14150228,0.11890652
mp-971982,-0.3084571,-0.34329477,0.07039998,0.034837663,0.0,0.039863564,0.024893329,0.039863564
mp-1219122,-2.0240428,-2.0729775,0.04545199,0.048934698,2.309,2.7700512,0.17391917,0.46105123
mp-557163,-3.3161328,-3.2524807,0.09274896,0.06365204,5.1325,4.9591656,0.28851146,0.1733346
mp-567339,-0.10618662,-0.2652198,0.13176255,0.15903318,0.0,0.0072426796,0.07146915,0.0072426796
mp-9460,-0.042922802,-0.11307631,0.069428526,0.070153505,0.0,0.09397193,0.1708641,0.09397193
mp-1216573,-0.53741145,-0.6079186,0.07043445,0.07050717,0.0,0.076239824,0.074491024,0.076239824
mp-1192685,-0.3836396,-0.45872432,0.04468862,0.075084716,1.4992,1.7696829,0.14933373,0.2704829
mp-1219487,-0.403449,-0.40343934,0.07434596,9.655952e-06,0.0,0.21841922,0.15843718,0.21841922
mp-1193602,-2.087926,-1.9944255,0.022240888,0.093500376,0.0,0.055964876,0.06260989,0.055964876
mp-28607,-0.55402315,-0.4483922,0.041524857,0.105630934,0.0,0.033281755,0.040644255,0.033281755
mp-753589,-2.4465034,-2.4138348,0.031369187,0.03266859,1.6276,1.2211641,0.13302691,0.40643585
mp-20911,-0.39888722,-0.440303,0.036209565,0.04141578,0.0,0.027402306,0.015668279,0.027402306
mp-504158,-2.5687194,-2.5834892,0.05381796,0.014769793,1.6212,1.7294111,0.6296667,0.10821116
mp-756748,-1.2014617,-1.2897419,0.06380842,0.0882802,4.1372,4.9159503,0.15189573,0.7787504
mp-1210128,-0.86241686,-0.8201605,0.04676186,0.042256355,1.6164,0.96440345,0.18893543,0.65199655
mp-1227686,-3.5768461,-3.5214162,0.08870071,0.055429935,3.5696,1.7128706,0.49476177,1.8567295
mp-861660,-0.51772016,-0.5003264,0.025876721,0.017393768,0.0,0.06692102,0.045605566,0.06692102
mp-568857,-1.4624447,-1.5399561,0.07672693,0.07751143,0.0,0.49938878,0.16824889,0.49938878
mp-1209848,-2.5033536,-2.4020035,0.020167788,0.10135007,1.4622,0.28091654,0.15754488,1.1812835
mp-1105663,-1.013675,-1.151097,0.067578524,0.13742208,0.0,0.16179645,0.07476581,0.16179645
mp-1219996,-0.27789426,-0.3171788,0.06309933,0.039284527,0.0,0.018706251,0.019952836,0.018706251
mp-21657,-0.40660164,-0.5970407,0.07446205,0.19043908,0.0,0.7235206,0.25070202,0.7235206
mp-1227767,-3.435679,-3.3870246,0.052029118,0.048654318,0.7206,3.416364,0.20394754,2.695764
mp-1078224,-0.61650234,-0.6976119,0.07774361,0.08110958,0.0,0.056895114,0.034397867,0.056895114
mp-1213249,-0.4668143,-0.5022901,0.055465423,0.03547582,0.0,0.046272516,0.03431051,0.046272516
mp-1102955,-1.0591918,-0.9882081,0.027598465,0.07098371,0.0,0.04457321,0.04585092,0.04457321
mp-1229058,-1.8466891,-1.8209693,0.020695332,0.025719762,3.5688,4.234618,0.10595722,0.6658182
mp-769720,-3.6844342,-3.6202145,0.05210792,0.06421971,2.5352,2.6796634,0.44526798,0.1444633
mp-1211499,-0.8647857,-1.0861449,0.09261153,0.22135925,1.1648,2.0943816,0.21789955,0.9295815
mp-561326,-2.860289,-2.803615,0.09639359,0.056674004,3.9164,3.9122405,0.2735474,0.0041594505
mp-771232,-1.719886,-1.6718605,0.02993355,0.04802549,0.0,0.14546745,0.12624764,0.14546745
mp-752716,-2.4982233,-2.506247,0.014408154,0.008023739,1.6595,2.8103073,0.25589702,1.1508073
mp-1220313,-2.8734195,-2.9185634,0.11582861,0.045143843,0.0,0.22446772,0.27787927,0.22446772
mp-1898,-0.6778102,-0.6577876,0.089287914,0.020022571,0.0,0.027945757,0.027294517,0.027945757
mp-29060,-1.0083418,-1.1658008,0.042802155,0.15745902,1.4009,1.7590723,0.21707208,0.3581723
mp-1198634,-1.6373404,-1.7500614,0.08378521,0.11272097,0.0,5.01748,1.0426173,5.01748
mp-1216252,-0.4210546,-0.41762456,0.045013964,0.0034300387,0.0,0.027163005,0.023187269,0.027163005
mp-865322,-2.9387772,-2.9842527,0.1984705,0.045475483,0.3061,0.54136956,0.17202924,0.23526955
mp-556207,-0.96210754,-0.96488124,0.029581338,0.0027737021,2.7377,2.3826702,0.18236291,0.35502982
mp-1200815,-1.604302,-1.5979335,0.081192136,0.006368518,0.0,0.13439646,0.10695992,0.13439646
mp-728720,-2.1017091,-2.0940127,0.043623444,0.00769639,0.6763,2.2344556,0.18457064,1.5581555
mp-672252,-1.3937743,-1.4257091,0.067418754,0.031934857,0.14592254,0.023902988,0.12916028,0.12201955
mp-1110968,-2.9708962,-2.8935204,0.08345396,0.07737589,3.0383,4.185421,0.21671343,1.147121
mp-754955,-0.8753783,-0.8630872,0.053647354,0.012291133,0.0,0.021401143,0.025250044,0.021401143
mp-769396,-3.0546021,-2.9945397,0.07757886,0.06006241,2.9452,3.0282638,0.16071899,0.08306384
mp-777583,-2.383029,-2.3844974,0.012611314,0.00146842,3.0954,2.9163542,0.21485047,0.17904592
mp-1219849,-0.62617975,-0.61033016,0.07534861,0.01584959,0.0,0.02848513,0.01809328,0.02848513
mp-761222,-2.3009195,-2.2985547,0.014634362,0.002364874,1.6432,1.9374489,0.22018512,0.29424882
mp-1209529,-3.1445527,-3.1037064,0.04384458,0.040846348,4.9848,4.88179,0.11301873,0.1030097
mp-1519376,-2.7514646,-2.7476263,0.07320884,0.0038383007,1.7882,1.8562351,0.2327677,0.068035126
mp-17460,-0.5997043,-0.63808453,0.016763749,0.038380206,0.0,0.026179861,0.0400685,0.026179861
mp-1198360,-1.7620094,-1.7190996,0.03952599,0.04290974,3.154,2.932467,0.22742335,0.22153306
mp-16566,-0.5071656,-0.43580332,0.027694132,0.07136229,0.0,0.023454333,0.066328876,0.023454333
mp-731800,-0.7912007,-1.0102609,0.08316413,0.21906024,1.9392,2.5743499,0.5594869,0.63514984
mp-27882,-1.8067913,-1.812087,0.06403159,0.0052957535,2.2322,2.8712268,0.49597904,0.6390269
mp-1221683,-0.14511189,-0.19485764,0.041726287,0.049745753,0.0,0.047124147,0.029023463,0.047124147
mp-19039,-1.814628,-1.7859501,0.025809564,0.02867794,2.4722,2.8076372,0.09304796,0.3354373
mp-1183904,-0.6038652,-0.670378,0.050740585,0.06651282,0.0,0.048417855,0.032733105,0.048417855
mp-1214042,-0.5003686,-0.5988458,0.029722756,0.098477185,0.0,0.027771402,0.035011485,0.027771402
mp-11433,-0.49133226,-0.54335874,0.056980766,0.05202648,0.0,0.03465011,0.01794716,0.03465011
mp-1223576,-1.090099,-1.1260866,0.031963445,0.035987616,0.0,0.03198693,0.060177173,0.03198693
mp-1213066,-0.39192814,-0.5029211,0.05656007,0.11099297,0.0,0.024523044,0.020427482,0.024523044
mp-758316,-2.8942811,-2.938919,0.090501234,0.04463792,1.2729,1.1190706,0.287334,0.15382934
mp-1095419,-0.6600584,-0.76630527,0.058728512,0.10624689,0.0,0.03586664,0.04335513,0.03586664
mp-1106289,-0.41070578,-0.4194785,0.051553115,0.008772731,0.0,0.047155738,0.030408476,0.047155738
mp-778924,-1.3564532,-1.3959689,0.06117393,0.039515734,2.0896,2.7699423,0.23873977,0.6803422
mp-1206381,-0.7300363,-0.7778094,0.04043738,0.047773063,0.0,0.051472045,0.014677848,0.051472045
mp-571256,-1.3031032,-1.2570168,0.03185567,0.04608643,0.2688,0.3792122,0.13222045,0.11041221
mp-16044,-0.71111375,-0.63242084,0.051428083,0.07869291,0.0,0.023476887,0.037521213,0.023476887
mp-684828,-2.2463148,-2.3018374,0.04436511,0.05552268,0.3349,1.9905207,0.396521,1.6556207
mp-705435,-1.8960385,-1.9345515,0.0453627,0.038512945,2.4052,1.6180878,0.35006917,0.78711224
mp-1224195,-0.9318588,-1.0207154,0.032722585,0.08885658,0.0,0.17453504,0.03389524,0.17453504
mp-560235,-3.1863065,-3.1550384,0.018207524,0.03126812,4.5766,3.3394349,0.20746893,1.2371652
mp-11245,-0.9581526,-0.86615485,0.024040677,0.09199774,0.0,0.027249169,0.015250251,0.027249169
mp-18850,-2.7869453,-2.7814941,0.03924187,0.0054512024,0.0,0.09933295,0.11707493,0.09933295
mp-1188818,-0.8900055,-0.8176395,0.040541098,0.072366,2.1056,1.8886623,0.12906231,0.21693778
mp-556606,-2.325122,-2.284607,0.051233787,0.040515184,3.5602,3.532235,0.17783777,0.027965069
mp-28705,-0.61325234,-0.5998119,0.027970279,0.01344043,0.0,0.011170054,0.017573653,0.011170054
mp-865409,-0.07935467,-0.23280075,0.048255242,0.15344608,0.0,0.023128366,0.026302425,0.023128366
mp-1094586,-0.024146184,-0.063613795,0.036337107,0.03946761,0.0,0.04098215,0.045620665,0.04098215
mp-1219418,-0.6016955,-0.6280179,0.067567706,0.026322424,0.0,0.035851,0.022389218,0.035851
mp-6478,-2.7561114,-2.7429137,0.025137415,0.01319766,3.7398,3.7658238,0.372696,0.026023865
mp-13381,-0.65250534,-0.67766595,0.050962634,0.02516061,0.0,0.058558486,0.04454472,0.058558486
mp-15598,-1.8996307,-1.8886425,0.09117062,0.010988116,3.8754,1.9243793,0.7320629,1.9510207
mp-1181813,-1.5967491,-1.6613128,0.025860084,0.06456375,0.9080648,1.0129833,0.08421082,0.10491854
mp-19014,-2.6185603,-2.6118424,0.06906738,0.0067179203,3.3826,3.0398889,0.38912344,0.3427112
mp-1178133,-3.00647,-3.0522556,0.0391026,0.045785666,3.8604,3.55741,0.23042679,0.30298996
mp-1184141,0.04631193,0.020505166,0.017465051,0.025806764,0.0,0.008582473,0.041635,0.008582473
mp-1279062,-2.4568057,-2.5596194,0.079208225,0.10281372,0.9743,2.0083275,0.35947,1.0340275
mp-996964,-0.8645121,-0.95805866,0.089263625,0.09354657,0.0,0.21836133,0.17221734,0.21836133
mp-1210658,-0.42580575,-0.50215495,0.047081687,0.0763492,0.0,0.049472094,0.033619046,0.049472094
mp-1196626,-2.5101533,-2.4557042,0.028941736,0.05444908,3.0817,2.5831292,0.23986381,0.49857092
mp-1221673,-0.5563068,-0.6314546,0.06620291,0.07514781,0.0,0.052416872,0.044981293,0.052416872
mp-1302186,-2.7215652,-2.6867301,0.04287071,0.0348351,0.8575,0.829229,0.17069775,0.02827102
mp-2572,-0.090161264,-0.12075575,0.055872116,0.030594483,0.0,0.054527543,0.046378314,0.054527543
mp-775430,-1.5048593,-1.5212992,0.07796203,0.016439915,1.7552,2.0619073,0.2026869,0.30670726
mp-1197681,-0.18298805,-0.10906847,0.0717605,0.07391958,2.4199,2.5147004,0.17050993,0.09480047
mp-981512,-1.41458,-1.323722,0.04353485,0.09085798,0.0,0.011134553,0.02071002,0.011134553
mp-1019363,-1.3573855,-1.2161491,0.09635968,0.14123642,0.0,0.05516548,0.04286717,0.05516548
mp-1221714,-0.084138945,-0.18502633,0.060576696,0.10088739,0.0,0.055122472,0.032462426,0.055122472
mp-607467,-2.6193779,-2.595869,0.099725395,0.023508787,1.105,0.09283304,0.32778475,1.012167
mp-2752787,-0.63814706,-0.59910023,0.037375584,0.039046824,0.0,0.011006856,0.02979572,0.011006856
mp-1211633,-0.28213653,-0.30813292,0.1032025,0.025996387,5.3686,4.539377,0.27913523,0.8292227
mp-24473,-1.818927,-1.7469753,0.09645657,0.07195175,5.0827,5.270046,0.2511346,0.18734646
mp-558486,-1.239892,-1.2417549,0.052974284,0.0018628836,0.3505,0.27352983,0.15378009,0.07697016
mp-777440,-2.8670878,-2.9317873,0.029525349,0.06469941,1.607,1.6639698,0.13265648,0.05696976
mp-755421,-3.4754915,-3.369145,0.100285664,0.10634661,4.1479,3.5325954,0.36117774,0.6153047
mp-856,-2.107482,-1.9911035,0.029284175,0.11637843,0.6607,1.1185784,0.27988896,0.4578784
mp-1207784,-0.8050597,-0.8186286,0.07755835,0.013568938,0.0,0.060561944,0.035182573,0.060561944
mp-567290,-1.5589626,-1.6089014,0.15986669,0.049938798,1.1169,0.094580606,0.14796236,1.0223193
mp-1069160,-0.37008223,-0.36002353,0.07097259,0.010058701,0.0,0.036927413,0.03977816,0.036927413
mp-644514,-1.8225279,-1.8406557,0.03248027,0.018127799,0.5126,0.2865732,0.11642694,0.2260268
mp-510430,-0.25529495,-0.27700785,0.060040455,0.0217129,0.0,0.049938776,0.012784003,0.049938776
mp-1214030,-2.3597214,-2.3688414,0.05000945,0.0091199875,0.8305,2.0507445,0.24762093,1.2202445
mp-1211320,-3.0014586,-2.8944674,0.06435421,0.10699129,5.5594,5.1561484,0.34370565,0.40325165
mp-1178563,-1.2697113,-1.3287293,0.09155619,0.059018016,0.2921,0.58652794,0.2295061,0.29442793
mp-1076884,-2.3401442,-2.3329167,0.031037357,0.007227421,0.2066,0.3342474,0.14053942,0.12764741
mp-10781,-1.9765518,-1.9381374,0.018850777,0.03841436,1.0339,1.3390135,0.115805864,0.30511343
mp-25386,-1.6918477,-1.8338144,0.068409234,0.1419667,0.0,0.6664176,0.23166512,0.6664176
mp-614724,-2.9458477,-2.9340453,0.08854714,0.011802435,0.0,1.9424728,0.338426,1.9424728
mp-1175325,-2.1238272,-2.141695,0.026135122,0.017867804,0.0,0.70152414,0.04907462,0.70152414
mp-558625,-3.263936,-3.26683,0.05758417,0.0028939247,4.113,3.9228325,0.16048975,0.19016743
mp-877,-0.45943555,-0.46385583,0.019684866,0.0044202805,0.0,0.014906836,0.016614331,0.014906836
mp-766481,-2.5918849,-2.5277264,0.051917303,0.06415844,1.09,0.53964746,0.1433471,0.5503526
mp-1184174,0.0018715371,0.021027088,0.014214074,0.01915555,0.0,0.009067702,0.041870683,0.009067702
mp-867128,-0.53550917,-0.5363602,0.07896273,0.0008510351,0.0,0.037970327,0.023268055,0.037970327
mp-1192672,-2.1936972,-2.1459248,0.080892615,0.047772408,2.6409,2.6219604,0.16875616,0.018939495
mp-1212131,-2.506112,-2.4781177,0.024486735,0.027994394,2.8618,2.9514515,0.19046585,0.089651585
mp-1216261,-0.68425804,-0.78391796,0.030065594,0.09965992,0.0,0.029997801,0.029623594,0.029997801
mp-1221114,-3.3529418,-3.3773322,0.031004563,0.024390459,0.1998,1.8323758,0.14972056,1.6325758
mp-887677,-1.2441102,-1.3016161,0.044491243,0.057505846,0.0,0.14149967,0.06517414,0.14149967
mp-1064719,-0.3277394,-0.33201855,0.0629288,0.0042791665,0.0,0.06594412,0.044084076,0.06594412
mp-1185919,-0.0026989474,-0.108505465,0.05071495,0.105806515,0.0,0.077243045,0.060735155,0.077243045
mp-752586,-2.893606,-2.9303756,0.09951899,0.03676963,0.9085,1.240709,0.21348104,0.33220893
