material_id,formula,src_elem,dst_elem,hetero,distance,gate_layer1,gate_layer2,gate_layer3,gate_final_layer,gate_mean_all_layers
mp-865359,Tm2MgIn,Tm,Mg,True,3.1963940236665604,0.45189118,0.37084392,0.39298597,0.39298597,0.40524033
mp-865359,Tm2MgIn,Tm,Mg,True,3.1963940236665604,0.45189118,0.37084392,0.39298597,0.39298597,0.40524033
mp-865359,Tm2MgIn,Tm,In,True,3.1963940236665604,0.4518169,0.41346067,0.41551274,0.41551274,0.4269301
mp-865359,Tm2MgIn,Tm,In,True,3.196394023666561,0.4518169,0.41346067,0.41551274,0.41551274,0.4269301
mp-865359,Tm2MgIn,Tm,In,True,3.196394023666561,0.4518169,0.41346067,0.41551274,0.41551274,0.4269301
mp-865359,Tm2MgIn,Tm,In,True,3.1963940236665613,0.4518169,0.41346067,0.41551274,0.41551274,0.4269301
mp-865359,Tm2MgIn,Tm,Mg,True,3.1963940236665613,0.45189118,0.37084392,0.39298597,0.39298597,0.40524033
mp-865359,Tm2MgIn,Tm,Mg,True,3.196394023666562,0.45189118,0.37084392,0.39298597,0.39298597,0.40524033
mp-865359,Tm2MgIn,Tm,Tm,False,3.6908778999999994,0.46386114,0.35789427,0.39312816,0.39312816,0.4049612
mp-865359,Tm2MgIn,Tm,Tm,False,3.6908778999999994,0.46386114,0.35789427,0.39312816,0.39312816,0.4049612
mp-865359,Tm2MgIn,Tm,Tm,False,3.6908779,0.46386114,0.35789427,0.39312816,0.39312816,0.4049612
mp-865359,Tm2MgIn,Tm,Tm,False,3.6908779,0.46386114,0.35789427,0.39312816,0.39312816,0.4049612
mp-865359,Tm2MgIn,Tm,Mg,True,3.19639402366656,0.45189118,0.37084392,0.39298597,0.39298597,0.40524033
mp-865359,Tm2MgIn,Tm,In,True,3.1963940236665604,0.4518169,0.41346067,0.41551274,0.41551274,0.4269301
mp-865359,Tm2MgIn,Tm,In,True,3.1963940236665604,0.4518169,0.41346067,0.41551274,0.41551274,0.4269301
mp-865359,Tm2MgIn,Tm,In,True,3.1963940236665604,0.4518169,0.41346067,0.41551274,0.41551274,0.4269301
mp-865359,Tm2MgIn,Tm,Mg,True,3.1963940236665604,0.45189118,0.37084392,0.39298597,0.39298597,0.40524033
mp-865359,Tm2MgIn,Tm,In,True,3.1963940236665613,0.4518169,0.41346067,0.41551274,0.41551274,0.4269301
mp-865359,Tm2MgIn,Tm,Mg,True,3.1963940236665613,0.45189118,0.37084392,0.39298597,0.39298597,0.40524033
mp-865359,Tm2MgIn,Tm,Mg,True,3.1963940236665613,0.45189118,0.37084392,0.39298597,0.39298597,0.40524033
mp-865359,Tm2MgIn,Tm,Tm,False,3.6908779,0.46386114,0.35789427,0.39312816,0.39312816,0.4049612
mp-865359,Tm2MgIn,Tm,Tm,False,3.6908779,0.46386114,0.35789427,0.39312816,0.39312816,0.4049612
mp-865359,Tm2MgIn,Tm,Tm,False,3.6908779,0.46386114,0.35789427,0.39312816,0.39312816,0.4049612
mp-865359,Tm2MgIn,Tm,Tm,False,3.6908779,0.46386114,0.35789427,0.39312816,0.39312816,0.4049612
mp-865359,Tm2MgIn,Mg,Tm,True,3.1963940236665596,0.43454236,0.37180707,0.36097625,0.36097625,0.38910854
mp-865359,Tm2MgIn,Mg,Tm,True,3.1963940236665604,0.43454236,0.37180707,0.36097625,0.36097625,0.38910854
mp-865359,Tm2MgIn,Mg,Tm,True,3.1963940236665604,0.43454236,0.37180707,0.36097625,0.36097625,0.38910854
mp-865359,Tm2MgIn,Mg,Tm,True,3.1963940236665604,0.43454236,0.37180707,0.36097625,0.36097625,0.38910854
mp-865359,Tm2MgIn,Mg,Tm,True,3.1963940236665604,0.43454236,0.37180707,0.36097625,0.36097625,0.38910854
mp-865359,Tm2MgIn,Mg,Tm,True,3.1963940236665604,0.43454236,0.37180707,0.36097625,0.36097625,0.38910854
mp-865359,Tm2MgIn,Mg,Tm,True,3.196394023666561,0.43454236,0.37180707,0.36097625,0.36097625,0.38910854
mp-865359,Tm2MgIn,Mg,Tm,True,3.1963940236665613,0.43454236,0.37180707,0.36097625,0.36097625,0.38910854
mp-865359,Tm2MgIn,Mg,In,True,3.6908778999999994,0.44228685,0.43825698,0.40748537,0.40748537,0.42934307
mp-865359,Tm2MgIn,Mg,In,True,3.6908778999999994,0.44228685,0.43825698,0.40748537,0.40748537,0.42934307
mp-865359,Tm2MgIn,Mg,In,True,3.6908778999999994,0.44228685,0.43825698,0.40748537,0.40748537,0.42934307
mp-865359,Tm2MgIn,Mg,In,True,3.6908778999999994,0.44228685,0.43825698,0.40748537,0.40748537,0.42934307
mp-865359,Tm2MgIn,In,Tm,True,3.1963940236665604,0.4408731,0.40978146,0.36842138,0.36842138,0.40635863
mp-865359,Tm2MgIn,In,Tm,True,3.196394023666561,0.4408731,0.40978146,0.36842138,0.36842138,0.40635863
mp-865359,Tm2MgIn,In,Tm,True,3.196394023666561,0.4408731,0.40978146,0.36842138,0.36842138,0.40635863
mp-865359,Tm2MgIn,In,Tm,True,3.196394023666561,0.4408731,0.40978146,0.36842138,0.36842138,0.40635863
mp-865359,Tm2MgIn,In,Tm,True,3.196394023666561,0.4408731,0.40978146,0.36842138,0.36842138,0.40635863
mp-865359,Tm2MgIn,In,Tm,True,3.196394023666561,0.4408731,0.40978146,0.36842138,0.36842138,0.40635863
mp-865359,Tm2MgIn,In,Tm,True,3.196394023666561,0.4408731,0.40978146,0.36842138,0.36842138,0.40635863
mp-865359,Tm2MgIn,In,Tm,True,3.1963940236665613,0.4408731,0.40978146,0.36842138,0.36842138,0.40635863
mp-865359,Tm2MgIn,In,Mg,True,3.6908778999999985,0.44877055,0.43354952,0.38853925,0.38853925,0.42361975
mp-865359,Tm2MgIn,In,Mg,True,3.6908778999999994,0.44877055,0.43354952,0.38853925,0.38853925,0.42361975
mp-865359,Tm2MgIn,In,Mg,True,3.6908778999999994,0.44877055,0.43354952,0.38853925,0.38853925,0.42361975
mp-865359,Tm2MgIn,In,Mg,True,3.6908779000000003,0.44877055,0.43354952,0.38853925,0.38853925,0.42361975
mp-1219385,Sm14Au51,Sm,Au,True,3.05957017702728,0.40235475,0.33044052,0.3617863,0.3617863,0.36486053
mp-1219385,Sm14Au51,Sm,Au,True,3.05957017702728,0.40235475,0.33044052,0.3614356,0.3614356,0.36474362
mp-1219385,Sm14Au51,Sm,Au,True,3.064514990973396,0.40233642,0.33080563,0.35315537,0.35315537,0.36209914
mp-1219385,Sm14Au51,Sm,Au,True,3.064514990973396,0.40233642,0.3342201,0.35288423,0.35288423,0.36314693
mp-1219385,Sm14Au51,Sm,Au,True,3.0880048075364472,0.40229908,0.3307794,0.35304224,0.35304224,0.36204025
mp-1219385,Sm14Au51,Sm,Au,True,3.0880048075364472,0.40229908,0.33414733,0.35210437,0.35210437,0.36285028
mp-1219385,Sm14Au51,Sm,Au,True,3.1119247116427644,0.40231657,0.3386923,0.36541185,0.36541185,0.36880693
mp-1219385,Sm14Au51,Sm,Au,True,3.1131077575160973,0.40231818,0.3312978,0.3527444,0.3527444,0.36212015
mp-1219385,Sm14Au51,Sm,Au,True,3.1131077575160973,0.40231818,0.3312978,0.35220626,0.35220626,0.36194074
mp-1219385,Sm14Au51,Sm,Au,True,3.2598102859129563,0.40190196,0.33586097,0.35342082,0.35342082,0.36372793
mp-1219385,Sm14Au51,Sm,Au,True,3.26343547840577,0.40187752,0.33222365,0.3557072,0.3557072,0.36326945
mp-1219385,Sm14Au51,Sm,Au,True,3.2634354784057704,0.40187752,0.33222362,0.35515696,0.35515696,0.36308607
mp-1219385,Sm14Au51,Sm,Au,True,3.059538444152514,0.40235487,0.3304409,0.3611252,0.3611252,0.36464033
mp-1219385,Sm14Au51,Sm,Au,True,3.0595384441525146,0.40235487,0.3304409,0.36078838,0.36078838,0.36452806
mp-1219385,Sm14Au51,Sm,Au,True,3.064495096097241,0.40233648,0.33080524,0.35198808,0.35198808,0.36170992
mp-1219385,Sm14Au51,Sm,Au,True,3.064495096097241,0.40233648,0.33080524,0.35149643,0.35149643,0.36154604
mp-1219385,Sm14Au51,Sm,Au,True,3.0879438636731877,0.40229914,0.33077967,0.35218018,0.35218018,0.361753
mp-1219385,Sm14Au51,Sm,Au,True,3.0879438636731877,0.40229914,0.33077967,0.35168687,0.35168687,0.36158857
mp-1219385,Sm14Au51,Sm,Au,True,3.1120347318746644,0.40231675,0.3386925,0.3653801,0.3653801,0.36879644
mp-1219385,Sm14Au51,Sm,Au,True,3.1131308729612797,0.4023182,0.3312995,0.351821,0.351821,0.36181292
mp-1219385,Sm14Au51,Sm,Au,True,3.11313087296128,0.4023182,0.33129954,0.3517058,0.3517058,0.36177453
mp-1219385,Sm14Au51,Sm,Au,True,3.2597460105073286,0.4019024,0.33586165,0.35272908,0.35272908,0.36349773
mp-1219385,Sm14Au51,Sm,Au,True,3.2634442265506864,0.40187746,0.3322253,0.35486704,0.35486704,0.3629899
mp-1219385,Sm14Au51,Sm,Au,True,3.263444226550687,0.40187746,0.3322253,0.3546518,0.3546518,0.36291817
mp-1219385,Sm14Au51,Sm,Au,True,3.0595995511886853,0.40235466,0.33044747,0.36145347,0.36145347,0.3647519
mp-1219385,Sm14Au51,Sm,Au,True,3.0595995511886858,0.40235466,0.33044747,0.3611097,0.3611097,0.3646373
mp-1219385,Sm14Au51,Sm,Au,True,3.064396643464018,0.4023368,0.3308098,0.3528399,0.3528399,0.3619955
mp-1219385,Sm14Au51,Sm,Au,True,3.064396643464018,0.4023368,0.3308098,0.35272983,0.35272983,0.36195883
mp-1219385,Sm14Au51,Sm,Au,True,3.087979474995801,0.40229908,0.330784,0.35170853,0.35170853,0.3615972
mp-1219385,Sm14Au51,Sm,Au,True,3.0879794749958016,0.40229908,0.330784,0.35260323,0.35260323,0.36189544
mp-1219385,Sm14Au51,Sm,Au,True,3.111965312520951,0.40231663,0.3386997,0.36561397,0.36561397,0.36887679
mp-1219385,Sm14Au51,Sm,Au,True,3.11306479186418,0.40231812,0.33130258,0.3521223,0.3521223,0.3619143
mp-1219385,Sm14Au51,Sm,Au,True,3.11306479186418,0.40231812,0.33452386,0.35178083,0.35178083,0.36287427
mp-1219385,Sm14Au51,Sm,Au,True,3.259681472022567,0.40190285,0.3358639,0.35327855,0.35327855,0.36368176
mp-1219385,Sm14Au51,Sm,Au,True,3.2634202229441174,0.40187764,0.3322286,0.35483074,0.35483074,0.36297902
mp-1219385,Sm14Au51,Sm,Au,True,3.263420222944118,0.40187764,0.3322286,0.35540047,0.35540047,0.36316893
mp-1219385,Sm14Au51,Sm,Au,True,3.040803804912488,0.40246692,0.3292852,0.3603737,0.3603737,0.36404195
mp-1219385,Sm14Au51,Sm,Au,True,3.040803804912488,0.40246692,0.3292852,0.3591848,0.3591848,0.36364564
mp-1219385,Sm14Au51,Sm,Au,True,3.0504361564036637,0.40240043,0.3298077,0.35073817,0.35073817,0.3609821
mp-1219385,Sm14Au51,Sm,Au,True,3.050436156403664,0.40240043,0.3298077,0.35147882,0.35147882,0.36122897
mp-1219385,Sm14Au51,Sm,Au,True,3.0947575992279672,0.40230012,0.3303581,0.35073286,0.35073286,0.36113036
mp-1219385,Sm14Au51,Sm,Au,True,3.0947575992279672,0.40230012,0.3303581,0.3503102,0.3503102,0.36098948
mp-1219385,Sm14Au51,Sm,Au,True,3.1377545404186273,0.40235156,0.3307721,0.35045072,0.35045072,0.36119148
mp-1219385,Sm14Au51,Sm,Au,True,3.137754540418628,0.40235156,0.33391118,0.34941015,0.34941015,0.36189094
mp-1219385,Sm14Au51,Sm,Au,True,3.187997417629953,0.40231472,0.33388114,0.35153565,0.35153565,0.36257717
mp-1219385,Sm14Au51,Sm,Au,True,3.25084077192686,0.40196392,0.340263,0.36189857,0.36189857,0.36804184
mp-1219385,Sm14Au51,Sm,Au,True,3.282317702098786,0.40176255,0.33234316,0.35534012,0.35534012,0.3631486
mp-1219385,Sm14Au51,Sm,Au,True,3.2823177020987866,0.40176255,0.3348253,0.36108702,0.36108702,0.3658916
mp-1219385,Sm14Au51,Sm,Au,True,3.0408211643425087,0.40246677,0.32928324,0.36036056,0.36036056,0.3640369
mp-1219385,Sm14Au51,Sm,Au,True,3.0408211643425087,0.40246677,0.32928324,0.35917124,0.35917124,0.36364043
mp-1219385,Sm14Au51,Sm,Au,True,3.05046286172941,0.40240029,0.32980645,0.3512581,0.3512581,0.36115494
mp-1219385,Sm14Au51,Sm,Au,True,3.0504628617294105,0.40240029,0.33329454,0.35020858,0.35020858,0.3619678
mp-1219385,Sm14Au51,Sm,Au,True,3.0946936749580543,0.40230012,0.33035702,0.3508833,0.3508833,0.36118016
mp-1219385,Sm14Au51,Sm,Au,True,3.0946936749580547,0.40230012,0.33035702,0.35082495,0.35082495,0.36116067
mp-1219385,Sm14Au51,Sm,Au,True,3.137708551829893,0.40235153,0.3307705,0.35070437,0.35070437,0.36127543
mp-1219385,Sm14Au51,Sm,Au,True,3.137708551829893,0.40235153,0.3307705,0.35027158,0.35027158,0.3611312
mp-1219385,Sm14Au51,Sm,Au,True,3.1881661787565077,0.4023142,0.3338835,0.35113406,0.35113406,0.36244392
mp-1219385,Sm14Au51,Sm,Au,True,3.2507536687520306,0.40196455,0.3402599,0.36188394,0.36188394,0.36803612
mp-1219385,Sm14Au51,Sm,Au,True,3.282306036691631,0.4017626,0.33482274,0.36108595,0.36108595,0.3658904
mp-1219385,Sm14Au51,Sm,Au,True,3.282306036691631,0.4017626,0.33234197,0.35522753,0.35522753,0.3631107
mp-1219385,Sm14Au51,Sm,Au,True,3.0408785095010953,0.40246633,0.32928324,0.36035743,0.36035743,0.36403564
mp-1219385,Sm14Au51,Sm,Au,True,3.0408785095010957,0.40246633,0.32928324,0.35916966,0.35916966,0.36363974
mp-1219385,Sm14Au51,Sm,Au,True,3.0504386321289645,0.4024004,0.32980675,0.35150194,0.35150194,0.36123636
mp-1219385,Sm14Au51,Sm,Au,True,3.0504386321289645,0.4024004,0.32980675,0.35111222,0.35111222,0.3611065
mp-1219385,Sm14Au51,Sm,Au,True,3.0947172365528837,0.4023001,0.3303572,0.35061604,0.35061604,0.36109114
mp-1219385,Sm14Au51,Sm,Au,True,3.0947172365528837,0.4023001,0.3336272,0.35014382,0.35014382,0.3620237
mp-1219385,Sm14Au51,Sm,Au,True,3.137641200583189,0.40235147,0.33076924,0.35064945,0.35064945,0.36125672
mp-1219385,Sm14Au51,Sm,Au,True,3.137641200583189,0.40235147,0.33076924,0.34986842,0.34986842,0.36099637
mp-1219385,Sm14Au51,Sm,Au,True,3.188076592461047,0.40231445,0.33388284,0.35151598,0.35151598,0.3625711
mp-1219385,Sm14Au51,Sm,Au,True,3.2506978104428077,0.40196493,0.3402597,0.36151505,0.36151505,0.36791325
mp-1219385,Sm14Au51,Sm,Au,True,3.2823277043725834,0.4017625,0.3348223,0.36119783,0.36119783,0.36592755
mp-1219385,Sm14Au51,Sm,Au,True,3.2823277043725834,0.4017625,0.33234134,0.355186,0.355186,0.3630966
mp-1219385,Sm14Au51,Sm,Au,True,3.0397206381451,0.40247566,0.32964638,0.3692432,0.3692432,0.3671218
mp-1219385,Sm14Au51,Sm,Au,True,3.0397206381451,0.40247566,0.32964638,0.3696275,0.3696275,0.36724985
mp-1219385,Sm14Au51,Sm,Au,True,3.178801402276699,0.4023385,0.32570106,0.35184625,0.35184625,0.35996196
mp-1219385,Sm14Au51,Sm,Au,True,3.178801402276699,0.4023385,0.32570106,0.35179663,0.35179663,0.3599454
mp-1219385,Sm14Au51,Sm,Au,True,3.180404632073106,0.40233496,0.326865,0.35464633,0.35464633,0.3612821
mp-1219385,Sm14Au51,Sm,Au,True,3.180404632073107,0.40233496,0.326865,0.35464633,0.35464633,0.3612821
mp-1219385,Sm14Au51,Sm,Au,True,3.2033814594594876,0.40225607,0.32863635,0.3448266,0.3448266,0.358573
mp-1219385,Sm14Au51,Sm,Au,True,3.2033814594594876,0.40225607,0.32863635,0.34485757,0.34485757,0.35858333
mp-1219385,Sm14Au51,Sm,Au,True,3.2652465128846346,0.4018655,0.3280108,0.35233027,0.35233027,0.3607355
mp-1219385,Sm14Au51,Sm,Au,True,3.2652465128846346,0.4018655,0.3312458,0.35945874,0.35945874,0.36419
mp-1219385,Sm14Au51,Sm,Au,True,3.2740330042451085,0.4018098,0.33102778,0.35823423,0.35823423,0.3636906
mp-1219385,Sm14Au51,Sm,Au,True,3.279700356463384,0.40177682,0.32828942,0.3526101,0.3526101,0.36089215
mp-1219385,Sm14Au51,Sm,Au,True,3.0397379921915544,0.4024755,0.3562898,0.36068246,0.36068246,0.37314928
mp-1219385,Sm14Au51,Sm,Au,True,3.0397379921915544,0.4024755,0.3562898,0.36088955,0.36088955,0.3732183
mp-1219385,Sm14Au51,Sm,Au,True,3.17880729280619,0.40233847,0.34876996,0.3462441,0.3462441,0.36578417
mp-1219385,Sm14Au51,Sm,Au,True,3.1788072928061903,0.40233847,0.34876996,0.34624758,0.34624758,0.36578533
mp-1219385,Sm14Au51,Sm,Au,True,3.1804254617625567,0.40233493,0.3507449,0.35000634,0.35000634,0.36769542
mp-1219385,Sm14Au51,Sm,Au,True,3.1804254617625567,0.40233493,0.3507449,0.35000634,0.35000634,0.36769542
mp-1219385,Sm14Au51,Sm,Au,True,3.2033487454527863,0.40225622,0.346096,0.34126592,0.34126592,0.36320606
mp-1219385,Sm14Au51,Sm,Au,True,3.2033487454527867,0.40225622,0.34609604,0.3409198,0.3409198,0.36309066
mp-1219385,Sm14Au51,Sm,Au,True,3.2651883838722036,0.4018659,0.35060573,0.34685743,0.34685743,0.366443
mp-1219385,Sm14Au51,Sm,Au,True,3.2651883838722036,0.4018659,0.35622048,0.35225803,0.35225803,0.3701148
mp-1219385,Sm14Au51,Sm,Au,True,3.273771211584312,0.4018114,0.35454997,0.3515427,0.3515427,0.36930135
mp-1219385,Sm14Au51,Sm,Au,True,3.2796884048217523,0.40177688,0.35082957,0.34729677,0.34729677,0.3666344
mp-1219385,Sm14Au51,Sm,Au,True,3.0397390379756413,0.40247548,0.32964626,0.3697374,0.3697374,0.36728635
mp-1219385,Sm14Au51,Sm,Au,True,3.0397390379756417,0.40247548,0.32964626,0.3693267,0.3693267,0.36714947
mp-1219385,Sm14Au51,Sm,Au,True,3.1788432637170354,0.40233842,0.325701,0.35199088,0.35199088,0.36001006
mp-1219385,Sm14Au51,Sm,Au,True,3.1788432637170354,0.40233842,0.325701,0.3521393,0.3521393,0.3600596
mp-1219385,Sm14Au51,Sm,Au,True,3.180351553646836,0.40233505,0.3268639,0.35471183,0.35471183,0.36130357
mp-1219385,Sm14Au51,Sm,Au,True,3.180351553646836,0.40233505,0.3268639,0.3550424,0.3550424,0.3614138
mp-1219385,Sm14Au51,Sm,Au,True,3.203354831561205,0.40225616,0.33199054,0.34322235,0.34322235,0.35915637
mp-1219385,Sm14Au51,Sm,Au,True,3.2033548315612053,0.40225616,0.3286351,0.34519395,0.34519395,0.35869506
mp-1219385,Sm14Au51,Sm,Au,True,3.2653188299738067,0.40186504,0.3280117,0.35318178,0.35318178,0.36101952
mp-1219385,Sm14Au51,Sm,Au,True,3.2653188299738067,0.40186504,0.3312474,0.35986206,0.35986206,0.36432484
mp-1219385,Sm14Au51,Sm,Au,True,3.2738033812053886,0.40181118,0.33102372,0.358612,0.358612,0.36381564
mp-1219385,Sm14Au51,Sm,Au,True,3.279829007861371,0.40177608,0.32829225,0.35277277,0.35277277,0.36094704
mp-1219385,Sm14Au51,Sm,Au,True,2.926037188326556,0.40505245,0.3314572,0.36454275,0.36454275,0.36701748
mp-1219385,Sm14Au51,Sm,Au,True,3.126121257989315,0.40233672,0.32822287,0.35660583,0.35660583,0.36238846
mp-1219385,Sm14Au51,Sm,Au,True,3.1424933604298464,0.40235618,0.3262095,0.3516882,0.3516882,0.36008462
mp-1219385,Sm14Au51,Sm,Au,True,3.1424933604298464,0.40235618,0.3281244,0.35939708,0.35939708,0.36329255
mp-1219385,Sm14Au51,Sm,Au,True,3.1605042529779457,0.40236112,0.32612193,0.35065547,0.35065547,0.35971284
mp-1219385,Sm14Au51,Sm,Au,True,3.1605042529779457,0.40236112,0.32612196,0.35069335,0.35069335,0.35972548
mp-1219385,Sm14Au51,Sm,Au,True,3.1642265914404772,0.402359,0.3271689,0.3551499,0.3551499,0.36155927
mp-1219385,Sm14Au51,Sm,Au,True,3.1642265914404772,0.402359,0.3271689,0.3551499,0.3551499,0.36155927
mp-1219385,Sm14Au51,Sm,Au,True,3.1749343974846926,0.40234596,0.32920277,0.34494174,0.34494174,0.35883012
mp-1219385,Sm14Au51,Sm,Au,True,3.174934397484693,0.40234596,0.32920277,0.34487104,0.34487104,0.3588066
mp-1219385,Sm14Au51,Sm,Au,True,3.2266048861330314,0.40212807,0.32758963,0.35010862,0.35010862,0.3599421
mp-1219385,Sm14Au51,Sm,Au,True,3.2266048861330314,0.40212807,0.32758963,0.35040468,0.35040468,0.3600408
mp-1219385,Sm14Au51,Sm,Au,True,2.9259903260907367,0.40505418,0.33145994,0.36479893,0.36479893,0.36710432
mp-1219385,Sm14Au51,Sm,Au,True,3.126069627655076,0.40233666,0.32822305,0.35690773,0.35690773,0.36248913
mp-1219385,Sm14Au51,Sm,Au,True,3.142507483321271,0.4023562,0.3262097,0.35214427,0.35214427,0.36023673
mp-1219385,Sm14Au51,Sm,Au,True,3.142507483321271,0.4023562,0.32812524,0.35979503,0.35979503,0.3634255
mp-1219385,Sm14Au51,Sm,Au,True,3.1605441477058416,0.4023611,0.32612264,0.3511281,0.3511281,0.35987058
mp-1219385,Sm14Au51,Sm,Au,True,3.160544147705842,0.4023611,0.32612264,0.35082734,0.35082734,0.3597704
mp-1219385,Sm14Au51,Sm,Au,True,3.164248695847991,0.402359,0.32717073,0.35502252,0.35502252,0.36151743
mp-1219385,Sm14Au51,Sm,Au,True,3.164248695847991,0.402359,0.32717073,0.35541654,0.35541654,0.36164877
mp-1219385,Sm14Au51,Sm,Au,True,3.1749102909820004,0.40234596,0.3323616,0.34408957,0.34408957,0.35959902
mp-1219385,Sm14Au51,Sm,Au,True,3.1749102909820004,0.40234596,0.32920295,0.34516025,0.34516025,0.35890305
mp-1219385,Sm14Au51,Sm,Au,True,3.2265970814181646,0.40212813,0.32759076,0.35034126,0.35034126,0.36002007
mp-1219385,Sm14Au51,Sm,Au,True,3.2265970814181646,0.40212813,0.32759076,0.35061908,0.35061908,0.36011267
mp-1219385,Sm14Au51,Sm,Au,True,2.9261003143468676,0.40505022,0.36211896,0.35596943,0.35596943,0.37437955
mp-1219385,Sm14Au51,Sm,Au,True,3.12602590593925,0.4023366,0.35485488,0.34978193,0.34978193,0.36899114
mp-1219385,Sm14Au51,Sm,Au,True,3.1424819093085468,0.40235618,0.35125425,0.34644297,0.34644297,0.36668447
mp-1219385,Sm14Au51,Sm,Au,True,3.1424819093085468,0.40235618,0.35730025,0.35188973,0.35188973,0.37051538
mp-1219385,Sm14Au51,Sm,Au,True,3.160471176971322,0.40236112,0.3511604,0.34518704,0.34518704,0.3662362
mp-1219385,Sm14Au51,Sm,Au,True,3.160471176971322,0.40236112,0.3511604,0.34522143,0.34522143,0.36624765
mp-1219385,Sm14Au51,Sm,Au,True,3.1642743544179024,0.40235898,0.35329688,0.3499554,0.3499554,0.3685371
mp-1219385,Sm14Au51,Sm,Au,True,3.164274354417903,0.40235898,0.35329688,0.3499554,0.3499554,0.3685371
mp-1219385,Sm14Au51,Sm,Au,True,3.1748828446195434,0.40234601,0.34820047,0.34107435,0.34107435,0.3638736
mp-1219385,Sm14Au51,Sm,Au,True,3.1748828446195434,0.40234601,0.34820047,0.34122905,0.34122905,0.3639252
mp-1219385,Sm14Au51,Sm,Au,True,3.2266783341955967,0.40212762,0.35240653,0.34505582,0.34505582,0.36652997
mp-1219385,Sm14Au51,Sm,Au,True,3.2266783341955967,0.40212762,0.35240653,0.34496647,0.34496647,0.36650023
mp-1219385,Sm14Au51,Sm,Au,True,3.08158065317446,0.40230227,0.33323824,0.35269725,0.35269725,0.3627459
mp-1219385,Sm14Au51,Sm,Au,True,3.0816277436847885,0.4023022,0.333239,0.3525337,0.3525337,0.36269164
mp-1219385,Sm14Au51,Sm,Au,True,3.0816650281122224,0.4023022,0.33323982,0.3521344,0.3521344,0.36255884
mp-1219385,Sm14Au51,Sm,Au,True,3.140866463774541,0.40235475,0.3386398,0.36276188,0.36276188,0.36791882
mp-1219385,Sm14Au51,Sm,Au,True,3.1408997695302725,0.40235475,0.33864027,0.3631319,0.3631319,0.36804232
mp-1219385,Sm14Au51,Sm,Au,True,3.140921307883971,0.40235478,0.3386411,0.36276543,0.36276543,0.36792043
mp-1219385,Sm14Au51,Sm,Au,True,3.1981537463916108,0.4022786,0.3407507,0.35655352,0.35655352,0.3665276
mp-1219385,Sm14Au51,Sm,Au,True,3.198178030258451,0.4022785,0.340752,0.35627794,0.35627794,0.36643615
mp-1219385,Sm14Au51,Sm,Au,True,3.1982349216964425,0.40227824,0.34075332,0.35627705,0.35627705,0.3664362
mp-1219385,Sm14Au51,Sm,Au,True,3.251798318475534,0.40195727,0.33765233,0.34227288,0.34227288,0.3606275
mp-1219385,Sm14Au51,Sm,Au,True,3.2518650950591454,0.4019568,0.33765438,0.34253398,0.34253398,0.36071503
mp-1219385,Sm14Au51,Sm,Au,True,3.252017736245598,0.40195572,0.3376574,0.34253544,0.34253544,0.3607162
mp-1219385,Sm14Au51,Sm,Au,True,3.08158065317446,0.40230227,0.33323824,0.3526973,0.3526973,0.3627459
mp-1219385,Sm14Au51,Sm,Au,True,3.0816277436847885,0.4023022,0.33323902,0.3525337,0.3525337,0.36269164
mp-1219385,Sm14Au51,Sm,Au,True,3.0816650281122224,0.4023022,0.33323982,0.35239735,0.35239735,0.36264646
mp-1219385,Sm14Au51,Sm,Au,True,3.140866463774541,0.40235475,0.3386398,0.363185,0.363185,0.36805987
mp-1219385,Sm14Au51,Sm,Au,True,3.1408997695302725,0.40235475,0.33864027,0.36336416,0.36336416,0.36811972
mp-1219385,Sm14Au51,Sm,Au,True,3.140921307883971,0.40235478,0.3386411,0.36318308,0.36318308,0.36805964
mp-1219385,Sm14Au51,Sm,Au,True,3.1981537463916108,0.4022786,0.3407507,0.3565535,0.3565535,0.3665276
mp-1219385,Sm14Au51,Sm,Au,True,3.198178030258451,0.4022785,0.34075198,0.35627794,0.35627794,0.36643615
mp-1219385,Sm14Au51,Sm,Au,True,3.1982349216964425,0.40227824,0.34075332,0.35627705,0.35627705,0.3664362
mp-1219385,Sm14Au51,Sm,Au,True,3.251798318475534,0.40195727,0.33765233,0.34227288,0.34227288,0.3606275
mp-1219385,Sm14Au51,Sm,Au,True,3.2518650950591454,0.4019568,0.33765438,0.34253398,0.34253398,0.36071503
mp-1219385,Sm14Au51,Sm,Au,True,3.252017736245598,0.40195572,0.3376574,0.34253547,0.34253547,0.3607162
mp-1219385,Sm14Au51,Au,Au,False,2.7435696339590034,0.41054446,0.40250474,0.36946002,0.36946002,0.39416972
mp-1219385,Sm14Au51,Au,Au,False,2.7763419933630034,0.40994596,0.3997048,0.36418566,0.36418566,0.39127883
mp-1219385,Sm14Au51,Au,Au,False,2.787267004900636,0.4096502,0.40294522,0.3654802,0.3654802,0.39269188
mp-1219385,Sm14Au51,Au,Au,False,2.885058402634409,0.40518212,0.40605134,0.36705434,0.36705434,0.39276257
mp-1219385,Sm14Au51,Au,Au,False,2.899668257080502,0.40435535,0.4041325,0.3627016,0.3627016,0.39039648
mp-1219385,Sm14Au51,Au,Au,False,3.002097580424471,0.39953792,0.39983857,0.36215374,0.36215374,0.38717675
mp-1219385,Sm14Au51,Au,Au,False,3.006705157872067,0.39939895,0.40078735,0.36357996,0.36357996,0.38792208
mp-1219385,Sm14Au51,Au,Sm,True,3.1604711769713236,0.440945,0.41446757,0.41553372,0.41553372,0.42364874
mp-1219385,Sm14Au51,Au,Sm,True,3.178843263717036,0.44137836,0.41592824,0.4133151,0.4133151,0.42354056
mp-1219385,Sm14Au51,Au,Sm,True,3.2265970814181646,0.44246972,0.42137533,0.41808593,0.41808593,0.42731032
mp-1219385,Sm14Au51,Au,Sm,True,3.2634354784057704,0.44324648,0.42150187,0.42072242,0.42072242,0.42849025
mp-1219385,Sm14Au51,Au,Au,False,3.641345543466788,0.40962034,0.38570866,0.3759001,0.3759001,0.3904097
mp-1219385,Sm14Au51,Au,Au,False,2.743607321490103,0.410544,0.40250754,0.37025166,0.37025166,0.39443442
mp-1219385,Sm14Au51,Au,Au,False,2.7762929307476525,0.40994716,0.399705,0.36434653,0.36434653,0.3913329
mp-1219385,Sm14Au51,Au,Au,False,2.7872953633172144,0.40964937,0.4029471,0.36548936,0.36548936,0.39269528
mp-1219385,Sm14Au51,Au,Au,False,2.8850399420729524,0.40518317,0.40605366,0.3670793,0.3670793,0.39277205
mp-1219385,Sm14Au51,Au,Au,False,2.8996270893372955,0.40435773,0.40413517,0.3627146,0.3627146,0.39040247
mp-1219385,Sm14Au51,Au,Au,False,3.0020325766019176,0.39953995,0.40068197,0.3606611,0.3606611,0.38696098
mp-1219385,Sm14Au51,Au,Au,False,3.0066729098716696,0.3993999,0.40078855,0.36329907,0.36329907,0.38782915
mp-1219385,Sm14Au51,Au,Sm,True,3.1605042529779457,0.4409458,0.42043582,0.41842,0.41842,0.42660055
mp-1219385,Sm14Au51,Au,Sm,True,3.178801402276699,0.44137737,0.4159308,0.41329554,0.41329554,0.42353454
mp-1219385,Sm14Au51,Au,Sm,True,3.2266783341955967,0.44247144,0.41547102,0.41543174,0.41543174,0.42445806
mp-1219385,Sm14Au51,Au,Sm,True,3.263444226550687,0.44324666,0.42150563,0.42092836,0.42092836,0.42856023
mp-1219385,Sm14Au51,Au,Au,False,3.6414142509586407,0.40962154,0.3849288,0.37418538,0.37418538,0.38957858
mp-1219385,Sm14Au51,Au,Au,False,2.7436563664487505,0.4105434,0.40250385,0.37023333,0.37023333,0.39442685
mp-1219385,Sm14Au51,Au,Au,False,2.7762753338848585,0.4099476,0.39937305,0.3659559,0.3659559,0.39175883
mp-1219385,Sm14Au51,Au,Au,False,2.787310279107752,0.40964895,0.40294364,0.36550152,0.36550152,0.39269805
mp-1219385,Sm14Au51,Au,Au,False,2.885054411656592,0.40518236,0.40605,0.36703256,0.36703256,0.39275494
mp-1219385,Sm14Au51,Au,Au,False,2.8997201044332437,0.40435246,0.4041304,0.362658,0.362658,0.3903803
mp-1219385,Sm14Au51,Au,Au,False,3.0019938252397846,0.39954114,0.40067896,0.36040515,0.36040515,0.38687506
mp-1219385,Sm14Au51,Au,Au,False,3.0068263517128067,0.39939538,0.40078622,0.3632932,0.3632932,0.38782492
mp-1219385,Sm14Au51,Au,Sm,True,3.160544147705841,0.44094676,0.4204339,0.41841125,0.41841125,0.42659733
mp-1219385,Sm14Au51,Au,Sm,True,3.1788072928061903,0.44137752,0.4091397,0.4115779,0.4115779,0.42069837
mp-1219385,Sm14Au51,Au,Sm,True,3.2266048861330328,0.44246987,0.42137453,0.41815448,0.41815448,0.42733297
mp-1219385,Sm14Au51,Au,Sm,True,3.263420222944118,0.4432462,0.42150015,0.4208776,0.4208776,0.4285413
mp-1219385,Sm14Au51,Au,Au,False,3.641288969846922,0.4096193,0.38493156,0.374023,0.374023,0.3895246
mp-1219385,Sm14Au51,Au,Au,False,2.763230874583201,0.41023675,0.4100021,0.36546472,0.36546472,0.3952345
mp-1219385,Sm14Au51,Au,Au,False,2.7665165622241283,0.4101704,0.40715265,0.36483502,0.36483502,0.3940527
mp-1219385,Sm14Au51,Au,Au,False,2.766534929453656,0.41017002,0.39983112,0.36505195,0.36505195,0.39168438
mp-1219385,Sm14Au51,Au,Au,False,2.863336611263804,0.40638214,0.4049261,0.3691986,0.3691986,0.39350227
mp-1219385,Sm14Au51,Au,Au,False,2.886635623085179,0.4050932,0.4051098,0.36178097,0.36178097,0.39066133
mp-1219385,Sm14Au51,Au,Au,False,3.006705157872068,0.39939895,0.40226594,0.3616486,0.3616486,0.38777116
mp-1219385,Sm14Au51,Au,Au,False,3.0072603938925004,0.39938277,0.40037864,0.36120465,0.36120465,0.38698867
mp-1219385,Sm14Au51,Au,Sm,True,3.1424819093085485,0.44052768,0.41464138,0.41434708,0.41434708,0.42317203
mp-1219385,Sm14Au51,Au,Sm,True,3.265318829973806,0.44328493,0.41754997,0.41164193,0.41164193,0.42415893
mp-1219385,Sm14Au51,Au,Sm,True,3.2796884048217527,0.44357562,0.41148698,0.41035646,0.41035646,0.42180634
mp-1219385,Sm14Au51,Au,Sm,True,3.282317702098786,0.44362852,0.42272782,0.418532,0.418532,0.42829612
mp-1219385,Sm14Au51,Au,Au,False,3.6716589696940187,0.4100159,0.38413474,0.3741842,0.3741842,0.38944495
mp-1219385,Sm14Au51,Au,Au,False,2.7632752040243465,0.41023588,0.41000205,0.36361888,0.36361888,0.39461896
mp-1219385,Sm14Au51,Au,Au,False,2.766483332367879,0.4101711,0.4002213,0.3617541,0.3617541,0.39071548
mp-1219385,Sm14Au51,Au,Au,False,2.766534976780349,0.41017002,0.4071527,0.36293522,0.36293522,0.3934193
mp-1219385,Sm14Au51,Au,Au,False,2.863372001602276,0.4063802,0.40492547,0.36807615,0.36807615,0.3931273
mp-1219385,Sm14Au51,Au,Au,False,2.8865724676742355,0.40509677,0.40511057,0.36038914,0.36038914,0.39019883
mp-1219385,Sm14Au51,Au,Au,False,3.0066729098716696,0.3993999,0.4022656,0.3605833,0.3605833,0.38741627
mp-1219385,Sm14Au51,Au,Au,False,3.0073278680931224,0.39938083,0.40037745,0.35963807,0.35963807,0.38646546
mp-1219385,Sm14Au51,Au,Sm,True,3.1424933604298464,0.44052792,0.42047518,0.41745764,0.41745764,0.42615357
mp-1219385,Sm14Au51,Au,Sm,True,3.2652465128846346,0.44328344,0.4175508,0.4121643,0.4121643,0.42433286
mp-1219385,Sm14Au51,Au,Sm,True,3.279829007861371,0.44357848,0.4177242,0.41229326,0.41229326,0.42453197
mp-1219385,Sm14Au51,Au,Sm,True,3.2823060366916312,0.44362828,0.42273057,0.41926253,0.41926253,0.42854047
mp-1219385,Sm14Au51,Au,Au,False,3.6716389401546796,0.41001576,0.38508004,0.37380573,0.37380573,0.38963386
mp-1219385,Sm14Au51,Au,Au,False,2.7632337195339183,0.41023672,0.40999955,0.36409792,0.36409792,0.39477804
mp-1219385,Sm14Au51,Au,Au,False,2.766456530770851,0.41017166,0.40715054,0.3641627,0.3641627,0.3938283
mp-1219385,Sm14Au51,Au,Au,False,2.76647618995262,0.41017124,0.40021893,0.3625545,0.3625545,0.39098155
mp-1219385,Sm14Au51,Au,Au,False,2.8634187877073596,0.40637767,0.40492254,0.36858872,0.36858872,0.39329633
mp-1219385,Sm14Au51,Au,Au,False,2.886630885421435,0.40509346,0.40510744,0.3610343,0.3610343,0.39041173
mp-1219385,Sm14Au51,Au,Au,False,3.0068263517128093,0.39939538,0.40226406,0.3609814,0.3609814,0.38754693
mp-1219385,Sm14Au51,Au,Au,False,3.0073389699938797,0.3993805,0.39956766,0.36192608,0.36192608,0.3869581
mp-1219385,Sm14Au51,Au,Sm,True,3.1425074833212716,0.44052824,0.4204737,0.41708672,0.41708672,0.42602956
mp-1219385,Sm14Au51,Au,Sm,True,3.265188383872205,0.44328228,0.41125974,0.41038886,0.41038886,0.4216436
mp-1219385,Sm14Au51,Au,Sm,True,3.2797003564633838,0.4435759,0.41772282,0.4118423,0.4118423,0.4243803
mp-1219385,Sm14Au51,Au,Sm,True,3.282327704372583,0.44362873,0.42272902,0.4188595,0.4188595,0.42840576
mp-1219385,Sm14Au51,Au,Au,False,3.671591262473269,0.41001537,0.38413623,0.37315258,0.37315258,0.3891014
mp-1219385,Sm14Au51,Au,Au,False,2.763230874583201,0.41023675,0.40918368,0.3625171,0.3625171,0.3939792
mp-1219385,Sm14Au51,Au,Au,False,2.766516562224129,0.4101704,0.39971468,0.35806546,0.35806546,0.38931683
mp-1219385,Sm14Au51,Au,Au,False,2.7665349294536563,0.41017002,0.39478138,0.35498464,0.35498464,0.38664535
mp-1219385,Sm14Au51,Au,Au,False,2.863336611263804,0.40638214,0.4020579,0.36279532,0.36279532,0.39041176
mp-1219385,Sm14Au51,Au,Au,False,2.8866356230851795,0.4050932,0.40254092,0.35694376,0.35694376,0.38819262
mp-1219385,Sm14Au51,Au,Au,False,3.006705157872068,0.39939895,0.3987075,0.3546074,0.3546074,0.38423792
mp-1219385,Sm14Au51,Au,Au,False,3.0072603938925004,0.39938277,0.39403605,0.35316572,0.35316572,0.38219485
mp-1219385,Sm14Au51,Au,Sm,True,3.142481909308548,0.44052768,0.40376717,0.41365612,0.41365612,0.419317
mp-1219385,Sm14Au51,Au,Sm,True,3.265318829973806,0.44328493,0.41249135,0.41130725,0.41130725,0.42236117
mp-1219385,Sm14Au51,Au,Sm,True,3.2796884048217527,0.44357562,0.40139678,0.40980172,0.40980172,0.41825804
mp-1219385,Sm14Au51,Au,Sm,True,3.2823177020987866,0.44362852,0.4161865,0.4204986,0.4204986,0.4267712
mp-1219385,Sm14Au51,Au,Au,False,3.6716589696940183,0.4100159,0.37934417,0.36734486,0.36734486,0.3855683
mp-1219385,Sm14Au51,Au,Au,False,2.763275204024346,0.41023588,0.4091839,0.3615471,0.3615471,0.39365563
mp-1219385,Sm14Au51,Au,Au,False,2.7664833323678786,0.4101711,0.394781,0.35440487,0.35440487,0.38645232
mp-1219385,Sm14Au51,Au,Au,False,2.766534976780349,0.41017002,0.39971435,0.35679984,0.35679984,0.3888947
mp-1219385,Sm14Au51,Au,Au,False,2.8633720016022766,0.4063802,0.4020574,0.36216903,0.36216903,0.3902022
mp-1219385,Sm14Au51,Au,Au,False,2.8865724676742355,0.40509677,0.4025421,0.35630557,0.35630557,0.3879815
mp-1219385,Sm14Au51,Au,Au,False,3.0066729098716696,0.3993999,0.39870724,0.35393405,0.35393405,0.38401374
mp-1219385,Sm14Au51,Au,Au,False,3.0073278680931224,0.39938083,0.39403507,0.35209867,0.35209867,0.3818382
mp-1219385,Sm14Au51,Au,Sm,True,3.1424933604298464,0.44052792,0.41435307,0.41624492,0.41624492,0.42370865
mp-1219385,Sm14Au51,Au,Sm,True,3.2652465128846346,0.44328344,0.4124918,0.4113859,0.4113859,0.42238703
mp-1219385,Sm14Au51,Au,Sm,True,3.2798290078613714,0.44357848,0.4126821,0.41172135,0.41172135,0.42266062
mp-1219385,Sm14Au51,Au,Sm,True,3.2823060366916312,0.44362828,0.41618866,0.420894,0.420894,0.42690364
mp-1219385,Sm14Au51,Au,Au,False,3.6716389401546796,0.41001576,0.37934572,0.36585104,0.36585104,0.38507083
mp-1219385,Sm14Au51,Au,Au,False,2.7632337195339187,0.41023672,0.40918103,0.3620228,0.3620228,0.3938135
mp-1219385,Sm14Au51,Au,Au,False,2.766456530770852,0.41017166,0.39971226,0.357631,0.357631,0.38917163
mp-1219385,Sm14Au51,Au,Au,False,2.7664761899526193,0.41017124,0.394778,0.355512,0.355512,0.38682044
mp-1219385,Sm14Au51,Au,Au,False,2.8634187877073596,0.40637767,0.402054,0.3627476,0.3627476,0.3903931
mp-1219385,Sm14Au51,Au,Au,False,2.886630885421435,0.40509346,0.4025384,0.35689488,0.35689488,0.38817558
mp-1219385,Sm14Au51,Au,Au,False,3.0068263517128093,0.39939538,0.39870548,0.35462928,0.35462928,0.38424337
mp-1219385,Sm14Au51,Au,Au,False,3.00733896999388,0.3993805,0.39403236,0.35254017,0.35254017,0.38198435
mp-1219385,Sm14Au51,Au,Sm,True,3.1425074833212716,0.44052824,0.41435167,0.41611573,0.41611573,0.4236652
mp-1219385,Sm14Au51,Au,Sm,True,3.265188383872205,0.44328228,0.4011466,0.40966552,0.40966552,0.41803145
mp-1219385,Sm14Au51,Au,Sm,True,3.2797003564633838,0.4435759,0.41268027,0.41129714,0.41129714,0.42251778
mp-1219385,Sm14Au51,Au,Sm,True,3.282327704372583,0.44362873,0.41618735,0.4205574,0.4205574,0.42679116
mp-1219385,Sm14Au51,Au,Au,False,3.671591262473269,0.41001537,0.37934548,0.3669057,0.3669057,0.3854222
mp-1219385,Sm14Au51,Au,Au,False,2.7435696339590034,0.41054446,0.40250474,0.36963373,0.36963373,0.39422765
mp-1219385,Sm14Au51,Au,Au,False,2.776341993363003,0.40994596,0.39970478,0.3645438,0.3645438,0.3913982
mp-1219385,Sm14Au51,Au,Au,False,2.7872670049006354,0.4096502,0.40294522,0.36439046,0.36439046,0.39232862
mp-1219385,Sm14Au51,Au,Au,False,2.885058402634409,0.40518212,0.40605134,0.36666763,0.36666763,0.39263368
mp-1219385,Sm14Au51,Au,Au,False,2.899668257080502,0.40435535,0.4041325,0.36259368,0.36259368,0.3903605
mp-1219385,Sm14Au51,Au,Au,False,3.002097580424471,0.39953792,0.40068036,0.3611185,0.3611185,0.38711226
mp-1219385,Sm14Au51,Au,Au,False,3.006705157872067,0.39939895,0.40288782,0.36258677,0.36258677,0.38829115
mp-1219385,Sm14Au51,Au,Sm,True,3.1604711769713236,0.440945,0.41446757,0.41520065,0.41520065,0.42353773
mp-1219385,Sm14Au51,Au,Sm,True,3.178843263717036,0.44137836,0.41592824,0.4128328,0.4128328,0.4233798
mp-1219385,Sm14Au51,Au,Sm,True,3.2265970814181646,0.44246972,0.42137533,0.41759408,0.41759408,0.42714635
mp-1219385,Sm14Au51,Au,Sm,True,3.26343547840577,0.44324648,0.42150185,0.42015904,0.42015904,0.42830244
mp-1219385,Sm14Au51,Au,Au,False,3.6413455434667874,0.40962034,0.384929,0.37382245,0.37382245,0.38945726
mp-1219385,Sm14Au51,Au,Au,False,2.743607321490103,0.410544,0.40250754,0.3699153,0.3699153,0.3943223
mp-1219385,Sm14Au51,Au,Au,False,2.7762929307476525,0.40994716,0.399705,0.36428964,0.36428964,0.39131394
mp-1219385,Sm14Au51,Au,Au,False,2.787295363317214,0.40964937,0.40294707,0.36469275,0.36469275,0.39242974
mp-1219385,Sm14Au51,Au,Au,False,2.8850399420729524,0.40518317,0.40605366,0.36667752,0.36667752,0.39263812
mp-1219385,Sm14Au51,Au,Au,False,2.8996270893372955,0.40435773,0.40413517,0.36260688,0.36260688,0.39036658
mp-1219385,Sm14Au51,Au,Au,False,3.002032576601917,0.39953995,0.400682,0.3613938,0.3613938,0.38720524
mp-1219385,Sm14Au51,Au,Au,False,3.0066729098716696,0.3993999,0.40289026,0.36212426,0.36212426,0.38813815
mp-1219385,Sm14Au51,Au,Sm,True,3.1605042529779457,0.4409458,0.42043582,0.41784483,0.41784483,0.42640886
mp-1219385,Sm14Au51,Au,Sm,True,3.178801402276699,0.44137737,0.4159308,0.41272426,0.41272426,0.42334414
mp-1219385,Sm14Au51,Au,Sm,True,3.2266783341955967,0.44247144,0.41547102,0.41496646,0.41496646,0.42430297
mp-1219385,Sm14Au51,Au,Sm,True,3.2634442265506864,0.44324666,0.42150563,0.42032728,0.42032728,0.42835987
mp-1219385,Sm14Au51,Au,Au,False,3.6414142509586402,0.40962154,0.3849288,0.3744338,0.3744338,0.38966134
mp-1219385,Sm14Au51,Au,Au,False,2.7436563664487505,0.4105434,0.40250385,0.369925,0.369925,0.3943241
mp-1219385,Sm14Au51,Au,Au,False,2.776275333884859,0.4099476,0.3997013,0.36393973,0.36393973,0.39119622
mp-1219385,Sm14Au51,Au,Au,False,2.7873102791077526,0.40964895,0.4029436,0.36438352,0.36438352,0.39232537
mp-1219385,Sm14Au51,Au,Au,False,2.8850544116565917,0.40518236,0.40605,0.36663443,0.36663443,0.39262223
mp-1219385,Sm14Au51,Au,Au,False,2.8997201044332437,0.40435246,0.4041304,0.3625421,0.3625421,0.39034167
mp-1219385,Sm14Au51,Au,Au,False,3.001993825239784,0.39954114,0.40067896,0.36156207,0.36156207,0.38726076
mp-1219385,Sm14Au51,Au,Au,False,3.0068263517128067,0.39939538,0.40288574,0.36260003,0.36260003,0.38829374
mp-1219385,Sm14Au51,Au,Sm,True,3.1605441477058407,0.44094676,0.4204339,0.41790944,0.41790944,0.42643008
mp-1219385,Sm14Au51,Au,Sm,True,3.17880729280619,0.44137752,0.4091397,0.41116166,0.41116166,0.42055964
mp-1219385,Sm14Au51,Au,Sm,True,3.2266048861330328,0.44246987,0.4213745,0.41765067,0.41765067,0.42716503
mp-1219385,Sm14Au51,Au,Sm,True,3.2634202229441183,0.4432462,0.42150015,0.4203006,0.4203006,0.428349
mp-1219385,Sm14Au51,Au,Au,False,3.6412889698469226,0.4096193,0.38493156,0.37391546,0.37391546,0.3894888
mp-1219385,Sm14Au51,Au,Au,False,2.8173116430867067,0.40859205,0.40821373,0.35710827,0.35710827,0.3913047
mp-1219385,Sm14Au51,Au,Au,False,2.817311643086707,0.40859205,0.40821373,0.35754573,0.35754573,0.3914505
mp-1219385,Sm14Au51,Au,Au,False,2.8850399420729524,0.40518317,0.40419737,0.35740307,0.35740307,0.38892785
mp-1219385,Sm14Au51,Au,Au,False,2.8850399420729524,0.40518317,0.4041974,0.35787702,0.35787702,0.38908586
mp-1219385,Sm14Au51,Au,Au,False,2.8850544116565917,0.40518236,0.40419716,0.35707155,0.35707155,0.38881704
mp-1219385,Sm14Au51,Au,Au,False,2.8850544116565917,0.40518236,0.40419716,0.35794568,0.35794568,0.38910842
mp-1219385,Sm14Au51,Au,Au,False,2.885058402634408,0.40518212,0.40419734,0.35700667,0.35700667,0.38879538
mp-1219385,Sm14Au51,Au,Au,False,2.885058402634408,0.40518212,0.40419734,0.35787612,0.35787612,0.3890852
mp-1219385,Sm14Au51,Au,Sm,True,3.12602590593925,0.44016352,0.4100718,0.41663468,0.41663468,0.42229
mp-1219385,Sm14Au51,Au,Sm,True,3.126069627655076,0.44016445,0.41751295,0.41849366,0.41849366,0.42539036
mp-1219385,Sm14Au51,Au,Sm,True,3.126121257989316,0.44016555,0.41751397,0.4184445,0.4184445,0.42537466
mp-1219385,Sm14Au51,Au,Au,False,4.229785643445273,0.41703904,0.39914548,0.37031204,0.37031204,0.39549884
mp-1219385,Sm14Au51,Au,Au,False,2.8139846856719264,0.4087262,0.4103585,0.35598934,0.35598934,0.39169133
mp-1219385,Sm14Au51,Au,Au,False,2.813984685671927,0.4087262,0.4103585,0.35807028,0.35807028,0.39238498
mp-1219385,Sm14Au51,Au,Au,False,2.8633366112638052,0.40638214,0.40539896,0.35926187,0.35926187,0.39034763
mp-1219385,Sm14Au51,Au,Au,False,2.8633366112638052,0.40638214,0.4095826,0.35865933,0.35865933,0.39154136
mp-1219385,Sm14Au51,Au,Au,False,2.8633720016022752,0.4063802,0.40539804,0.35866776,0.35866776,0.39014867
mp-1219385,Sm14Au51,Au,Au,False,2.8633720016022757,0.4063802,0.40958226,0.35805115,0.35805115,0.39133787
mp-1219385,Sm14Au51,Au,Au,False,2.86341878770736,0.40637767,0.40958068,0.35868186,0.35868186,0.39154673
mp-1219385,Sm14Au51,Au,Au,False,2.8634187877073605,0.40637767,0.40539753,0.35882494,0.35882494,0.39020005
mp-1219385,Sm14Au51,Au,Sm,True,3.2737712115843136,0.44345635,0.40947434,0.41101503,0.41101503,0.42131522
mp-1219385,Sm14Au51,Au,Sm,True,3.2738033812053886,0.44345698,0.4171793,0.41272563,0.41272563,0.42445397
mp-1219385,Sm14Au51,Au,Sm,True,3.2740330042451076,0.44346163,0.41718423,0.41259906,0.41259906,0.424415
mp-1219385,Sm14Au51,Au,Au,False,4.2444221788725915,0.4181319,0.40061072,0.36862653,0.36862653,0.3957897
mp-1219385,Sm14Au51,Au,Au,False,2.766483332367879,0.4101711,0.39552808,0.3676538,0.3676538,0.39111766
mp-1219385,Sm14Au51,Au,Au,False,2.81632106960748,0.4086324,0.39820713,0.36709848,0.36709848,0.3913127
mp-1219385,Sm14Au51,Au,Au,False,2.9120264409596714,0.4036588,0.39722517,0.36279988,0.36279988,0.38789463
mp-1219385,Sm14Au51,Au,Au,False,2.969901402332069,0.40073115,0.39541954,0.36890584,0.36890584,0.38835216
mp-1219385,Sm14Au51,Au,Au,False,3.0020325766019176,0.39953995,0.39452118,0.36509642,0.36509642,0.38638583
mp-1219385,Sm14Au51,Au,Au,False,3.0043523411214093,0.3994689,0.3969376,0.36444566,0.36444566,0.38695073
mp-1219385,Sm14Au51,Au,Sm,True,3.0504386321289654,0.4390684,0.42800185,0.42009807,0.42009807,0.42905608
mp-1219385,Sm14Au51,Au,Au,False,3.0616131133320494,0.3983515,0.39687806,0.36261627,0.36261627,0.38594863
mp-1219385,Sm14Au51,Au,Sm,True,3.0879438636731877,0.43945533,0.4281584,0.42017424,0.42017424,0.42926264
mp-1219385,Sm14Au51,Au,Sm,True,3.137708551829893,0.44041973,0.43014306,0.41922367,0.41922367,0.4299288
mp-1219385,Sm14Au51,Au,Sm,True,3.2033814594594876,0.44194973,0.4260541,0.4123693,0.4123693,0.42679104
mp-1219385,Sm14Au51,Au,Au,False,3.5531183868288077,0.40696615,0.38763678,0.3723892,0.3723892,0.3889974
mp-1219385,Sm14Au51,Au,Au,False,2.76647618995262,0.41017124,0.39552754,0.36894602,0.36894602,0.39154825
mp-1219385,Sm14Au51,Au,Au,False,2.816316581223549,0.40863258,0.39820516,0.36812246,0.36812246,0.3916534
mp-1219385,Sm14Au51,Au,Au,False,2.9119907060603807,0.40366086,0.39722496,0.36367002,0.36367002,0.38818526
mp-1219385,Sm14Au51,Au,Au,False,2.970006726126277,0.40072668,0.39541772,0.369771,0.369771,0.38863847
mp-1219385,Sm14Au51,Au,Au,False,3.001993825239786,0.39954114,0.39452082,0.3658483,0.3658483,0.38663673
mp-1219385,Sm14Au51,Au,Au,False,3.00441347744806,0.39946705,0.396937,0.36614093,0.36614093,0.38751498
mp-1219385,Sm14Au51,Au,Sm,True,3.050436156403664,0.43906844,0.42799765,0.4196266,0.4196266,0.42889753
mp-1219385,Sm14Au51,Au,Au,False,3.0617448749859553,0.3983502,0.3968774,0.36395842,0.36395842,0.38639536
mp-1219385,Sm14Au51,Au,Sm,True,3.087979474995802,0.43945587,0.42815572,0.4196302,0.4196302,0.4290806
mp-1219385,Sm14Au51,Au,Sm,True,3.1376412005831877,0.44041824,0.43014032,0.41874152,0.41874152,0.42976668
mp-1219385,Sm14Au51,Au,Sm,True,3.203348745452787,0.441949,0.4226148,0.4102901,0.4102901,0.42495131
mp-1219385,Sm14Au51,Au,Au,False,3.5529773238056293,0.40696055,0.39002097,0.37445596,0.37445596,0.39047918
mp-1219385,Sm14Au51,Au,Au,False,2.7665349294536568,0.41017002,0.39240426,0.3704567,0.3704567,0.3910103
mp-1219385,Sm14Au51,Au,Au,False,2.8163511080267516,0.40863118,0.39516598,0.36815548,0.36815548,0.39065087
mp-1219385,Sm14Au51,Au,Au,False,2.911910853806001,0.4036653,0.39470845,0.36465102,0.36465102,0.38767493
mp-1219385,Sm14Au51,Au,Au,False,2.9698672864414757,0.40073264,0.39304054,0.36943793,0.36943793,0.38773704
mp-1219385,Sm14Au51,Au,Au,False,3.002097580424471,0.39953792,0.3913799,0.36742947,0.36742947,0.38611576
mp-1219385,Sm14Au51,Au,Au,False,3.004404638461074,0.39946732,0.39407676,0.36597395,0.36597395,0.386506
mp-1219385,Sm14Au51,Au,Sm,True,3.050462861729409,0.43906856,0.43280065,0.41875952,0.41875952,0.43020955
mp-1219385,Sm14Au51,Au,Au,False,3.061586398441573,0.39835173,0.3959604,0.3635231,0.3635231,0.38594508
mp-1219385,Sm14Au51,Au,Sm,True,3.0880048075364472,0.43945622,0.43326443,0.41843724,0.41843724,0.43038598
mp-1219385,Sm14Au51,Au,Sm,True,3.137754540418628,0.44042078,0.43535993,0.41776577,0.41776577,0.43118215
mp-1219385,Sm14Au51,Au,Sm,True,3.203354831561205,0.44194913,0.43179125,0.41152525,0.41152525,0.42842188
mp-1219385,Sm14Au51,Au,Au,False,3.553204048244834,0.4069695,0.38577634,0.37356842,0.37356842,0.3887714
mp-1219385,Sm14Au51,Au,Au,False,2.7762929307476525,0.40994716,0.39619952,0.366849,0.366849,0.39099857
mp-1219385,Sm14Au51,Au,Au,False,2.7957969832556624,0.4093857,0.40240222,0.3587487,0.3587487,0.3901789
mp-1219385,Sm14Au51,Au,Au,False,2.888079141028605,0.40501165,0.39731342,0.36316898,0.36316898,0.38849804
mp-1219385,Sm14Au51,Au,Au,False,2.9774521854765985,0.40041754,0.39711264,0.3625483,0.3625483,0.38669285
mp-1219385,Sm14Au51,Au,Au,False,3.000038915472436,0.39960262,0.39625606,0.36391538,0.36391538,0.38659135
mp-1219385,Sm14Au51,Au,Au,False,3.0073278680931224,0.39938083,0.39343125,0.3650641,0.3650641,0.38595876
mp-1219385,Sm14Au51,Au,Sm,True,3.064396643464018,0.43916714,0.42801964,0.41860873,0.41860873,0.4285985
mp-1219385,Sm14Au51,Au,Sm,True,3.0946936749580565,0.43956214,0.42946827,0.41795897,0.41795897,0.42899647
mp-1219385,Sm14Au51,Au,Sm,True,3.11313087296128,0.43989798,0.42924893,0.4181485,0.4181485,0.4290985
mp-1219385,Sm14Au51,Au,Sm,True,3.1749343974846926,0.44128615,0.43095124,0.41556767,0.41556767,0.42926836
mp-1219385,Sm14Au51,Au,Au,False,3.1795511723649255,0.39848423,0.39464658,0.36781153,0.36781153,0.38698077
mp-1219385,Sm14Au51,Au,Au,False,3.5531183868288077,0.40696615,0.38750786,0.37138355,0.37138355,0.38861918
mp-1219385,Sm14Au51,Au,Au,False,2.7762753338848594,0.4099476,0.39315882,0.3686974,0.3686974,0.39060128
mp-1219385,Sm14Au51,Au,Au,False,2.795758075267978,0.409387,0.40099496,0.35993263,0.35993263,0.39010486
mp-1219385,Sm14Au51,Au,Au,False,2.888089905493301,0.40501106,0.39494428,0.36500242,0.36500242,0.38831925
mp-1219385,Sm14Au51,Au,Au,False,2.977471661401506,0.4004168,0.39632007,0.3636917,0.3636917,0.3868095
mp-1219385,Sm14Au51,Au,Au,False,3.000106681039327,0.39960045,0.3936434,0.365134,0.365134,0.38612595
mp-1219385,Sm14Au51,Au,Au,False,3.0073389699938797,0.3993805,0.39042887,0.36772066,0.36772066,0.38584337
mp-1219385,Sm14Au51,Au,Sm,True,3.064514990973396,0.4391682,0.4329961,0.4170733,0.4170733,0.42974588
mp-1219385,Sm14Au51,Au,Sm,True,3.0947172365528828,0.43956253,0.43446466,0.41655946,0.41655946,0.43019557
mp-1219385,Sm14Au51,Au,Sm,True,3.11306479186418,0.4398967,0.4344473,0.4165432,0.4165432,0.4302957
mp-1219385,Sm14Au51,Au,Sm,True,3.1749102909820004,0.44128555,0.43616003,0.4144199,0.4144199,0.43062183
mp-1219385,Sm14Au51,Au,Au,False,3.179529759299881,0.3984841,0.39237747,0.36782178,0.36782178,0.38622782
mp-1219385,Sm14Au51,Au,Au,False,3.5529773238056293,0.40696055,0.3857191,0.37248334,0.37248334,0.38838768
mp-1219385,Sm14Au51,Au,Au,False,2.776341993363002,0.40994596,0.39619964,0.36772895,0.36772895,0.39129153
mp-1219385,Sm14Au51,Au,Au,False,2.7958218473261565,0.40938488,0.40240112,0.35939834,0.35939834,0.39039478
mp-1219385,Sm14Au51,Au,Au,False,2.8880641757845087,0.4050125,0.3973142,0.36412966,0.36412966,0.38881877
mp-1219385,Sm14Au51,Au,Au,False,2.977401729494733,0.4004196,0.39711297,0.36400086,0.36400086,0.3871778
mp-1219385,Sm14Au51,Au,Au,False,3.0001098115138833,0.39960036,0.39625758,0.36585814,0.36585814,0.38723865
mp-1219385,Sm14Au51,Au,Au,False,3.007260393892499,0.39938277,0.3934322,0.36700195,0.36700195,0.38660565
mp-1219385,Sm14Au51,Au,Sm,True,3.0644950960972412,0.43916804,0.42802423,0.41820216,0.41820216,0.4284648
mp-1219385,Sm14Au51,Au,Sm,True,3.0947575992279663,0.43956318,0.42946672,0.417413,0.417413,0.4288143
mp-1219385,Sm14Au51,Au,Sm,True,3.1131077575160955,0.43989754,0.42924565,0.41748688,0.41748688,0.42887667
mp-1219385,Sm14Au51,Au,Sm,True,3.1748828446195443,0.44128492,0.4281379,0.41288695,0.41288695,0.4274366
mp-1219385,Sm14Au51,Au,Au,False,3.1794253712267966,0.39848357,0.39464784,0.36875832,0.36875832,0.3872966
mp-1219385,Sm14Au51,Au,Au,False,3.553204048244833,0.4069695,0.38979465,0.37339437,0.37339437,0.39005283
mp-1219385,Sm14Au51,Au,Au,False,2.7762929307476525,0.40994716,0.39619952,0.36672413,0.36672413,0.39095697
mp-1219385,Sm14Au51,Au,Au,False,2.795796983255662,0.4093857,0.4024022,0.35842407,0.35842407,0.39007068
mp-1219385,Sm14Au51,Au,Au,False,2.888079141028605,0.40501165,0.39731342,0.3631735,0.3631735,0.38849953
mp-1219385,Sm14Au51,Au,Au,False,2.977452185476599,0.40041754,0.39711264,0.3628763,0.3628763,0.38680217
mp-1219385,Sm14Au51,Au,Au,False,3.000038915472436,0.39960262,0.39625606,0.3634146,0.3634146,0.38642442
mp-1219385,Sm14Au51,Au,Au,False,3.0073278680931224,0.39938083,0.39423245,0.36225823,0.36225823,0.3852905
mp-1219385,Sm14Au51,Au,Sm,True,3.064396643464018,0.43916714,0.42801964,0.41807643,0.41807643,0.42842105
mp-1219385,Sm14Au51,Au,Sm,True,3.094693674958056,0.43956214,0.42946827,0.4174003,0.4174003,0.42881024
mp-1219385,Sm14Au51,Au,Sm,True,3.1131308729612797,0.43989798,0.42924893,0.41760436,0.41760436,0.42891708
mp-1219385,Sm14Au51,Au,Sm,True,3.174934397484693,0.44128615,0.43095124,0.41492835,0.41492835,0.42905524
mp-1219385,Sm14Au51,Au,Au,False,3.179551172364926,0.39848423,0.39464658,0.36760345,0.36760345,0.38691142
mp-1219385,Sm14Au51,Au,Au,False,3.5531183868288077,0.40696615,0.38750786,0.3712833,0.3712833,0.38858578
mp-1219385,Sm14Au51,Au,Au,False,2.77627533388486,0.4099476,0.3961995,0.36678737,0.36678737,0.3909782
mp-1219385,Sm14Au51,Au,Au,False,2.795758075267978,0.409387,0.40240365,0.35808566,0.35808566,0.38995877
mp-1219385,Sm14Au51,Au,Au,False,2.888089905493301,0.40501106,0.39731345,0.36317497,0.36317497,0.38849983
mp-1219385,Sm14Au51,Au,Au,False,2.977471661401506,0.4004168,0.397112,0.3628452,0.3628452,0.38679135
mp-1219385,Sm14Au51,Au,Au,False,3.000106681039327,0.39960045,0.39802462,0.36405963,0.36405963,0.38722825
mp-1219385,Sm14Au51,Au,Au,False,3.0073389699938797,0.3993805,0.39423174,0.36299598,0.36299598,0.38553607
mp-1219385,Sm14Au51,Au,Sm,True,3.064514990973396,0.4391682,0.42802203,0.41804552,0.41804552,0.42841193
mp-1219385,Sm14Au51,Au,Sm,True,3.0947172365528828,0.43956253,0.4294685,0.41740376,0.41740376,0.42881164
mp-1219385,Sm14Au51,Au,Sm,True,3.11306479186418,0.4398967,0.42924428,0.41753918,0.41753918,0.42889342
mp-1219385,Sm14Au51,Au,Sm,True,3.1749102909820004,0.44128555,0.43095022,0.4148803,0.4148803,0.42903867
mp-1219385,Sm14Au51,Au,Au,False,3.179529759299881,0.3984841,0.39464718,0.36700198,0.36700198,0.3867111
mp-1219385,Sm14Au51,Au,Au,False,3.5529773238056293,0.40696055,0.38751402,0.37198383,0.37198383,0.38881946
mp-1219385,Sm14Au51,Au,Au,False,2.7763419933630016,0.40994596,0.39619964,0.36777705,0.36777705,0.39130756
mp-1219385,Sm14Au51,Au,Au,False,2.7958218473261565,0.40938488,0.40240112,0.35908058,0.35908058,0.39028886
mp-1219385,Sm14Au51,Au,Au,False,2.8880641757845087,0.4050125,0.3973142,0.3641058,0.3641058,0.38881084
mp-1219385,Sm14Au51,Au,Au,False,2.977401729494733,0.4004196,0.39711297,0.36398104,0.36398104,0.38717118
mp-1219385,Sm14Au51,Au,Au,False,3.0001098115138833,0.39960036,0.39625758,0.36503744,0.36503744,0.38696513
mp-1219385,Sm14Au51,Au,Au,False,3.007260393892499,0.39938277,0.39423254,0.36380234,0.36380234,0.38580588
mp-1219385,Sm14Au51,Au,Sm,True,3.0644950960972417,0.43916804,0.42802423,0.41767198,0.41767198,0.42828807
mp-1219385,Sm14Au51,Au,Sm,True,3.094757599227967,0.43956318,0.42946666,0.41687,0.41687,0.4286333
mp-1219385,Sm14Au51,Au,Sm,True,3.1131077575160955,0.43989754,0.42924565,0.41695696,0.41695696,0.42870006
mp-1219385,Sm14Au51,Au,Sm,True,3.174882844619544,0.44128492,0.42813787,0.41243613,0.41243613,0.4272863
mp-1219385,Sm14Au51,Au,Au,False,3.179425371226796,0.39848357,0.39464784,0.3685479,0.3685479,0.38722643
mp-1219385,Sm14Au51,Au,Au,False,3.553204048244833,0.4069695,0.38750497,0.3725142,0.3725142,0.3889962
mp-1219385,Sm14Au51,Au,Au,False,2.7664833323678786,0.4101711,0.3983028,0.36402303,0.36402303,0.3908323
mp-1219385,Sm14Au51,Au,Au,False,2.81632106960748,0.4086324,0.39820713,0.36620048,0.36620048,0.39101335
mp-1219385,Sm14Au51,Au,Au,False,2.9120264409596714,0.4036588,0.39722514,0.3631344,0.3631344,0.38800612
mp-1219385,Sm14Au51,Au,Au,False,2.969901402332069,0.40073115,0.39541954,0.3683443,0.3683443,0.388165
mp-1219385,Sm14Au51,Au,Au,False,3.002032576601917,0.39953995,0.39452112,0.36475387,0.36475387,0.38627163
mp-1219385,Sm14Au51,Au,Au,False,3.0043523411214093,0.3994689,0.3969376,0.36312926,0.36312926,0.38651192
mp-1219385,Sm14Au51,Au,Sm,True,3.0504386321289654,0.4390684,0.42800185,0.41881043,0.41881043,0.4286269
mp-1219385,Sm14Au51,Au,Au,False,3.0616131133320494,0.3983515,0.39687806,0.3625736,0.3625736,0.38593438
mp-1219385,Sm14Au51,Au,Sm,True,3.0879438636731877,0.43945533,0.4281584,0.41889918,0.41889918,0.42883763
mp-1219385,Sm14Au51,Au,Sm,True,3.137708551829893,0.44041973,0.43014306,0.41792315,0.41792315,0.42949533
mp-1219385,Sm14Au51,Au,Sm,True,3.2033814594594876,0.44194973,0.4260541,0.4109603,0.4109603,0.4263214
mp-1219385,Sm14Au51,Au,Au,False,3.5531183868288077,0.40696615,0.38763684,0.3714965,0.3714965,0.38869986
mp-1219385,Sm14Au51,Au,Au,False,2.7664761899526193,0.41017124,0.39830118,0.36552194,0.36552194,0.39133143
mp-1219385,Sm14Au51,Au,Au,False,2.8163165812235493,0.40863258,0.39820516,0.3671805,0.3671805,0.39133942
mp-1219385,Sm14Au51,Au,Au,False,2.9119907060603807,0.40366086,0.39722496,0.3638796,0.3638796,0.38825512
mp-1219385,Sm14Au51,Au,Au,False,2.9700067261262766,0.40072668,0.39541772,0.36920568,0.36920568,0.38845003
mp-1219385,Sm14Au51,Au,Au,False,3.0019938252397855,0.39954114,0.3945208,0.36571953,0.36571953,0.38659382
mp-1219385,Sm14Au51,Au,Au,False,3.00441347744806,0.39946705,0.39693695,0.3645478,0.3645478,0.38698396
mp-1219385,Sm14Au51,Au,Sm,True,3.0504361564036646,0.43906844,0.42799765,0.4183681,0.4183681,0.4284781
mp-1219385,Sm14Au51,Au,Au,False,3.061744874985955,0.3983502,0.3968774,0.36359608,0.36359608,0.38627458
mp-1219385,Sm14Au51,Au,Sm,True,3.0879794749958025,0.43945587,0.42815572,0.41837782,0.41837782,0.42866313
mp-1219385,Sm14Au51,Au,Sm,True,3.137641200583188,0.44041824,0.43014032,0.41746077,0.41746077,0.42933977
mp-1219385,Sm14Au51,Au,Sm,True,3.2033487454527863,0.441949,0.4226148,0.40912697,0.40912697,0.42456362
mp-1219385,Sm14Au51,Au,Au,False,3.5529773238056293,0.40696055,0.3876421,0.37255466,0.37255466,0.38905242
mp-1219385,Sm14Au51,Au,Au,False,2.766534929453657,0.41017002,0.39830208,0.36473754,0.36473754,0.3910699
mp-1219385,Sm14Au51,Au,Au,False,2.8163511080267516,0.40863118,0.39820674,0.36599368,0.36599368,0.39094386
mp-1219385,Sm14Au51,Au,Au,False,2.911910853806001,0.4036653,0.39722693,0.36312488,0.36312488,0.3880057
mp-1219385,Sm14Au51,Au,Au,False,2.9698672864414757,0.40073264,0.39541966,0.36785287,0.36785287,0.3880017
mp-1219385,Sm14Au51,Au,Au,False,3.002097580424471,0.39953792,0.39452094,0.3647526,0.3647526,0.3862705
mp-1219385,Sm14Au51,Au,Au,False,3.004404638461074,0.39946732,0.3987493,0.36384696,0.36384696,0.38735452
mp-1219385,Sm14Au51,Au,Sm,True,3.050462861729409,0.43906856,0.4280029,0.4188444,0.4188444,0.4286386
mp-1219385,Sm14Au51,Au,Au,False,3.0615863984415737,0.39835173,0.39687845,0.36254036,0.36254036,0.3859235
mp-1219385,Sm14Au51,Au,Sm,True,3.0880048075364472,0.43945622,0.428158,0.41875505,0.41875505,0.42878976
mp-1219385,Sm14Au51,Au,Sm,True,3.1377545404186273,0.44042078,0.43014175,0.41792732,0.41792732,0.42949662
mp-1219385,Sm14Au51,Au,Sm,True,3.2033548315612053,0.44194913,0.42605188,0.41100708,0.41100708,0.42633602
mp-1219385,Sm14Au51,Au,Au,False,3.553204048244834,0.4069695,0.38763386,0.37218454,0.37218454,0.38892928
mp-1219385,Sm14Au51,Au,Au,False,2.7632337195339187,0.41023672,0.39430618,0.35249668,0.35249668,0.38567987
mp-1219385,Sm14Au51,Au,Au,False,2.815140383132557,0.40868008,0.40327284,0.3581664,0.3581664,0.39003977
mp-1219385,Sm14Au51,Au,Au,False,2.8841120300251517,0.40523538,0.4013431,0.35378146,0.35378146,0.38678667
mp-1219385,Sm14Au51,Au,Au,False,2.896882367297531,0.40451324,0.39278015,0.35214987,0.35214987,0.38314775
mp-1219385,Sm14Au51,Au,Au,False,2.977471661401504,0.4004168,0.38601956,0.34965253,0.34965253,0.3786963
mp-1219385,Sm14Au51,Au,Au,False,3.0240950616664275,0.39894804,0.3917204,0.35988685,0.35988685,0.38351846
mp-1219385,Sm14Au51,Au,Sm,True,3.0397206381451,0.43903375,0.4035176,0.40825126,0.40825126,0.41693422
mp-1219385,Sm14Au51,Au,Au,False,3.0616131133320494,0.3983515,0.38859093,0.34752616,0.34752616,0.3781562
mp-1219385,Sm14Au51,Au,Au,False,3.06999417091878,0.39828098,0.39188662,0.35886058,0.35886058,0.3830094
mp-1219385,Sm14Au51,Au,Sm,True,3.14092130788397,0.4404922,0.4013587,0.40867504,0.40867504,0.41684198
mp-1219385,Sm14Au51,Au,Sm,True,3.283295773491896,0.4436482,0.40928108,0.42182523,0.42182523,0.42491817
mp-1219385,Sm14Au51,Au,Sm,True,3.312470472645568,0.44423822,0.4094312,0.41656548,0.41656548,0.4234116
mp-1219385,Sm14Au51,Au,Au,False,2.7632308745832,0.41023675,0.39430493,0.35388243,0.35388243,0.3861414
mp-1219385,Sm14Au51,Au,Au,False,2.8151728549798762,0.40867874,0.4032726,0.3595407,0.3595407,0.39049736
mp-1219385,Sm14Au51,Au,Au,False,2.8841582288270198,0.4052328,0.40133947,0.35513917,0.35513917,0.38723716
mp-1219385,Sm14Au51,Au,Au,False,2.896959227417019,0.40450886,0.3927765,0.3530347,0.3530347,0.38344002
mp-1219385,Sm14Au51,Au,Au,False,2.977401729494732,0.4004196,0.38780087,0.3491255,0.3491255,0.37911534
mp-1219385,Sm14Au51,Au,Au,False,3.023927155143805,0.39895183,0.3917183,0.36070824,0.36070824,0.3837928
mp-1219385,Sm14Au51,Au,Sm,True,3.039737992191554,0.43903375,0.38923785,0.40865594,0.40865594,0.41230917
mp-1219385,Sm14Au51,Au,Au,False,3.0617448749859553,0.3983502,0.3885903,0.34840283,0.34840283,0.37844777
mp-1219385,Sm14Au51,Au,Au,False,3.07004388477375,0.39828062,0.3918862,0.36076194,0.36076194,0.3836429
mp-1219385,Sm14Au51,Au,Sm,True,3.1408997695302734,0.4404917,0.40135774,0.40891278,0.40891278,0.41692075
mp-1219385,Sm14Au51,Au,Sm,True,3.2833769318308037,0.44364983,0.4092788,0.42189783,0.42189783,0.42494217
mp-1219385,Sm14Au51,Au,Sm,True,3.3124528205450243,0.4442379,0.39726126,0.4136484,0.4136484,0.41838253
mp-1219385,Sm14Au51,Au,Au,False,2.7632752040243465,0.41023588,0.3943051,0.35229468,0.35229468,0.3856119
mp-1219385,Sm14Au51,Au,Au,False,2.8151497342154737,0.40867966,0.40327266,0.3581249,0.3581249,0.39002576
mp-1219385,Sm14Au51,Au,Au,False,2.8841101307510892,0.40523553,0.4013419,0.3543925,0.3543925,0.38698998
mp-1219385,Sm14Au51,Au,Au,False,2.8969205338858286,0.40451106,0.39277855,0.35168195,0.35168195,0.3829905
mp-1219385,Sm14Au51,Au,Au,False,2.9774521854765985,0.40041754,0.38779977,0.3482402,0.3482402,0.37881914
mp-1219385,Sm14Au51,Au,Au,False,3.0241288726516626,0.3989473,0.39171875,0.35871267,0.35871267,0.38312626
mp-1219385,Sm14Au51,Au,Sm,True,3.0397390379756417,0.4390338,0.403516,0.40846667,0.40846667,0.4170055
mp-1219385,Sm14Au51,Au,Au,False,3.0615863984415737,0.39835173,0.38659418,0.34859443,0.34859443,0.3778468
mp-1219385,Sm14Au51,Au,Au,False,3.069980961905206,0.39828107,0.39188558,0.36000106,0.36000106,0.38338923
mp-1219385,Sm14Au51,Au,Sm,True,3.1408664637745414,0.44049096,0.40135753,0.40864056,0.40864056,0.41682968
mp-1219385,Sm14Au51,Au,Sm,True,3.283256733478797,0.44364738,0.40928024,0.421801,0.421801,0.42490956
mp-1219385,Sm14Au51,Au,Sm,True,3.3124658982535884,0.44423816,0.4094308,0.41633976,0.41633976,0.42333624
mp-1219385,Sm14Au51,Au,Au,False,2.74365636644875,0.4105434,0.3986499,0.35858127,0.35858127,0.38925818
mp-1219385,Sm14Au51,Au,Au,False,2.836152154850785,0.40776065,0.40334672,0.3592743,0.3592743,0.3901272
mp-1219385,Sm14Au51,Au,Au,False,2.894135827997308,0.40466887,0.39889532,0.35869187,0.35869187,0.38741866
mp-1219385,Sm14Au51,Au,Au,False,2.9353812561316497,0.40238792,0.40191078,0.35408777,0.35408777,0.3861288
mp-1219385,Sm14Au51,Au,Au,False,2.9700067261262757,0.40072668,0.39664298,0.3550588,0.3550588,0.3841428
mp-1219385,Sm14Au51,Au,Au,False,3.0239271551438045,0.39895183,0.39970112,0.3611566,0.3611566,0.3866032
mp-1219385,Sm14Au51,Au,Au,False,3.069980961905206,0.39828107,0.39987585,0.36001122,0.36001122,0.38605604
mp-1219385,Sm14Au51,Au,Sm,True,3.0815806531744614,0.43936384,0.41090703,0.41073692,0.41073692,0.42033592
mp-1219385,Sm14Au51,Au,Sm,True,3.1642265914404772,0.44103342,0.41647816,0.41434008,0.41434008,0.42395055
mp-1219385,Sm14Au51,Au,Au,False,3.1795511723649255,0.39848423,0.39670604,0.35548627,0.35548627,0.38355884
mp-1219385,Sm14Au51,Au,Sm,True,3.1804254617625562,0.4414156,0.40599164,0.40760452,0.40760452,0.41833726
mp-1219385,Sm14Au51,Au,Sm,True,3.348383091671675,0.44501036,0.41754305,0.4187734,0.4187734,0.4271089
mp-1219385,Sm14Au51,Au,Au,False,2.7435696339590034,0.41054446,0.39864975,0.35774785,0.35774785,0.38898072
mp-1219385,Sm14Au51,Au,Au,False,2.8361782849835317,0.40775943,0.40334493,0.35873088,0.35873088,0.38994506
mp-1219385,Sm14Au51,Au,Au,False,2.8941291848219,0.40466923,0.39889646,0.35757464,0.35757464,0.38704678
mp-1219385,Sm14Au51,Au,Au,False,2.9353531660599383,0.40238935,0.40191197,0.35296276,0.35296276,0.3857547
mp-1219385,Sm14Au51,Au,Au,False,2.9698672864414757,0.40073264,0.3963061,0.35475576,0.35475576,0.3839315
mp-1219385,Sm14Au51,Au,Au,False,3.0241288726516617,0.3989473,0.39970136,0.35953838,0.35953838,0.38606235
mp-1219385,Sm14Au51,Au,Au,False,3.0699941709187804,0.39828098,0.39987552,0.35954404,0.35954404,0.38590017
mp-1219385,Sm14Au51,Au,Sm,True,3.0816650281122215,0.43936497,0.4109077,0.4105903,0.4105903,0.42028764
mp-1219385,Sm14Au51,Au,Sm,True,3.164248695847991,0.4410339,0.41647777,0.41446728,0.41446728,0.42399296
mp-1219385,Sm14Au51,Au,Au,False,3.179529759299881,0.3984841,0.39637104,0.35521108,0.35521108,0.38335538
mp-1219385,Sm14Au51,Au,Sm,True,3.180351553646837,0.4414139,0.41239703,0.40914443,0.40914443,0.4209851
mp-1219385,Sm14Au51,Au,Sm,True,3.3482507876267653,0.44500732,0.41754383,0.41888326,0.41888326,0.4271448
mp-1219385,Sm14Au51,Au,Au,False,2.743607321490103,0.410544,0.3986481,0.35896364,0.35896364,0.38938525
mp-1219385,Sm14Au51,Au,Au,False,2.836207226867011,0.40775806,0.4033434,0.36013308,0.36013308,0.3904115
mp-1219385,Sm14Au51,Au,Au,False,2.894145754791318,0.40466833,0.39889523,0.35874265,0.35874265,0.38743544
mp-1219385,Sm14Au51,Au,Au,False,2.9353565057529667,0.40238917,0.40190792,0.35408115,0.35408115,0.38612607
mp-1219385,Sm14Au51,Au,Au,False,2.9699014023320713,0.40073115,0.39664227,0.35505962,0.35505962,0.38414434
mp-1219385,Sm14Au51,Au,Au,False,3.0240950616664297,0.39894804,0.39969897,0.3600425,0.3600425,0.38622984
mp-1219385,Sm14Au51,Au,Au,False,3.0700438847737472,0.39828062,0.3998735,0.36110437,0.36110437,0.3864195
mp-1219385,Sm14Au51,Au,Sm,True,3.0816277436847876,0.43936446,0.41090482,0.41072345,0.41072345,0.4203309
mp-1219385,Sm14Au51,Au,Sm,True,3.1642743544178993,0.44103453,0.4105661,0.41206354,0.41206354,0.4212214
mp-1219385,Sm14Au51,Au,Au,False,3.179425371226793,0.39848357,0.39670596,0.35562223,0.35562223,0.3836039
mp-1219385,Sm14Au51,Au,Sm,True,3.180404632073108,0.44141513,0.41239783,0.40892696,0.40892696,0.4209133
mp-1219385,Sm14Au51,Au,Sm,True,3.348175359540428,0.4450056,0.41754398,0.41880098,0.41880098,0.42711684
mp-1219385,Sm14Au51,Au,Au,False,2.74365636644875,0.4105434,0.39864987,0.35926145,0.35926145,0.38948488
mp-1219385,Sm14Au51,Au,Au,False,2.836152154850785,0.40776065,0.40334672,0.3592743,0.3592743,0.3901272
mp-1219385,Sm14Au51,Au,Au,False,2.894135827997308,0.40466887,0.39889532,0.3586919,0.3586919,0.38741872
mp-1219385,Sm14Au51,Au,Au,False,2.9353812561316497,0.40238792,0.40191078,0.35408777,0.35408777,0.3861288
mp-1219385,Sm14Au51,Au,Au,False,2.9700067261262757,0.40072668,0.39664298,0.35615808,0.35615808,0.38450924
mp-1219385,Sm14Au51,Au,Au,False,3.0239271551438045,0.39895183,0.39970112,0.3617478,0.3617478,0.38680026
mp-1219385,Sm14Au51,Au,Au,False,3.069980961905206,0.39828107,0.39987582,0.36117154,0.36117154,0.3864428
mp-1219385,Sm14Au51,Au,Sm,True,3.0815806531744614,0.43936384,0.41090703,0.41073692,0.41073692,0.42033592
mp-1219385,Sm14Au51,Au,Sm,True,3.1642265914404772,0.44103342,0.4164782,0.41434008,0.41434008,0.42395058
mp-1219385,Sm14Au51,Au,Au,False,3.179551172364926,0.39848423,0.39670604,0.35576236,0.35576236,0.38365087
mp-1219385,Sm14Au51,Au,Sm,True,3.1804254617625562,0.4414156,0.40599164,0.40760452,0.40760452,0.41833726
mp-1219385,Sm14Au51,Au,Sm,True,3.348383091671675,0.44501036,0.41754305,0.4187734,0.4187734,0.4271089
mp-1219385,Sm14Au51,Au,Au,False,2.7435696339590034,0.41054446,0.39864975,0.35861993,0.35861993,0.38927138
mp-1219385,Sm14Au51,Au,Au,False,2.8361782849835317,0.40775943,0.40334493,0.35901564,0.35901564,0.39004
mp-1219385,Sm14Au51,Au,Au,False,2.8941291848219,0.40466923,0.39889646,0.3577837,0.3577837,0.38711646
mp-1219385,Sm14Au51,Au,Au,False,2.9353531660599383,0.40238935,0.40191197,0.35328734,0.35328734,0.38586292
mp-1219385,Sm14Au51,Au,Au,False,2.9698672864414757,0.40073264,0.3966432,0.35480523,0.35480523,0.38406035
mp-1219385,Sm14Au51,Au,Au,False,3.0241288726516617,0.3989473,0.39970136,0.3610639,0.3610639,0.38657084
mp-1219385,Sm14Au51,Au,Au,False,3.0699941709187804,0.39828098,0.39987552,0.36104977,0.36104977,0.3864021
mp-1219385,Sm14Au51,Au,Sm,True,3.0816650281122215,0.43936497,0.4109077,0.41095048,0.41095048,0.42040768
mp-1219385,Sm14Au51,Au,Sm,True,3.164248695847991,0.4410339,0.41647777,0.4147501,0.4147501,0.42408726
mp-1219385,Sm14Au51,Au,Au,False,3.179529759299881,0.3984841,0.39670554,0.35481083,0.35481083,0.38333347
mp-1219385,Sm14Au51,Au,Sm,True,3.180351553646837,0.4414139,0.41239703,0.40943396,0.40943396,0.42108163
mp-1219385,Sm14Au51,Au,Sm,True,3.3482507876267653,0.44500732,0.41754383,0.41914478,0.41914478,0.427232
mp-1219385,Sm14Au51,Au,Au,False,2.7436073214901033,0.410544,0.3986481,0.35928804,0.35928804,0.38949338
mp-1219385,Sm14Au51,Au,Au,False,2.8362072268670113,0.40775806,0.4033434,0.36013308,0.36013308,0.3904115
mp-1219385,Sm14Au51,Au,Au,False,2.894145754791317,0.40466833,0.39889523,0.35874265,0.35874265,0.38743544
mp-1219385,Sm14Au51,Au,Au,False,2.9353565057529662,0.40238917,0.40190792,0.35408115,0.35408115,0.38612607
mp-1219385,Sm14Au51,Au,Au,False,2.969901402332071,0.40073115,0.39664227,0.35580638,0.35580638,0.38439324
mp-1219385,Sm14Au51,Au,Au,False,3.0240950616664297,0.39894804,0.39969897,0.3611366,0.3611366,0.38659453
mp-1219385,Sm14Au51,Au,Au,False,3.0700438847737472,0.39828062,0.3998735,0.3617022,0.3617022,0.38661876
mp-1219385,Sm14Au51,Au,Sm,True,3.0816277436847876,0.43936446,0.41090482,0.41072345,0.41072345,0.4203309
mp-1219385,Sm14Au51,Au,Sm,True,3.1642743544178997,0.44103453,0.4105661,0.41206354,0.41206354,0.4212214
mp-1219385,Sm14Au51,Au,Au,False,3.179425371226792,0.39848357,0.39670599,0.35626787,0.35626787,0.38381913
mp-1219385,Sm14Au51,Au,Sm,True,3.1804046320731088,0.44141513,0.41239783,0.40892693,0.40892693,0.4209133
mp-1219385,Sm14Au51,Au,Sm,True,3.3481753595404276,0.4450056,0.41754398,0.41880098,0.41880098,0.42711684
mp-1219385,Sm14Au51,Au,Au,False,2.7632337195339187,0.41023672,0.3999742,0.3544597,0.3544597,0.38822356
mp-1219385,Sm14Au51,Au,Au,False,2.815140383132557,0.40868008,0.40327284,0.35816288,0.35816288,0.3900386
mp-1219385,Sm14Au51,Au,Au,False,2.8841120300251517,0.40523538,0.4013431,0.3538412,0.3538412,0.38680658
mp-1219385,Sm14Au51,Au,Au,False,2.896882367297531,0.40451324,0.39278015,0.3524041,0.3524041,0.3832325
mp-1219385,Sm14Au51,Au,Au,False,2.977471661401504,0.4004168,0.38780007,0.3487515,0.3487515,0.37898946
mp-1219385,Sm14Au51,Au,Au,False,3.0240950616664275,0.39894804,0.3917204,0.3603463,0.3603463,0.3836716
mp-1219385,Sm14Au51,Au,Sm,True,3.0397206381451,0.43903375,0.4035176,0.40839487,0.40839487,0.41698208
mp-1219385,Sm14Au51,Au,Au,False,3.0616131133320494,0.3983515,0.38859093,0.34892493,0.34892493,0.37862244
mp-1219385,Sm14Au51,Au,Au,False,3.06999417091878,0.39828098,0.3918866,0.3601815,0.3601815,0.3834497
mp-1219385,Sm14Au51,Au,Sm,True,3.14092130788397,0.4404922,0.4013587,0.408884,0.408884,0.4169116
mp-1219385,Sm14Au51,Au,Sm,True,3.283295773491896,0.4436482,0.40928108,0.4219966,0.4219966,0.42497528
mp-1219385,Sm14Au51,Au,Sm,True,3.312470472645568,0.44423822,0.4094312,0.41672528,0.41672528,0.4234649
mp-1219385,Sm14Au51,Au,Au,False,2.7632308745832,0.41023675,0.399973,0.3550392,0.3550392,0.38841632
mp-1219385,Sm14Au51,Au,Au,False,2.8151728549798762,0.40867874,0.4032726,0.35933256,0.35933256,0.39042798
mp-1219385,Sm14Au51,Au,Au,False,2.8841582288270198,0.4052328,0.40133947,0.3549324,0.3549324,0.3871682
mp-1219385,Sm14Au51,Au,Au,False,2.896959227417019,0.40450886,0.3927765,0.3530299,0.3530299,0.38343844
mp-1219385,Sm14Au51,Au,Au,False,2.977401729494732,0.4004196,0.38780087,0.35001275,0.35001275,0.37941107
mp-1219385,Sm14Au51,Au,Au,False,3.023927155143805,0.39895183,0.3917183,0.36082,0.36082,0.38383007
mp-1219385,Sm14Au51,Au,Sm,True,3.039737992191554,0.43903375,0.38923785,0.4084469,0.4084469,0.41223952
mp-1219385,Sm14Au51,Au,Au,False,3.061744874985955,0.3983502,0.38859028,0.34992298,0.34992298,0.3789545
mp-1219385,Sm14Au51,Au,Au,False,3.07004388477375,0.39828062,0.3918862,0.3608944,0.3608944,0.3836871
mp-1219385,Sm14Au51,Au,Sm,True,3.1408997695302734,0.4404917,0.40135774,0.40870208,0.40870208,0.41685048
mp-1219385,Sm14Au51,Au,Sm,True,3.2833769318308037,0.44364983,0.4092788,0.42167908,0.42167908,0.4248692
mp-1219385,Sm14Au51,Au,Sm,True,3.3124528205450243,0.4442379,0.39726126,0.41351342,0.41351342,0.4183375
mp-1219385,Sm14Au51,Au,Au,False,2.763275204024346,0.41023588,0.39997366,0.35381588,0.35381588,0.38800848
mp-1219385,Sm14Au51,Au,Au,False,2.815149734215473,0.40867966,0.40327263,0.35816455,0.35816455,0.39003897
mp-1219385,Sm14Au51,Au,Au,False,2.8841101307510897,0.40523553,0.4013419,0.35450897,0.35450897,0.3870288
mp-1219385,Sm14Au51,Au,Au,False,2.896920533885829,0.40451106,0.39277855,0.35197347,0.35197347,0.38308772
mp-1219385,Sm14Au51,Au,Au,False,2.977452185476599,0.40041754,0.38779977,0.3490302,0.3490302,0.37908253
mp-1219385,Sm14Au51,Au,Au,False,3.0241288726516626,0.3989473,0.39171875,0.36005583,0.36005583,0.38357398
mp-1219385,Sm14Au51,Au,Sm,True,3.0397390379756413,0.4390338,0.403516,0.40864146,0.40864146,0.41706374
mp-1219385,Sm14Au51,Au,Au,False,3.0615863984415737,0.39835173,0.38858977,0.34861913,0.34861913,0.37852022
mp-1219385,Sm14Au51,Au,Au,False,3.069980961905206,0.39828107,0.39188558,0.36053586,0.36053586,0.38356748
mp-1219385,Sm14Au51,Au,Sm,True,3.1408664637745414,0.44049096,0.40135753,0.4088845,0.4088845,0.416911
mp-1219385,Sm14Au51,Au,Sm,True,3.283256733478797,0.44364738,0.40928024,0.4220205,0.4220205,0.4249827
mp-1219385,Sm14Au51,Au,Sm,True,3.312465898253588,0.44423816,0.4094308,0.4165444,0.4165444,0.42340446
mp-1219385,Sm14Au51,Au,Au,False,2.8173116430867067,0.40859205,0.40612635,0.36093098,0.36093098,0.39188313
mp-1219385,Sm14Au51,Au,Au,False,2.8880641757845105,0.4050125,0.39680147,0.35387385,0.35387385,0.38522926
mp-1219385,Sm14Au51,Au,Au,False,2.888079141028606,0.40501165,0.39680034,0.3540341,0.3540341,0.38528204
mp-1219385,Sm14Au51,Au,Au,False,2.8880899054933,0.40501106,0.39554024,0.35557568,0.35557568,0.38537565
mp-1219385,Sm14Au51,Au,Au,False,2.899627089337297,0.40435773,0.40046656,0.35588092,0.35588092,0.38690174
mp-1219385,Sm14Au51,Au,Au,False,2.8996682570805015,0.40435535,0.40046626,0.35549286,0.35549286,0.38677147
mp-1219385,Sm14Au51,Au,Au,False,2.8997201044332415,0.40435246,0.4004654,0.35556576,0.35556576,0.38679454
mp-1219385,Sm14Au51,Au,Sm,True,3.059538444152516,0.4391262,0.4153197,0.42237568,0.42237568,0.4256072
mp-1219385,Sm14Au51,Au,Sm,True,3.059570177027279,0.43912643,0.4153179,0.42221835,0.42221835,0.42555425
mp-1219385,Sm14Au51,Au,Sm,True,3.059599551188685,0.43912667,0.41531754,0.42228252,0.42228252,0.42557558
mp-1219385,Sm14Au51,Au,Au,False,3.572654825214999,0.4077058,0.39387608,0.36294302,0.36294302,0.38817498
mp-1219385,Sm14Au51,Au,Sm,True,4.2081937045264715,0.45153522,0.4163679,0.42478985,0.42478985,0.43089762
mp-1219385,Sm14Au51,Au,Au,False,2.8139846856719264,0.4087262,0.40342194,0.36219573,0.36219573,0.39144793
mp-1219385,Sm14Au51,Au,Au,False,2.8865724676742346,0.40509677,0.39918983,0.3565004,0.3565004,0.386929
mp-1219385,Sm14Au51,Au,Au,False,2.8866308854214355,0.40509346,0.3991893,0.35659018,0.35659018,0.38695765
mp-1219385,Sm14Au51,Au,Au,False,2.8866356230851795,0.4050932,0.3991894,0.35694665,0.35694665,0.3870764
mp-1219385,Sm14Au51,Au,Au,False,2.9119108538060012,0.4036653,0.3953658,0.3537767,0.3537767,0.38426927
mp-1219385,Sm14Au51,Au,Au,False,2.9119907060603816,0.40366086,0.39662877,0.35236615,0.35236615,0.3842186
mp-1219385,Sm14Au51,Au,Au,False,2.912026440959671,0.4036588,0.39662886,0.3524589,0.3524589,0.38424885
mp-1219385,Sm14Au51,Au,Sm,True,3.0408038049124886,0.43903553,0.4154436,0.42093718,0.42093718,0.4251388
mp-1219385,Sm14Au51,Au,Sm,True,3.0408211643425065,0.43903556,0.41544643,0.42095548,0.42095548,0.42514583
mp-1219385,Sm14Au51,Au,Sm,True,3.0408785095010953,0.43903568,0.41544688,0.42093372,0.42093372,0.42513874
mp-1219385,Sm14Au51,Au,Au,False,3.5793087409595334,0.40794235,0.39319563,0.3631509,0.3631509,0.3880963
mp-1219385,Sm14Au51,Au,Sm,True,4.316971681453583,0.45706734,0.4128353,0.42003757,0.42003757,0.42998004
mp-1219385,Sm14Au51,Au,Au,False,2.813984685671927,0.4087262,0.40342194,0.3608495,0.3608495,0.3909992
mp-1219385,Sm14Au51,Au,Au,False,2.8865724676742346,0.40509677,0.40338758,0.35487124,0.35487124,0.3877852
mp-1219385,Sm14Au51,Au,Au,False,2.886630885421436,0.40509346,0.40338576,0.3555231,0.3555231,0.38800076
mp-1219385,Sm14Au51,Au,Au,False,2.8866356230851804,0.4050932,0.40338582,0.3554998,0.3554998,0.38799295
mp-1219385,Sm14Au51,Au,Au,False,2.9119108538060012,0.4036653,0.39662927,0.3523255,0.3523255,0.38420668
mp-1219385,Sm14Au51,Au,Au,False,2.9119907060603816,0.40366086,0.39662877,0.35301003,0.35301003,0.38443324
mp-1219385,Sm14Au51,Au,Au,False,2.912026440959671,0.4036588,0.39662886,0.35261822,0.35261822,0.384302
mp-1219385,Sm14Au51,Au,Sm,True,3.0408038049124886,0.43903553,0.4154436,0.41918278,0.41918278,0.42455396
mp-1219385,Sm14Au51,Au,Sm,True,3.0408211643425065,0.43903556,0.41544643,0.41920042,0.41920042,0.4245608
mp-1219385,Sm14Au51,Au,Sm,True,3.0408785095010953,0.43903568,0.41544688,0.4191789,0.4191789,0.42455378
mp-1219385,Sm14Au51,Au,Au,False,3.5793087409595334,0.40794235,0.39319563,0.3602391,0.3602391,0.3871257
mp-1219385,Sm14Au51,Au,Sm,True,4.316971681453583,0.45706734,0.4128353,0.41818315,0.41818315,0.4293619
mp-1219385,Sm14Au51,Au,Au,False,2.817311643086707,0.40859205,0.40612635,0.36100227,0.36100227,0.3919069
mp-1219385,Sm14Au51,Au,Au,False,2.8880641757845105,0.4050125,0.39680147,0.35475028,0.35475028,0.3855214
mp-1219385,Sm14Au51,Au,Au,False,2.888079141028606,0.40501165,0.39680034,0.35448748,0.35448748,0.38543317
mp-1219385,Sm14Au51,Au,Au,False,2.8880899054933,0.40501106,0.39679986,0.3542151,0.3542151,0.385342
mp-1219385,Sm14Au51,Au,Au,False,2.899627089337297,0.40435773,0.40046656,0.3563729,0.3563729,0.38706574
mp-1219385,Sm14Au51,Au,Au,False,2.8996682570805015,0.40435535,0.40046626,0.35637295,0.35637295,0.38706484
mp-1219385,Sm14Au51,Au,Au,False,2.899720104433242,0.40435246,0.40046543,0.3564505,0.3564505,0.3870895
mp-1219385,Sm14Au51,Au,Sm,True,3.0595384441525155,0.4391262,0.4153197,0.42247558,0.42247558,0.4256405
mp-1219385,Sm14Au51,Au,Sm,True,3.059570177027279,0.43912643,0.4153179,0.42231277,0.42231277,0.42558572
mp-1219385,Sm14Au51,Au,Sm,True,3.059599551188685,0.43912667,0.41531754,0.42237973,0.42237973,0.425608
mp-1219385,Sm14Au51,Au,Au,False,3.572654825214999,0.4077058,0.39387608,0.3626245,0.3626245,0.3880688
mp-1219385,Sm14Au51,Au,Sm,True,4.2081937045264715,0.45153522,0.4163679,0.42495048,0.42495048,0.4309512
mp-1219385,Sm14Au51,Au,Au,False,2.7198977211409363,0.410724,0.41500497,0.35836142,0.35836142,0.3946968
mp-1219385,Sm14Au51,Au,Au,False,2.726419868849585,0.41069403,0.41498148,0.35802847,0.35802847,0.39456797
mp-1219385,Sm14Au51,Au,Au,False,2.8163210696074796,0.4086324,0.40667933,0.3637697,0.3637697,0.39302716
mp-1219385,Sm14Au51,Au,Au,False,2.8163210696074796,0.4086324,0.40667933,0.36310795,0.36310795,0.39280656
mp-1219385,Sm14Au51,Au,Au,False,2.8941457547913156,0.40466833,0.40723094,0.36863777,0.36863777,0.39351237
mp-1219385,Sm14Au51,Au,Au,False,2.894145754791316,0.40466833,0.40723094,0.36863777,0.36863777,0.39351237
mp-1219385,Sm14Au51,Au,Au,False,2.8968823672975312,0.40451324,0.41076505,0.3637383,0.3637383,0.39300552
mp-1219385,Sm14Au51,Au,Au,False,2.8968823672975312,0.40451324,0.41076505,0.36302623,0.36302623,0.39276817
mp-1219385,Sm14Au51,Au,Sm,True,3.1880765924610484,0.44159526,0.43054393,0.4149616,0.4149616,0.4290336
mp-1219385,Sm14Au51,Au,Sm,True,3.2518650950591446,0.44300812,0.42705455,0.41256225,0.41256225,0.42754164
mp-1219385,Sm14Au51,Au,Sm,True,3.2518650950591446,0.44300812,0.42705458,0.41256225,0.41256225,0.42754164
mp-1219385,Sm14Au51,Au,Sm,True,3.2597460105073273,0.44317096,0.4306992,0.4146878,0.4146878,0.42951933
mp-1219385,Sm14Au51,Au,Au,False,2.7198196724357073,0.4107243,0.4150046,0.35836142,0.35836142,0.3946968
mp-1219385,Sm14Au51,Au,Au,False,2.72640560038552,0.41069412,0.4149778,0.3583825,0.3583825,0.3946848
mp-1219385,Sm14Au51,Au,Au,False,2.8163165812235484,0.40863258,0.40667695,0.36333844,0.36333844,0.39288267
mp-1219385,Sm14Au51,Au,Au,False,2.816316581223549,0.40863258,0.40667695,0.36428097,0.36428097,0.39319682
mp-1219385,Sm14Au51,Au,Au,False,2.8941358279973084,0.40466887,0.40722862,0.36869323,0.36869323,0.39353025
mp-1219385,Sm14Au51,Au,Au,False,2.8941358279973084,0.40466887,0.40722865,0.36869323,0.36869323,0.39353025
mp-1219385,Sm14Au51,Au,Au,False,2.896959227417019,0.40450886,0.410761,0.364377,0.364377,0.39321563
mp-1219385,Sm14Au51,Au,Au,False,2.896959227417019,0.40450886,0.410761,0.3640008,0.3640008,0.39309022
mp-1219385,Sm14Au51,Au,Sm,True,3.187997417629953,0.4415934,0.43053716,0.4149633,0.4149633,0.42903128
mp-1219385,Sm14Au51,Au,Sm,True,3.2520177362455995,0.44301134,0.42705435,0.41256213,0.41256213,0.4275426
mp-1219385,Sm14Au51,Au,Sm,True,3.2520177362455995,0.44301134,0.42705435,0.41256213,0.41256213,0.4275426
mp-1219385,Sm14Au51,Au,Sm,True,3.2596814720225664,0.44316962,0.4306935,0.4145814,0.4145814,0.4294815
mp-1219385,Sm14Au51,Au,Au,False,2.7198410760874636,0.41072422,0.41500545,0.35795444,0.35795444,0.39456138
mp-1219385,Sm14Au51,Au,Au,False,2.7264662641833914,0.4106938,0.41497868,0.35832703,0.35832703,0.39466652
mp-1219385,Sm14Au51,Au,Au,False,2.8163511080267516,0.40863118,0.40667832,0.36358762,0.36358762,0.3929657
mp-1219385,Sm14Au51,Au,Au,False,2.8163511080267516,0.40863118,0.40801644,0.36381942,0.36381942,0.39348903
mp-1219385,Sm14Au51,Au,Au,False,2.8941291848219,0.40466923,0.40722948,0.36814943,0.36814943,0.39334938
mp-1219385,Sm14Au51,Au,Au,False,2.8941291848219,0.40466923,0.40722948,0.36770523,0.36770523,0.39320132
mp-1219385,Sm14Au51,Au,Au,False,2.8969205338858286,0.40451106,0.4107626,0.36294937,0.36294937,0.392741
mp-1219385,Sm14Au51,Au,Au,False,2.896920533885829,0.40451106,0.4107626,0.36368218,0.36368218,0.39298525
mp-1219385,Sm14Au51,Au,Sm,True,3.188166178756507,0.44159734,0.430544,0.4149642,0.4149642,0.4290352
mp-1219385,Sm14Au51,Au,Sm,True,3.251798318475534,0.44300678,0.42705238,0.4124762,0.4124762,0.42751178
mp-1219385,Sm14Au51,Au,Sm,True,3.251798318475534,0.44300678,0.42705238,0.4124762,0.4124762,0.42751178
mp-1219385,Sm14Au51,Au,Sm,True,3.259810285912956,0.44317228,0.4306957,0.41450384,0.41450384,0.42945728
mp-1219385,Sm14Au51,Au,Au,False,2.7198196724357064,0.4107243,0.40371412,0.3506323,0.3506323,0.38835692
mp-1219385,Sm14Au51,Au,Au,False,2.726466264183392,0.4106938,0.40381628,0.35020372,0.35020372,0.38823795
mp-1219385,Sm14Au51,Au,Au,False,2.795796983255662,0.4093857,0.39948347,0.34764645,0.34764645,0.3855052
mp-1219385,Sm14Au51,Au,Au,False,2.795796983255662,0.4093857,0.39948347,0.34737608,0.34737608,0.38541508
mp-1219385,Sm14Au51,Au,Au,False,2.8841101307510892,0.40523553,0.41402137,0.35789704,0.35789704,0.39238465
mp-1219385,Sm14Au51,Au,Au,False,2.8841101307510897,0.40523553,0.41402137,0.35949796,0.35949796,0.39291826
mp-1219385,Sm14Au51,Au,Au,False,2.9353812561316497,0.40238792,0.4044382,0.3572948,0.3572948,0.3880403
mp-1219385,Sm14Au51,Au,Au,False,2.9353812561316497,0.40238792,0.4044382,0.3572948,0.3572948,0.3880403
mp-1219385,Sm14Au51,Au,Sm,True,3.1119653125209505,0.4398751,0.41284695,0.41962385,0.41962385,0.4241153
mp-1219385,Sm14Au51,Au,Sm,True,3.250753668752032,0.44298503,0.41531652,0.41883022,0.41883022,0.4257106
mp-1219385,Sm14Au51,Au,Sm,True,3.3150939412818112,0.44429225,0.4099111,0.4091338,0.4091338,0.4211124
mp-1219385,Sm14Au51,Au,Sm,True,3.3150939412818112,0.44429225,0.40991104,0.40913385,0.40913385,0.4211124
mp-1219385,Sm14Au51,Au,Au,False,2.7198410760874636,0.41072422,0.4037175,0.35004318,0.35004318,0.38816163
mp-1219385,Sm14Au51,Au,Au,False,2.726419868849584,0.41069403,0.403818,0.3504951,0.3504951,0.3883357
mp-1219385,Sm14Au51,Au,Au,False,2.795758075267978,0.409387,0.39948493,0.34717804,0.34717804,0.38535
mp-1219385,Sm14Au51,Au,Au,False,2.795758075267978,0.409387,0.39722002,0.3487942,0.3487942,0.38513374
mp-1219385,Sm14Au51,Au,Au,False,2.884112030025152,0.40523538,0.41402346,0.35932946,0.35932946,0.39286277
mp-1219385,Sm14Au51,Au,Au,False,2.884112030025152,0.40523538,0.4140235,0.3577968,0.3577968,0.39235187
mp-1219385,Sm14Au51,Au,Au,False,2.9353531660599383,0.40238935,0.4044413,0.3566301,0.3566301,0.38782024
mp-1219385,Sm14Au51,Au,Au,False,2.9353531660599383,0.40238935,0.4044413,0.35578007,0.35578007,0.3875369
mp-1219385,Sm14Au51,Au,Sm,True,3.1119247116427644,0.4398743,0.41284823,0.4193488,0.4193488,0.42402378
mp-1219385,Sm14Au51,Au,Sm,True,3.2506978104428073,0.44298387,0.41531712,0.41856617,0.41856617,0.42562237
mp-1219385,Sm14Au51,Au,Sm,True,3.3152322439779245,0.44429514,0.40991306,0.40883255,0.40883255,0.4210136
mp-1219385,Sm14Au51,Au,Sm,True,3.3152322439779245,0.44429514,0.40991306,0.40883252,0.40883252,0.4210136
mp-1219385,Sm14Au51,Au,Au,False,2.7198977211409394,0.410724,0.40371463,0.35063305,0.35063305,0.38835725
mp-1219385,Sm14Au51,Au,Au,False,2.72640560038552,0.41069412,0.40381268,0.35064444,0.35064444,0.38838375
mp-1219385,Sm14Au51,Au,Au,False,2.795821847326154,0.40938488,0.39948285,0.3481325,0.3481325,0.38566673
mp-1219385,Sm14Au51,Au,Au,False,2.795821847326154,0.40938488,0.39948285,0.34743714,0.34743714,0.38543496
mp-1219385,Sm14Au51,Au,Au,False,2.8841582288270184,0.4052328,0.41401753,0.3599255,0.3599255,0.39305863
mp-1219385,Sm14Au51,Au,Au,False,2.8841582288270184,0.4052328,0.41401753,0.35910973,0.35910973,0.3927867
mp-1219385,Sm14Au51,Au,Au,False,2.9353565057529685,0.40238917,0.40443736,0.35725084,0.35725084,0.3880258
mp-1219385,Sm14Au51,Au,Au,False,2.9353565057529694,0.40238917,0.40443736,0.35725084,0.35725084,0.3880258
mp-1219385,Sm14Au51,Au,Sm,True,3.1120347318746657,0.43987644,0.41284955,0.41969606,0.41969606,0.4241407
mp-1219385,Sm14Au51,Au,Sm,True,3.2508407719268577,0.44298685,0.41531435,0.4188169,0.4188169,0.42570603
mp-1219385,Sm14Au51,Au,Sm,True,3.3150117521416838,0.44429058,0.40990967,0.4091325,0.4091325,0.4211109
mp-1219385,Sm14Au51,Au,Sm,True,3.3150117521416838,0.44429058,0.40990967,0.4091325,0.4091325,0.4211109
mp-1219385,Sm14Au51,Au,Au,False,2.7750194047667907,0.40997845,0.41315365,0.35664862,0.35664862,0.39326024
mp-1219385,Sm14Au51,Au,Au,False,2.775070137728415,0.40997723,0.4131521,0.35584047,0.35584047,0.3929899
mp-1219385,Sm14Au51,Au,Au,False,2.815140383132557,0.40868008,0.41131732,0.35806918,0.35806918,0.39268887
mp-1219385,Sm14Au51,Au,Au,False,2.815140383132557,0.40868008,0.41131732,0.35952845,0.35952845,0.39317527
mp-1219385,Sm14Au51,Au,Au,False,2.8361782849835317,0.40775943,0.3998005,0.3595354,0.3595354,0.3890318
mp-1219385,Sm14Au51,Au,Au,False,2.8361782849835317,0.40775943,0.3998005,0.36034203,0.36034203,0.38930067
mp-1219385,Sm14Au51,Au,Sm,True,2.9259903260907367,0.44093955,0.41385254,0.4107809,0.4107809,0.42185768
mp-1219385,Sm14Au51,Au,Sm,True,3.198234921696442,0.44183144,0.40764815,0.40836945,0.40836945,0.419283
mp-1219385,Sm14Au51,Au,Sm,True,3.198234921696442,0.44183144,0.40764815,0.40836945,0.40836945,0.419283
mp-1219385,Sm14Au51,Au,Sm,True,3.6365626782862557,0.45298314,0.4098636,0.4146168,0.4146168,0.4258212
mp-1219385,Sm14Au51,Au,Au,False,3.9348612361972055,0.4039318,0.384441,0.37394303,0.37394303,0.38743863
mp-1219385,Sm14Au51,Au,Au,False,3.934861236197206,0.4039318,0.384441,0.37394303,0.37394303,0.38743863
mp-1219385,Sm14Au51,Au,Au,False,2.774993911898898,0.40997908,0.41315266,0.35663778,0.35663778,0.39325652
mp-1219385,Sm14Au51,Au,Au,False,2.7750194047667907,0.40997845,0.41315144,0.3566373,0.3566373,0.3932557
mp-1219385,Sm14Au51,Au,Au,False,2.815172854979876,0.40867874,0.41131598,0.35988206,0.35988206,0.39329228
mp-1219385,Sm14Au51,Au,Au,False,2.815172854979876,0.40867874,0.41131598,0.3606569,0.3606569,0.39355052
mp-1219385,Sm14Au51,Au,Au,False,2.8362072268670113,0.40775806,0.39979964,0.36155984,0.36155984,0.38970587
mp-1219385,Sm14Au51,Au,Au,False,2.836207226867012,0.40775806,0.39979964,0.36155984,0.36155984,0.38970587
mp-1219385,Sm14Au51,Au,Sm,True,2.9261003143468662,0.4409361,0.40048218,0.4109825,0.4109825,0.4174669
mp-1219385,Sm14Au51,Au,Sm,True,3.1981537463916108,0.44182956,0.40764627,0.40809396,0.40809396,0.41918993
mp-1219385,Sm14Au51,Au,Sm,True,3.1981537463916108,0.44182956,0.40764624,0.408094,0.408094,0.41918993
mp-1219385,Sm14Au51,Au,Sm,True,3.6368490838673484,0.45298484,0.39478737,0.4151135,0.4151135,0.42096195
mp-1219385,Sm14Au51,Au,Au,False,3.934716057651676,0.4039346,0.38443172,0.37476313,0.37476313,0.38770983
mp-1219385,Sm14Au51,Au,Au,False,3.934716057651676,0.4039346,0.38443172,0.37476313,0.37476313,0.38770983
mp-1219385,Sm14Au51,Au,Au,False,2.7749939118988975,0.40997908,0.41315517,0.3566484,0.3566484,0.39326087
mp-1219385,Sm14Au51,Au,Au,False,2.7750701377284153,0.40997723,0.4131524,0.35583973,0.35583973,0.39298978
mp-1219385,Sm14Au51,Au,Au,False,2.815149734215473,0.40867966,0.4113189,0.3595298,0.3595298,0.3931761
mp-1219385,Sm14Au51,Au,Au,False,2.8151497342154737,0.40867966,0.4113189,0.35801077,0.35801077,0.39266977
mp-1219385,Sm14Au51,Au,Au,False,2.8361521548507844,0.40776065,0.3998018,0.3607837,0.3607837,0.38944873
mp-1219385,Sm14Au51,Au,Au,False,2.8361521548507844,0.40776065,0.3998018,0.3607837,0.3607837,0.38944873
mp-1219385,Sm14Au51,Au,Sm,True,2.926037188326556,0.4409381,0.4138527,0.41069716,0.41069716,0.4218293
mp-1219385,Sm14Au51,Au,Sm,True,3.1981780302584513,0.44183013,0.4076479,0.40836957,0.40836957,0.41928253
mp-1219385,Sm14Au51,Au,Sm,True,3.1981780302584513,0.44183013,0.4076479,0.40836957,0.40836957,0.41928253
mp-1219385,Sm14Au51,Au,Sm,True,3.636500224184801,0.45298278,0.40986475,0.41471985,0.41471985,0.4258558
mp-1219385,Sm14Au51,Au,Au,False,3.934814155355421,0.4039327,0.38443917,0.37289172,0.37289172,0.38708785
mp-1219385,Sm14Au51,Au,Au,False,3.934814155355421,0.4039327,0.38443917,0.37361333,0.37361333,0.3873284
mp-1188697,Zr5Ir3,Zr,Zr,False,2.760639485,0.47053716,0.37462795,0.4142896,0.4142896,0.41981825
mp-1188697,Zr5Ir3,Zr,Zr,False,2.760639485,0.47053716,0.37462795,0.4142896,0.4142896,0.41981825
mp-1188697,Zr5Ir3,Zr,Ir,True,2.824334084076082,0.431064,0.36256194,0.34213415,0.34213415,0.37858668
mp-1188697,Zr5Ir3,Zr,Ir,True,2.8243340840760824,0.431064,0.36256194,0.34213418,0.34213418,0.37858668
mp-1188697,Zr5Ir3,Zr,Ir,True,2.8243367403084694,0.431064,0.36251673,0.35499924,0.35499924,0.38286003
mp-1188697,Zr5Ir3,Zr,Ir,True,2.82433674030847,0.431064,0.36251673,0.35499927,0.35499927,0.38286003
mp-1188697,Zr5Ir3,Zr,Ir,True,2.8243408123282716,0.43106395,0.36587796,0.3680355,0.3680355,0.38832578
mp-1188697,Zr5Ir3,Zr,Ir,True,2.8243408123282716,0.43106395,0.36587796,0.36803547,0.36803547,0.38832578
mp-1188697,Zr5Ir3,Zr,Zr,False,3.4011703956424104,0.4716567,0.37744844,0.40670648,0.40670648,0.41860387
mp-1188697,Zr5Ir3,Zr,Zr,False,3.4011703956424117,0.4716567,0.37744844,0.4067065,0.4067065,0.4186039
mp-1188697,Zr5Ir3,Zr,Zr,False,3.401175919403578,0.4716569,0.37744832,0.4058115,0.4058115,0.41830555
mp-1188697,Zr5Ir3,Zr,Zr,False,3.401175919403578,0.4716569,0.37744832,0.4058115,0.4058115,0.41830555
mp-1188697,Zr5Ir3,Zr,Zr,False,2.760639485,0.47053716,0.37772608,0.4105904,0.4105904,0.4196179
mp-1188697,Zr5Ir3,Zr,Zr,False,2.760639485,0.47053716,0.37772608,0.4105904,0.4105904,0.4196179
mp-1188697,Zr5Ir3,Zr,Ir,True,2.824334084076082,0.431064,0.3625167,0.35262632,0.35262632,0.38206902
mp-1188697,Zr5Ir3,Zr,Ir,True,2.8243340840760824,0.431064,0.3625167,0.35262632,0.35262632,0.38206902
mp-1188697,Zr5Ir3,Zr,Ir,True,2.824336740308469,0.431064,0.36256194,0.34004295,0.34004295,0.37788963
mp-1188697,Zr5Ir3,Zr,Ir,True,2.8243367403084694,0.431064,0.36256194,0.34004298,0.34004298,0.37788963
mp-1188697,Zr5Ir3,Zr,Ir,True,2.8243408123282716,0.43106395,0.36587796,0.3656683,0.3656683,0.38753673
mp-1188697,Zr5Ir3,Zr,Ir,True,2.8243408123282716,0.43106395,0.365878,0.3656683,0.3656683,0.38753676
mp-1188697,Zr5Ir3,Zr,Zr,False,3.4011703956424104,0.4716567,0.3774484,0.40413505,0.40413505,0.4177467
mp-1188697,Zr5Ir3,Zr,Zr,False,3.4011703956424117,0.4716567,0.37744844,0.40413505,0.40413505,0.4177467
mp-1188697,Zr5Ir3,Zr,Zr,False,3.401175919403578,0.4716569,0.37744832,0.40503454,0.40503454,0.4180466
mp-1188697,Zr5Ir3,Zr,Zr,False,3.401175919403578,0.4716569,0.37744832,0.40503454,0.40503454,0.4180466
mp-1188697,Zr5Ir3,Zr,Zr,False,2.760639485,0.47053716,0.42421228,0.41128308,0.41128308,0.43534413
mp-1188697,Zr5Ir3,Zr,Zr,False,2.760639485,0.47053716,0.42421228,0.41128308,0.41128308,0.43534413
mp-1188697,Zr5Ir3,Zr,Ir,True,2.824334084076082,0.431064,0.3746348,0.3522469,0.3522469,0.38598192
mp-1188697,Zr5Ir3,Zr,Ir,True,2.8243340840760824,0.431064,0.3746348,0.3522469,0.3522469,0.38598192
mp-1188697,Zr5Ir3,Zr,Ir,True,2.824336740308469,0.431064,0.3773675,0.33949786,0.33949786,0.38264313
mp-1188697,Zr5Ir3,Zr,Ir,True,2.8243367403084694,0.431064,0.3773675,0.3394979,0.3394979,0.38264313
mp-1188697,Zr5Ir3,Zr,Ir,True,2.8243408123282716,0.43106395,0.37438345,0.3668667,0.3668667,0.3907714
mp-1188697,Zr5Ir3,Zr,Ir,True,2.8243408123282716,0.43106395,0.3743835,0.3668667,0.3668667,0.3907714
mp-1188697,Zr5Ir3,Zr,Zr,False,3.40117039564241,0.4716567,0.39670667,0.40298098,0.40298098,0.42378148
mp-1188697,Zr5Ir3,Zr,Zr,False,3.4011703956424117,0.4716567,0.3967067,0.40298098,0.40298098,0.42378148
mp-1188697,Zr5Ir3,Zr,Zr,False,3.4011759194035776,0.4716569,0.39670655,0.40387842,0.40387842,0.4240806
mp-1188697,Zr5Ir3,Zr,Zr,False,3.401175919403578,0.4716569,0.39670655,0.40387842,0.40387842,0.4240806
mp-1188697,Zr5Ir3,Zr,Zr,False,2.760639485,0.47053716,0.4420374,0.4116707,0.4116707,0.44141507
mp-1188697,Zr5Ir3,Zr,Zr,False,2.760639485,0.47053716,0.4420374,0.4116707,0.4116707,0.44141507
mp-1188697,Zr5Ir3,Zr,Ir,True,2.824334084076082,0.431064,0.39935,0.3380295,0.3380295,0.38948116
mp-1188697,Zr5Ir3,Zr,Ir,True,2.8243340840760824,0.431064,0.39935,0.33802953,0.33802953,0.3894812
mp-1188697,Zr5Ir3,Zr,Ir,True,2.8243367403084694,0.431064,0.3928477,0.35014614,0.35014614,0.39135262
mp-1188697,Zr5Ir3,Zr,Ir,True,2.82433674030847,0.431064,0.3928477,0.35014614,0.35014614,0.39135262
mp-1188697,Zr5Ir3,Zr,Ir,True,2.8243408123282716,0.43106395,0.38730717,0.3659461,0.3659461,0.3947724
mp-1188697,Zr5Ir3,Zr,Ir,True,2.8243408123282716,0.43106395,0.38730717,0.3659461,0.3659461,0.3947724
mp-1188697,Zr5Ir3,Zr,Zr,False,3.40117039564241,0.4716567,0.4089198,0.4027359,0.4027359,0.42777076
mp-1188697,Zr5Ir3,Zr,Zr,False,3.4011703956424117,0.4716567,0.4089198,0.4027359,0.4027359,0.42777076
mp-1188697,Zr5Ir3,Zr,Zr,False,3.4011759194035776,0.4716569,0.40891975,0.4019319,0.4019319,0.42750284
mp-1188697,Zr5Ir3,Zr,Zr,False,3.401175919403578,0.4716569,0.40891975,0.4019319,0.4019319,0.42750284
mp-1188697,Zr5Ir3,Zr,Ir,True,2.7906213277370577,0.43147352,0.37541875,0.36301014,0.36301014,0.38996747
mp-1188697,Zr5Ir3,Zr,Ir,True,2.7906213277370577,0.43147352,0.37630582,0.34919155,0.34919155,0.38565695
mp-1188697,Zr5Ir3,Zr,Ir,True,2.892345381292842,0.43021083,0.37732488,0.37690163,0.37690163,0.39481243
mp-1188697,Zr5Ir3,Zr,Ir,True,3.0269916335468054,0.43079388,0.3790056,0.37488884,0.37488884,0.39489612
mp-1188697,Zr5Ir3,Zr,Ir,True,3.0269916335468063,0.43079388,0.3790056,0.37488884,0.37488884,0.39489612
mp-1188697,Zr5Ir3,Zr,Zr,False,3.3824015632720354,0.47112638,0.39214253,0.4095922,0.4095922,0.42428705
mp-1188697,Zr5Ir3,Zr,Zr,False,3.3824015632720354,0.47112638,0.39214253,0.4103836,0.4103836,0.42455086
mp-1188697,Zr5Ir3,Zr,Zr,False,3.382401563272036,0.47112638,0.39214253,0.4095922,0.4095922,0.42428705
mp-1188697,Zr5Ir3,Zr,Zr,False,3.3824015632720363,0.47112638,0.39214253,0.4103836,0.4103836,0.42455086
mp-1188697,Zr5Ir3,Zr,Zr,False,3.3850454782169357,0.47119814,0.39209604,0.40963387,0.40963387,0.42430934
mp-1188697,Zr5Ir3,Zr,Zr,False,3.385045478216936,0.47119814,0.39209604,0.4104246,0.4104246,0.42457294
mp-1188697,Zr5Ir3,Zr,Zr,False,3.401177847905465,0.47165692,0.40853357,0.4153342,0.4153342,0.43184158
mp-1188697,Zr5Ir3,Zr,Ir,True,2.790621775038777,0.4314735,0.40134454,0.37496302,0.37496302,0.4025937
mp-1188697,Zr5Ir3,Zr,Ir,True,2.790621934382809,0.4314735,0.40498212,0.36060357,0.36060357,0.39901972
mp-1188697,Zr5Ir3,Zr,Ir,True,2.8923448166936763,0.4302108,0.40761107,0.3478741,0.3478741,0.39523196
mp-1188697,Zr5Ir3,Zr,Ir,True,3.0269915341354783,0.43079388,0.4045394,0.3577902,0.3577902,0.39770782
mp-1188697,Zr5Ir3,Zr,Ir,True,3.026991534135479,0.43079388,0.4045394,0.3577902,0.3577902,0.39770782
mp-1188697,Zr5Ir3,Zr,Zr,False,3.382401563272036,0.47112638,0.42561138,0.41017872,0.41017872,0.43563882
mp-1188697,Zr5Ir3,Zr,Zr,False,3.382401563272037,0.47112638,0.42561138,0.41017872,0.41017872,0.43563882
mp-1188697,Zr5Ir3,Zr,Zr,False,3.3824017837030387,0.47112644,0.39859253,0.40782467,0.40782467,0.4258479
mp-1188697,Zr5Ir3,Zr,Zr,False,3.3824017837030396,0.47112644,0.39859253,0.40782467,0.40782467,0.4258479
mp-1188697,Zr5Ir3,Zr,Zr,False,3.3850448174403507,0.47119805,0.39857247,0.40845352,0.40845352,0.42607465
mp-1188697,Zr5Ir3,Zr,Zr,False,3.385045478216935,0.47119814,0.4255285,0.4102199,0.4102199,0.43564883
mp-1188697,Zr5Ir3,Zr,Zr,False,3.40117039564241,0.4716567,0.45804906,0.41654676,0.41654676,0.44875082
mp-1188697,Zr5Ir3,Zr,Ir,True,2.790621775038777,0.4314735,0.40134454,0.37422407,0.37422407,0.40234736
mp-1188697,Zr5Ir3,Zr,Ir,True,2.790621934382809,0.4314735,0.4071775,0.34849846,0.34849846,0.39571652
mp-1188697,Zr5Ir3,Zr,Ir,True,2.8923448166936763,0.4302108,0.40515852,0.35877872,0.35877872,0.39804935
mp-1188697,Zr5Ir3,Zr,Ir,True,3.0269915341354787,0.43079388,0.40755472,0.34526753,0.34526753,0.39453873
mp-1188697,Zr5Ir3,Zr,Ir,True,3.0269915341354796,0.43079388,0.40755472,0.34526753,0.34526753,0.39453873
mp-1188697,Zr5Ir3,Zr,Zr,False,3.3824015632720363,0.47112638,0.42561138,0.41023886,0.41023886,0.43565884
mp-1188697,Zr5Ir3,Zr,Zr,False,3.3824015632720372,0.47112638,0.42561138,0.41023886,0.41023886,0.43565884
mp-1188697,Zr5Ir3,Zr,Zr,False,3.3824017837030387,0.47112644,0.39859253,0.40858912,0.40858912,0.42610273
mp-1188697,Zr5Ir3,Zr,Zr,False,3.3824017837030396,0.47112644,0.39859253,0.40858912,0.40858912,0.42610273
mp-1188697,Zr5Ir3,Zr,Zr,False,3.3850448174403507,0.47119805,0.39857247,0.40802968,0.40802968,0.4259334
mp-1188697,Zr5Ir3,Zr,Zr,False,3.3850454782169344,0.47119814,0.4255285,0.41027984,0.41027984,0.43566883
mp-1188697,Zr5Ir3,Zr,Zr,False,3.40117039564241,0.4716567,0.44199717,0.4153209,0.4153209,0.44299158
mp-1188697,Zr5Ir3,Zr,Ir,True,2.7906213277370586,0.43147352,0.37541875,0.36301014,0.36301014,0.38996747
mp-1188697,Zr5Ir3,Zr,Ir,True,2.790621327737059,0.43147352,0.3763058,0.34919155,0.34919155,0.38565695
mp-1188697,Zr5Ir3,Zr,Ir,True,2.8923453812928424,0.43021083,0.37732488,0.37690163,0.37690163,0.39481243
mp-1188697,Zr5Ir3,Zr,Ir,True,3.026991633546806,0.43079388,0.37900567,0.37488884,0.37488884,0.39489612
mp-1188697,Zr5Ir3,Zr,Ir,True,3.0269916335468063,0.43079388,0.37900567,0.37488884,0.37488884,0.39489612
mp-1188697,Zr5Ir3,Zr,Zr,False,3.3824015632720363,0.47112638,0.39214247,0.40959224,0.40959224,0.42428705
mp-1188697,Zr5Ir3,Zr,Zr,False,3.3824015632720363,0.47112638,0.39214253,0.41038364,0.41038364,0.42455086
mp-1188697,Zr5Ir3,Zr,Zr,False,3.382401563272037,0.47112638,0.39214247,0.40959224,0.40959224,0.42428705
mp-1188697,Zr5Ir3,Zr,Zr,False,3.382401563272037,0.47112638,0.39214253,0.41038364,0.41038364,0.42455086
mp-1188697,Zr5Ir3,Zr,Zr,False,3.3850454782169344,0.47119814,0.39209604,0.40963387,0.40963387,0.42430934
mp-1188697,Zr5Ir3,Zr,Zr,False,3.3850454782169344,0.47119814,0.39209604,0.4104246,0.4104246,0.42457294
mp-1188697,Zr5Ir3,Zr,Zr,False,3.4011778479054655,0.47165692,0.40853357,0.4153342,0.4153342,0.43184158
mp-1188697,Zr5Ir3,Zr,Ir,True,2.7906217750387765,0.4314735,0.40134454,0.37422407,0.37422407,0.40234736
mp-1188697,Zr5Ir3,Zr,Ir,True,2.7906219343828105,0.4314735,0.4071775,0.34849846,0.34849846,0.39571652
mp-1188697,Zr5Ir3,Zr,Ir,True,2.8923448166936763,0.4302108,0.40515852,0.35877872,0.35877872,0.39804935
mp-1188697,Zr5Ir3,Zr,Ir,True,3.0269915341354783,0.43079388,0.4075547,0.34526753,0.34526753,0.39453873
mp-1188697,Zr5Ir3,Zr,Ir,True,3.026991534135479,0.43079388,0.4075547,0.34526753,0.34526753,0.39453873
mp-1188697,Zr5Ir3,Zr,Zr,False,3.382401563272036,0.47112638,0.42561138,0.41023886,0.41023886,0.43565884
mp-1188697,Zr5Ir3,Zr,Zr,False,3.382401563272037,0.47112638,0.42561138,0.41023886,0.41023886,0.43565884
mp-1188697,Zr5Ir3,Zr,Zr,False,3.3824017837030387,0.47112644,0.39859253,0.40858912,0.40858912,0.42610273
mp-1188697,Zr5Ir3,Zr,Zr,False,3.3824017837030396,0.47112644,0.39859253,0.40858912,0.40858912,0.42610273
mp-1188697,Zr5Ir3,Zr,Zr,False,3.385044817440349,0.47119805,0.39857247,0.40802968,0.40802968,0.4259334
mp-1188697,Zr5Ir3,Zr,Zr,False,3.3850454782169344,0.47119814,0.42552847,0.41027984,0.41027984,0.43566883
mp-1188697,Zr5Ir3,Zr,Zr,False,3.4011703956424113,0.4716567,0.44199717,0.4153209,0.4153209,0.44299158
mp-1188697,Zr5Ir3,Zr,Ir,True,2.7906217750387765,0.4314735,0.40134454,0.37496305,0.37496305,0.4025937
mp-1188697,Zr5Ir3,Zr,Ir,True,2.7906219343828096,0.4314735,0.40498212,0.3606036,0.3606036,0.39901972
mp-1188697,Zr5Ir3,Zr,Ir,True,2.892344816693675,0.4302108,0.407611,0.34787408,0.34787408,0.39523196
mp-1188697,Zr5Ir3,Zr,Ir,True,3.0269915341354783,0.43079388,0.4045394,0.3577902,0.3577902,0.39770782
mp-1188697,Zr5Ir3,Zr,Ir,True,3.026991534135479,0.43079388,0.4045394,0.3577902,0.3577902,0.39770782
mp-1188697,Zr5Ir3,Zr,Zr,False,3.382401563272036,0.47112638,0.42561138,0.41017872,0.41017872,0.43563882
mp-1188697,Zr5Ir3,Zr,Zr,False,3.382401563272037,0.47112638,0.42561138,0.41017872,0.41017872,0.43563882
mp-1188697,Zr5Ir3,Zr,Zr,False,3.3824017837030387,0.47112644,0.39859253,0.40782467,0.40782467,0.4258479
mp-1188697,Zr5Ir3,Zr,Zr,False,3.3824017837030396,0.47112644,0.39859253,0.40782467,0.40782467,0.4258479
mp-1188697,Zr5Ir3,Zr,Zr,False,3.385044817440349,0.47119805,0.39857247,0.40845352,0.40845352,0.42607465
mp-1188697,Zr5Ir3,Zr,Zr,False,3.3850454782169344,0.47119814,0.42552847,0.4102199,0.4102199,0.43564883
mp-1188697,Zr5Ir3,Zr,Zr,False,3.4011703956424113,0.4716567,0.45804906,0.41654676,0.41654676,0.44875082
mp-1188697,Zr5Ir3,Ir,Zr,True,2.790621775038777,0.4637219,0.4569155,0.3876806,0.3876806,0.43610597
mp-1188697,Zr5Ir3,Ir,Zr,True,2.790621775038777,0.4637219,0.4569155,0.3884977,0.3884977,0.43637836
mp-1188697,Zr5Ir3,Ir,Zr,True,2.8243408123282716,0.46306688,0.46722013,0.37283033,0.37283033,0.43437243
mp-1188697,Zr5Ir3,Ir,Zr,True,2.8243408123282716,0.46306688,0.46722013,0.37428796,0.37428796,0.43485832
mp-1188697,Zr5Ir3,Ir,Zr,True,2.8243408123282716,0.46306688,0.4548401,0.38177973,0.38177973,0.43322888
mp-1188697,Zr5Ir3,Ir,Zr,True,2.8243408123282716,0.46306688,0.46113306,0.37694356,0.37694356,0.4337145
mp-1188697,Zr5Ir3,Ir,Zr,True,2.892345381292842,0.46109158,0.44990778,0.37877074,0.37877074,0.4299234
mp-1188697,Zr5Ir3,Ir,Zr,True,3.026991633546806,0.45847166,0.44854805,0.37848657,0.37848657,0.42850208
mp-1188697,Zr5Ir3,Ir,Zr,True,3.0269916335468063,0.45847166,0.44854805,0.37848657,0.37848657,0.42850208
mp-1188697,Zr5Ir3,Ir,Ir,False,3.216538620388216,0.40974948,0.44421577,0.3760078,0.3760078,0.40999103
mp-1188697,Zr5Ir3,Ir,Ir,False,3.2165386203882167,0.40974948,0.44421577,0.3760078,0.3760078,0.40999103
mp-1188697,Zr5Ir3,Ir,Ir,False,4.2231753100927785,0.4190563,0.44612792,0.3744833,0.3744833,0.41322246
mp-1188697,Zr5Ir3,Ir,Zr,True,2.7906213277370586,0.4637219,0.45263088,0.36808068,0.36808068,0.42814445
mp-1188697,Zr5Ir3,Ir,Zr,True,2.7906219343828096,0.4637219,0.45900184,0.37400693,0.37400693,0.4322436
mp-1188697,Zr5Ir3,Ir,Zr,True,2.824334084076082,0.46306705,0.45964473,0.36307764,0.36307764,0.4285965
mp-1188697,Zr5Ir3,Ir,Zr,True,2.824334084076082,0.46306705,0.4558546,0.36824638,0.36824638,0.42905602
mp-1188697,Zr5Ir3,Ir,Zr,True,2.8243367403084694,0.463067,0.45954096,0.36524475,0.36524475,0.42928424
mp-1188697,Zr5Ir3,Ir,Zr,True,2.82433674030847,0.463067,0.45964468,0.36249453,0.36249453,0.42840207
mp-1188697,Zr5Ir3,Ir,Zr,True,2.8923448166936754,0.46109158,0.45935676,0.37210128,0.37210128,0.43084988
mp-1188697,Zr5Ir3,Ir,Zr,True,3.0269915341354787,0.45847166,0.46099842,0.37222677,0.37222677,0.4305656
mp-1188697,Zr5Ir3,Ir,Zr,True,3.0269915341354796,0.45847166,0.46099842,0.37222677,0.37222677,0.4305656
mp-1188697,Zr5Ir3,Ir,Ir,False,3.2165384550145912,0.40974945,0.4477981,0.36005554,0.36005554,0.4058677
mp-1188697,Zr5Ir3,Ir,Ir,False,3.216538455014592,0.40974945,0.4477981,0.36005554,0.36005554,0.4058677
mp-1188697,Zr5Ir3,Ir,Ir,False,4.223175310092778,0.4190563,0.45127633,0.37465325,0.37465325,0.41499528
mp-1188697,Zr5Ir3,Ir,Zr,True,2.7906213277370586,0.4637219,0.4527013,0.3764221,0.3764221,0.4309484
mp-1188697,Zr5Ir3,Ir,Zr,True,2.7906219343828096,0.4637219,0.45932388,0.38314444,0.38314444,0.43539676
mp-1188697,Zr5Ir3,Ir,Zr,True,2.824334084076082,0.46306705,0.46202618,0.36916593,0.36916593,0.43141973
mp-1188697,Zr5Ir3,Ir,Zr,True,2.824334084076082,0.46306705,0.45923847,0.37260774,0.37260774,0.43163776
mp-1188697,Zr5Ir3,Ir,Zr,True,2.8243367403084694,0.463067,0.45520422,0.37649322,0.37649322,0.43158814
mp-1188697,Zr5Ir3,Ir,Zr,True,2.82433674030847,0.463067,0.46202612,0.37024868,0.37024868,0.43178058
mp-1188697,Zr5Ir3,Ir,Zr,True,2.8923448166936754,0.46109158,0.4597609,0.38314426,0.38314426,0.4346656
mp-1188697,Zr5Ir3,Ir,Zr,True,3.0269915341354787,0.45847166,0.46138713,0.38187996,0.38187996,0.4339129
mp-1188697,Zr5Ir3,Ir,Zr,True,3.0269915341354796,0.45847166,0.46138713,0.38187996,0.38187996,0.4339129
mp-1188697,Zr5Ir3,Ir,Ir,False,3.216538455014591,0.40974945,0.44403112,0.35668382,0.35668382,0.40348813
mp-1188697,Zr5Ir3,Ir,Ir,False,3.2165384550145917,0.40974945,0.44403112,0.35668382,0.35668382,0.40348813
mp-1188697,Zr5Ir3,Ir,Ir,False,4.223175310092778,0.4190563,0.44754973,0.3818997,0.3818997,0.41616857
mp-1188697,Zr5Ir3,Ir,Zr,True,2.7906217750387756,0.4637219,0.45691553,0.3876806,0.3876806,0.436106
mp-1188697,Zr5Ir3,Ir,Zr,True,2.7906217750387756,0.4637219,0.45691553,0.38849774,0.38849774,0.4363784
mp-1188697,Zr5Ir3,Ir,Zr,True,2.8243408123282716,0.46306688,0.4548401,0.3817797,0.3817797,0.43322888
mp-1188697,Zr5Ir3,Ir,Zr,True,2.8243408123282716,0.46306688,0.46113306,0.37694356,0.37694356,0.4337145
mp-1188697,Zr5Ir3,Ir,Zr,True,2.8243408123282716,0.46306688,0.46722013,0.37283033,0.37283033,0.43437243
mp-1188697,Zr5Ir3,Ir,Zr,True,2.8243408123282716,0.46306688,0.46722013,0.37428796,0.37428796,0.43485832
mp-1188697,Zr5Ir3,Ir,Zr,True,2.8923453812928424,0.46109158,0.44990775,0.37877074,0.37877074,0.42992333
mp-1188697,Zr5Ir3,Ir,Zr,True,3.0269916335468054,0.45847166,0.44854805,0.37848657,0.37848657,0.42850208
mp-1188697,Zr5Ir3,Ir,Zr,True,3.0269916335468063,0.45847166,0.44854805,0.37848657,0.37848657,0.42850208
mp-1188697,Zr5Ir3,Ir,Ir,False,3.216538620388216,0.40974948,0.44421577,0.3760078,0.3760078,0.40999103
mp-1188697,Zr5Ir3,Ir,Ir,False,3.2165386203882167,0.40974948,0.44421577,0.3760078,0.3760078,0.40999103
mp-1188697,Zr5Ir3,Ir,Ir,False,4.223175310092778,0.4190563,0.44612792,0.3744833,0.3744833,0.41322246
mp-1188697,Zr5Ir3,Ir,Zr,True,2.7906213277370586,0.4637219,0.4527013,0.3764221,0.3764221,0.4309484
mp-1188697,Zr5Ir3,Ir,Zr,True,2.79062193438281,0.4637219,0.45932388,0.38314444,0.38314444,0.43539676
mp-1188697,Zr5Ir3,Ir,Zr,True,2.824334084076082,0.46306705,0.45923847,0.37260774,0.37260774,0.43163776
mp-1188697,Zr5Ir3,Ir,Zr,True,2.824334084076082,0.46306705,0.46202618,0.36916593,0.36916593,0.43141973
mp-1188697,Zr5Ir3,Ir,Zr,True,2.82433674030847,0.463067,0.45520422,0.37649322,0.37649322,0.43158814
mp-1188697,Zr5Ir3,Ir,Zr,True,2.82433674030847,0.463067,0.46202612,0.37024868,0.37024868,0.43178058
mp-1188697,Zr5Ir3,Ir,Zr,True,2.8923448166936767,0.46109158,0.45976093,0.38314423,0.38314423,0.4346656
mp-1188697,Zr5Ir3,Ir,Zr,True,3.0269915341354783,0.45847166,0.46138713,0.38187996,0.38187996,0.4339129
mp-1188697,Zr5Ir3,Ir,Zr,True,3.026991534135479,0.45847166,0.46138713,0.38187996,0.38187996,0.4339129
mp-1188697,Zr5Ir3,Ir,Ir,False,3.216538455014592,0.40974945,0.44403112,0.35668382,0.35668382,0.40348813
mp-1188697,Zr5Ir3,Ir,Ir,False,3.216538455014593,0.40974945,0.44403112,0.35668382,0.35668382,0.40348813
mp-1188697,Zr5Ir3,Ir,Ir,False,4.2231753100927785,0.4190563,0.44754973,0.3818997,0.3818997,0.41616857
mp-1188697,Zr5Ir3,Ir,Zr,True,2.7906213277370586,0.4637219,0.45263088,0.36808068,0.36808068,0.42814445
mp-1188697,Zr5Ir3,Ir,Zr,True,2.79062193438281,0.4637219,0.45900184,0.37400693,0.37400693,0.4322436
mp-1188697,Zr5Ir3,Ir,Zr,True,2.824334084076082,0.46306705,0.4558546,0.36824638,0.36824638,0.42905602
mp-1188697,Zr5Ir3,Ir,Zr,True,2.824334084076082,0.46306705,0.45964473,0.3630776,0.3630776,0.42859647
mp-1188697,Zr5Ir3,Ir,Zr,True,2.82433674030847,0.463067,0.45954096,0.36524475,0.36524475,0.42928424
mp-1188697,Zr5Ir3,Ir,Zr,True,2.82433674030847,0.463067,0.45964468,0.36249453,0.36249453,0.42840207
mp-1188697,Zr5Ir3,Ir,Zr,True,2.8923448166936767,0.46109158,0.45935676,0.3721013,0.3721013,0.43084988
mp-1188697,Zr5Ir3,Ir,Zr,True,3.0269915341354783,0.45847166,0.46099842,0.37222677,0.37222677,0.4305656
mp-1188697,Zr5Ir3,Ir,Zr,True,3.026991534135479,0.45847166,0.46099842,0.37222677,0.37222677,0.4305656
mp-1188697,Zr5Ir3,Ir,Ir,False,3.216538455014592,0.40974945,0.4477981,0.36005554,0.36005554,0.4058677
mp-1188697,Zr5Ir3,Ir,Ir,False,3.216538455014593,0.40974945,0.4477981,0.36005554,0.36005554,0.4058677
mp-1188697,Zr5Ir3,Ir,Ir,False,4.2231753100927785,0.4190563,0.45127636,0.37465325,0.37465325,0.4149953
mp-1306034,Li2V3WO8,Li,O,True,2.030001677149739,0.40590048,0.31316367,0.37491062,0.37491062,0.36465824
mp-1306034,Li2V3WO8,Li,O,True,2.0308191357688017,0.40587172,0.30977964,0.3888686,0.3888686,0.36817333
mp-1306034,Li2V3WO8,Li,O,True,2.055555612356436,0.40487596,0.30927235,0.40541905,0.40541905,0.37318912
mp-1306034,Li2V3WO8,Li,O,True,2.0651469314511246,0.40443504,0.3182535,0.38709018,0.38709018,0.36992624
mp-1306034,Li2V3WO8,Li,O,True,3.5057430454973417,0.39213225,0.3051334,0.37894678,0.37894678,0.35873747
mp-1306034,Li2V3WO8,Li,O,True,3.5086105286268348,0.39218056,0.30543688,0.36712685,0.36712685,0.35491475
mp-1306034,Li2V3WO8,Li,V,True,3.5097573399076554,0.3484857,0.3032178,0.50613713,0.50613713,0.38594687
mp-1306034,Li2V3WO8,Li,O,True,3.523234580739672,0.392429,0.31220883,0.3807332,0.3807332,0.36179033
mp-1306034,Li2V3WO8,Li,O,True,3.5257879594542176,0.39247257,0.30569705,0.39473972,0.39473972,0.3643031
mp-1306034,Li2V3WO8,Li,O,True,3.5307425943042774,0.39255717,0.3121237,0.3809944,0.3809944,0.36189175
mp-1306034,Li2V3WO8,Li,W,True,3.531616718613491,0.34491485,0.3013401,0.47231248,0.47231248,0.3728558
mp-1306034,Li2V3WO8,Li,W,True,3.5382997568525663,0.34500444,0.30123758,0.47243074,0.47243074,0.37289092
mp-1306034,Li2V3WO8,Li,O,True,2.0300061573315125,0.40590033,0.31316426,0.3749099,0.3749099,0.36465815
mp-1306034,Li2V3WO8,Li,O,True,2.030809072294046,0.4058721,0.30978018,0.3888665,0.3888665,0.3681729
mp-1306034,Li2V3WO8,Li,O,True,2.055579612608267,0.40487495,0.30927327,0.40541685,0.40541685,0.37318835
mp-1306034,Li2V3WO8,Li,O,True,2.0651272039377218,0.40443593,0.3182539,0.3870893,0.3870893,0.36992636
mp-1306034,Li2V3WO8,Li,O,True,3.505753464647239,0.39213243,0.30513287,0.37895077,0.37895077,0.35873866
mp-1306034,Li2V3WO8,Li,O,True,3.508632933344781,0.39218098,0.30543607,0.36712852,0.36712852,0.35491517
mp-1306034,Li2V3WO8,Li,V,True,3.509836387795513,0.34848619,0.30321756,0.50613904,0.50613904,0.3859476
mp-1306034,Li2V3WO8,Li,O,True,3.523251424748558,0.39242926,0.3122086,0.3807356,0.3807356,0.36179116
mp-1306034,Li2V3WO8,Li,O,True,3.525748370941098,0.39247188,0.3056961,0.39474142,0.39474142,0.3643031
mp-1306034,Li2V3WO8,Li,O,True,3.530728115094007,0.3925569,0.31212378,0.38099572,0.38099572,0.36189213
mp-1306034,Li2V3WO8,Li,W,True,3.5316853597044755,0.34491578,0.30133912,0.47231463,0.47231463,0.3728565
mp-1306034,Li2V3WO8,Li,W,True,3.5382638359372818,0.34500393,0.3012382,0.472431,0.472431,0.37289104
mp-1306034,Li2V3WO8,V,O,True,2.029552871801763,0.45895067,0.46210948,0.4745423,0.4745423,0.4652008
mp-1306034,Li2V3WO8,V,O,True,2.0296097223822773,0.45894873,0.46210802,0.47453877,0.47453877,0.46519852
mp-1306034,Li2V3WO8,V,O,True,2.084733629297338,0.4566032,0.46856534,0.43816608,0.43816608,0.4544449
mp-1306034,Li2V3WO8,V,O,True,2.0847488774004517,0.45660248,0.46856588,0.43816543,0.43816543,0.45444462
mp-1306034,Li2V3WO8,V,O,True,2.0862875913328325,0.45652708,0.46016973,0.44291767,0.44291767,0.45320484
mp-1306034,Li2V3WO8,V,O,True,2.086324800479981,0.4565253,0.4601688,0.44291484,0.44291484,0.45320296
mp-1306034,Li2V3WO8,V,V,False,3.018997432109587,0.41690236,0.40113568,0.54498845,0.54498845,0.45434216
mp-1306034,Li2V3WO8,V,V,False,3.0190802059699258,0.41690117,0.40113556,0.5449877,0.5449877,0.4543415
mp-1306034,Li2V3WO8,V,V,False,3.020342812674307,0.41688347,0.40096965,0.545098,0.545098,0.454317
mp-1306034,Li2V3WO8,V,V,False,3.0204267316295463,0.41688228,0.40096956,0.54509723,0.54509723,0.45431638
mp-1306034,Li2V3WO8,V,W,True,3.1058425273000343,0.4147909,0.42338818,0.5203845,0.5203845,0.45285454
mp-1306034,Li2V3WO8,V,W,True,3.105904638195854,0.4147918,0.42338997,0.5203836,0.5203836,0.4528551
mp-1306034,Li2V3WO8,V,O,True,2.0253489111827148,0.4590878,0.4645009,0.45600075,0.45600075,0.45986316
mp-1306034,Li2V3WO8,V,O,True,2.0253626471276562,0.45908734,0.46450004,0.45599762,0.45599762,0.45986167
mp-1306034,Li2V3WO8,V,O,True,2.057831046690617,0.4578543,0.46805358,0.41760656,0.41760656,0.44783816
mp-1306034,Li2V3WO8,V,O,True,2.0578389326964293,0.45785397,0.4680541,0.41760606,0.41760606,0.44783807
mp-1306034,Li2V3WO8,V,O,True,2.1226449193658143,0.45471215,0.45980465,0.43010056,0.43010056,0.4482058
mp-1306034,Li2V3WO8,V,O,True,2.1226466992477966,0.45471203,0.45980415,0.43009993,0.43009993,0.44820538
mp-1306034,Li2V3WO8,V,V,False,3.0203428126743077,0.41688347,0.38314968,0.55033815,0.55033815,0.4501238
mp-1306034,Li2V3WO8,V,V,False,3.0204267316295454,0.41688228,0.38314956,0.5503377,0.5503377,0.45012316
mp-1306034,Li2V3WO8,V,V,False,3.033188147387236,0.4167341,0.39540213,0.5392171,0.5392171,0.45045114
mp-1306034,Li2V3WO8,V,V,False,3.0331881957604723,0.4167341,0.39540213,0.5392171,0.5392171,0.45045114
mp-1306034,Li2V3WO8,V,W,True,3.053737642165077,0.4142753,0.41383654,0.51258475,0.51258475,0.44689885
mp-1306034,Li2V3WO8,V,W,True,3.0538102540002496,0.4142756,0.41383794,0.512584,0.512584,0.44689918
mp-1306034,Li2V3WO8,V,O,True,2.0242101084704256,0.4591236,0.46428758,0.45798177,0.45798177,0.46046433
mp-1306034,Li2V3WO8,V,O,True,2.024216038502722,0.45912343,0.46428788,0.4579842,0.4579842,0.4604652
mp-1306034,Li2V3WO8,V,O,True,2.05847538784239,0.45782632,0.4609677,0.4305186,0.4305186,0.4497709
mp-1306034,Li2V3WO8,V,O,True,2.0585075529361987,0.4578249,0.46096677,0.43051553,0.43051553,0.44976905
mp-1306034,Li2V3WO8,V,O,True,2.125340148884352,0.4545787,0.45956653,0.43155435,0.43155435,0.44856653
mp-1306034,Li2V3WO8,V,O,True,2.1253491217210625,0.45457825,0.4595659,0.43155348,0.43155348,0.44856587
mp-1306034,Li2V3WO8,V,V,False,3.0189974321095874,0.41690236,0.3829211,0.5515842,0.5515842,0.45046923
mp-1306034,Li2V3WO8,V,V,False,3.0190802059699258,0.41690117,0.38292098,0.55158377,0.55158377,0.45046863
mp-1306034,Li2V3WO8,V,V,False,3.033188147387236,0.4167341,0.39510703,0.53964937,0.53964937,0.45049682
mp-1306034,Li2V3WO8,V,V,False,3.0331881957604727,0.4167341,0.39510703,0.53964937,0.53964937,0.45049682
mp-1306034,Li2V3WO8,V,W,True,3.0507148451841983,0.41426605,0.41357774,0.51399297,0.51399297,0.4472789
mp-1306034,Li2V3WO8,V,W,True,3.0508242019028615,0.41426626,0.41357976,0.5139917,0.5139917,0.44727924
mp-1306034,Li2V3WO8,W,O,True,1.9669270495987294,0.4697929,0.40469614,0.45049718,0.45049718,0.44166207
mp-1306034,Li2V3WO8,W,O,True,1.967043074058441,0.46979398,0.40469688,0.45049956,0.45049956,0.44166347
mp-1306034,Li2V3WO8,W,O,True,2.052251392821109,0.46854883,0.40161195,0.4618202,0.4618202,0.44399366
mp-1306034,Li2V3WO8,W,O,True,2.0522985135726826,0.4685471,0.4016123,0.46181953,0.46181953,0.44399297
mp-1306034,Li2V3WO8,W,O,True,2.052496801516385,0.46854,0.40422636,0.44866616,0.44866616,0.44047752
mp-1306034,Li2V3WO8,W,O,True,2.0525117319054296,0.46853945,0.40422592,0.44866663,0.44866663,0.44047734
mp-1306034,Li2V3WO8,W,V,True,3.050714845184198,0.42683482,0.37478885,0.47678167,0.47678167,0.42613515
mp-1306034,Li2V3WO8,W,V,True,3.0508242019028615,0.42683408,0.37478656,0.47678077,0.47678077,0.42613378
mp-1306034,Li2V3WO8,W,V,True,3.053737642165076,0.42681497,0.37471348,0.47652748,0.47652748,0.42601863
mp-1306034,Li2V3WO8,W,V,True,3.05381025400025,0.4268145,0.37471202,0.4765269,0.4765269,0.4260178
mp-1306034,Li2V3WO8,W,V,True,3.1058425273000347,0.42679664,0.37305814,0.50423115,0.50423115,0.43469533
mp-1306034,Li2V3WO8,W,V,True,3.1059046381958546,0.4267969,0.37305778,0.5042305,0.5042305,0.4346951
mp-1306034,Li2V3WO8,O,V,True,2.0242160385027215,0.41911334,0.38231066,0.522745,0.522745,0.44138968
mp-1306034,Li2V3WO8,O,V,True,2.025348911182715,0.41910928,0.382317,0.5204125,0.5204125,0.44061294
mp-1306034,Li2V3WO8,O,V,True,2.0295528718017635,0.4190883,0.3846239,0.54633653,0.54633653,0.45001626
mp-1306034,Li2V3WO8,O,Li,True,2.0555556123564362,0.46011844,0.46711487,0.42526305,0.42526305,0.45083213
mp-1306034,Li2V3WO8,O,O,False,2.7565540101436152,0.44029394,0.40691695,0.40025032,0.40025032,0.4158204
mp-1306034,Li2V3WO8,O,O,False,2.759097990167946,0.44027308,0.4017418,0.40681297,0.40681297,0.41627598
mp-1306034,Li2V3WO8,O,O,False,2.816870154682962,0.4391343,0.41000476,0.40267587,0.40267587,0.41727164
mp-1306034,Li2V3WO8,O,O,False,3.0094712570986233,0.431392,0.39208308,0.410907,0.410907,0.41146073
mp-1306034,Li2V3WO8,O,O,False,3.0124690810712127,0.43131062,0.39976138,0.402735,0.402735,0.41126898
mp-1306034,Li2V3WO8,O,O,False,3.046407790401097,0.43057185,0.40396243,0.40560853,0.40560853,0.41338095
mp-1306034,Li2V3WO8,O,O,False,3.048645305110868,0.43053478,0.40399185,0.40562043,0.40562043,0.41338238
mp-1306034,Li2V3WO8,O,O,False,3.0547093465571105,0.4304415,0.3926013,0.4112449,0.4112449,0.41142926
mp-1306034,Li2V3WO8,O,Li,True,2.030001677149739,0.46158653,0.4545313,0.4286085,0.4286085,0.4482421
mp-1306034,Li2V3WO8,O,W,True,2.0525117319054287,0.4195484,0.35346913,0.5038283,0.5038283,0.42561528
mp-1306034,Li2V3WO8,O,V,True,2.057831046690616,0.41871688,0.3678981,0.51106215,0.51106215,0.43255904
mp-1306034,Li2V3WO8,O,V,True,2.0847336292973386,0.4180346,0.37024087,0.53247195,0.53247195,0.44024912
mp-1306034,Li2V3WO8,O,O,False,2.7304104293943254,0.44037145,0.3957209,0.40648407,0.40648407,0.4141921
mp-1306034,Li2V3WO8,O,O,False,2.732030950895247,0.44037366,0.40709305,0.40461078,0.40461078,0.41735914
mp-1306034,Li2V3WO8,O,O,False,2.7565540101436157,0.44029394,0.3921166,0.4256832,0.4256832,0.4193646
mp-1306034,Li2V3WO8,O,O,False,2.9495353561118685,0.43352085,0.39832014,0.40834233,0.40834233,0.41339445
mp-1306034,Li2V3WO8,O,O,False,3.0124741504944503,0.4313105,0.38216996,0.42976317,0.42976317,0.41441455
mp-1306034,Li2V3WO8,O,O,False,3.05485478451448,0.43043938,0.38261506,0.4302354,0.4302354,0.41442993
mp-1306034,Li2V3WO8,O,O,False,3.064989587329282,0.43030617,0.38500988,0.41257262,0.41257262,0.40929624
mp-1306034,Li2V3WO8,O,O,False,3.1531715835358516,0.43005577,0.38852507,0.41293633,0.41293633,0.41050574
mp-1306034,Li2V3WO8,O,Li,True,2.030819135768802,0.46154365,0.45896816,0.41591048,0.41591048,0.44547412
mp-1306034,Li2V3WO8,O,W,True,2.052251392821108,0.41955826,0.36131072,0.49788862,0.49788862,0.4262525
mp-1306034,Li2V3WO8,O,V,True,2.05847538784239,0.41870397,0.37591267,0.50692016,0.50692016,0.4338456
mp-1306034,Li2V3WO8,O,V,True,2.0862875913328343,0.41798705,0.37879586,0.53388786,0.53388786,0.44355693
mp-1306034,Li2V3WO8,O,O,False,2.7304104293943254,0.44037145,0.40078577,0.39559835,0.39559835,0.41225186
mp-1306034,Li2V3WO8,O,O,False,2.7375031863475723,0.44037443,0.4063056,0.3935086,0.3935086,0.4133962
mp-1306034,Li2V3WO8,O,O,False,2.759097990167947,0.44027308,0.39235598,0.41903067,0.41903067,0.4172199
mp-1306034,Li2V3WO8,O,O,False,2.944102531097199,0.43375307,0.399648,0.39753288,0.39753288,0.4103113
mp-1306034,Li2V3WO8,O,O,False,3.0095113901882606,0.4313909,0.38357323,0.42439306,0.42439306,0.41311908
mp-1306034,Li2V3WO8,O,O,False,3.054671700424811,0.43044204,0.38402328,0.42481938,0.42481938,0.41309488
mp-1306034,Li2V3WO8,O,O,False,3.064973812381631,0.4303064,0.39456245,0.4002879,0.4002879,0.4083856
mp-1306034,Li2V3WO8,O,O,False,3.153186984198681,0.43005583,0.39780545,0.40051642,0.40051642,0.40945923
mp-1306034,Li2V3WO8,O,W,True,1.96692704959873,0.42145443,0.3598177,0.50369734,0.50369734,0.42832318
mp-1306034,Li2V3WO8,O,Li,True,2.065146931451124,0.45951182,0.46285307,0.42167294,0.42167294,0.4480126
mp-1306034,Li2V3WO8,O,V,True,2.1226449193658143,0.41669422,0.36799788,0.502937,0.502937,0.4292097
mp-1306034,Li2V3WO8,O,V,True,2.125340148884352,0.41658825,0.3680693,0.50497305,0.50497305,0.4298769
mp-1306034,Li2V3WO8,O,O,False,2.7320309508952474,0.44037366,0.4092225,0.40085888,0.40085888,0.41681835
mp-1306034,Li2V3WO8,O,O,False,2.7375031863475723,0.44037443,0.40398207,0.3986533,0.3986533,0.4143366
mp-1306034,Li2V3WO8,O,O,False,2.816870154682962,0.4391343,0.3977152,0.41797724,0.41797724,0.4182756
mp-1306034,Li2V3WO8,O,O,False,2.9440933013048705,0.4337535,0.39519036,0.40389672,0.40389672,0.41094685
mp-1306034,Li2V3WO8,O,O,False,2.9494878153023683,0.4335228,0.40305102,0.40437183,0.40437183,0.41364858
mp-1306034,Li2V3WO8,O,O,False,3.0464063361521423,0.43057185,0.39166492,0.42294428,0.42294428,0.41506037
mp-1306034,Li2V3WO8,O,O,False,3.0486558149946763,0.4305346,0.39170676,0.42296124,0.42296124,0.41506752
mp-1306034,Li2V3WO8,O,O,False,3.1646432947836396,0.43009862,0.39888048,0.40632218,0.40632218,0.4117671
mp-1306034,Li2V3WO8,O,W,True,1.9670430740584406,0.42145386,0.3598173,0.5036949,0.5036949,0.428322
mp-1306034,Li2V3WO8,O,Li,True,2.0651272039377235,0.45951307,0.46285313,0.42167178,0.42167178,0.44801268
mp-1306034,Li2V3WO8,O,V,True,2.122646699247796,0.4166941,0.36799797,0.50293475,0.50293475,0.4292089
mp-1306034,Li2V3WO8,O,V,True,2.125349121721063,0.4165879,0.36806944,0.50497055,0.50497055,0.42987597
mp-1306034,Li2V3WO8,O,O,False,2.7320295899681635,0.4403737,0.40922433,0.40085542,0.40085542,0.4168178
mp-1306034,Li2V3WO8,O,O,False,2.737535768898863,0.44037443,0.40398422,0.39864892,0.39864892,0.41433588
mp-1306034,Li2V3WO8,O,O,False,2.8168804729323123,0.439134,0.3977184,0.41797388,0.41797388,0.41827545
mp-1306034,Li2V3WO8,O,O,False,2.944102531097199,0.43375307,0.3951898,0.40389723,0.40389723,0.4109467
mp-1306034,Li2V3WO8,O,O,False,2.949535356111869,0.43352085,0.40305126,0.40437192,0.40437192,0.413648
mp-1306034,Li2V3WO8,O,O,False,3.046407790401097,0.43057185,0.39166418,0.42294315,0.42294315,0.41505972
mp-1306034,Li2V3WO8,O,O,False,3.048645305110869,0.43053478,0.3917058,0.42296004,0.42296004,0.41506687
mp-1306034,Li2V3WO8,O,O,False,3.1646350255372515,0.4300986,0.3988795,0.40632236,0.40632236,0.4117668
mp-1306034,Li2V3WO8,O,Li,True,2.030809072294045,0.46154422,0.45896748,0.4159098,0.4159098,0.44547382
mp-1306034,Li2V3WO8,O,W,True,2.0522985135726826,0.4195565,0.36130816,0.49788782,0.49788782,0.42625082
mp-1306034,Li2V3WO8,O,V,True,2.058507552936199,0.41870338,0.3759129,0.5069179,0.5069179,0.43384472
mp-1306034,Li2V3WO8,O,V,True,2.0863248004799804,0.41798592,0.3787954,0.5338856,0.5338856,0.44355562
mp-1306034,Li2V3WO8,O,O,False,2.7303952505996123,0.44037145,0.40078628,0.3955962,0.3955962,0.41225132
mp-1306034,Li2V3WO8,O,O,False,2.737535768898863,0.44037443,0.4063054,0.39350593,0.39350593,0.41339526
mp-1306034,Li2V3WO8,O,O,False,2.7590949646571716,0.4402731,0.39235818,0.41902792,0.41902792,0.41721973
mp-1306034,Li2V3WO8,O,O,False,2.94409330130487,0.4337535,0.3996482,0.3975327,0.3975327,0.41031146
mp-1306034,Li2V3WO8,O,O,False,3.009471257098624,0.431392,0.3835711,0.4243924,0.4243924,0.4131185
mp-1306034,Li2V3WO8,O,O,False,3.054709346557109,0.4304415,0.38402194,0.4248195,0.4248195,0.4130943
mp-1306034,Li2V3WO8,O,O,False,3.0649895873292823,0.43030617,0.39456245,0.4002882,0.4002882,0.4083856
mp-1306034,Li2V3WO8,O,O,False,3.1531715835358516,0.43005577,0.3978043,0.4005166,0.4005166,0.40945888
mp-1306034,Li2V3WO8,O,Li,True,2.0300061573315125,0.46158633,0.4545317,0.42860866,0.42860866,0.44824222
mp-1306034,Li2V3WO8,O,W,True,2.0524968015163845,0.41954893,0.353469,0.5038286,0.5038286,0.42561552
mp-1306034,Li2V3WO8,O,V,True,2.0578389326964306,0.41871673,0.36789817,0.51106143,0.51106143,0.43255877
mp-1306034,Li2V3WO8,O,V,True,2.0847488774004517,0.41803414,0.3702409,0.53247094,0.53247094,0.44024864
mp-1306034,Li2V3WO8,O,O,False,2.7303952505996123,0.44037145,0.39572346,0.406481,0.406481,0.41419196
mp-1306034,Li2V3WO8,O,O,False,2.7320295899681644,0.4403737,0.4070934,0.4046086,0.4046086,0.41735855
mp-1306034,Li2V3WO8,O,O,False,2.756527348896503,0.4402942,0.39212042,0.4256811,0.4256811,0.41936526
mp-1306034,Li2V3WO8,O,O,False,2.9494878153023674,0.4335228,0.3983223,0.40834177,0.40834177,0.41339564
mp-1306034,Li2V3WO8,O,O,False,3.0124690810712136,0.43131062,0.3821684,0.42976367,0.42976367,0.41441426
mp-1306034,Li2V3WO8,O,O,False,3.0548673526736976,0.4304392,0.38261384,0.43023607,0.43023607,0.4144297
mp-1306034,Li2V3WO8,O,O,False,3.064973812381632,0.4303064,0.38500834,0.41257387,0.41257387,0.40929618
mp-1306034,Li2V3WO8,O,O,False,3.1531869841986806,0.43005583,0.38852465,0.41293773,0.41293773,0.4105061
mp-1306034,Li2V3WO8,O,V,True,2.0242101084704256,0.41911334,0.382309,0.52274376,0.52274376,0.4413887
mp-1306034,Li2V3WO8,O,V,True,2.0253626471276562,0.41910923,0.38231587,0.5204111,0.5204111,0.44061208
mp-1306034,Li2V3WO8,O,V,True,2.0296097223822773,0.419088,0.3846231,0.54633534,0.54633534,0.45001546
mp-1306034,Li2V3WO8,O,Li,True,2.0555796126082675,0.46011698,0.46711418,0.42526105,0.42526105,0.45083073
mp-1306034,Li2V3WO8,O,O,False,2.756527348896503,0.4402942,0.4069171,0.40024894,0.40024894,0.4158201
mp-1306034,Li2V3WO8,O,O,False,2.7590949646571716,0.4402731,0.40174326,0.4068102,0.4068102,0.4162755
mp-1306034,Li2V3WO8,O,O,False,2.8168804729323123,0.439134,0.41000414,0.402674,0.402674,0.4172707
mp-1306034,Li2V3WO8,O,O,False,3.0095113901882606,0.4313909,0.39208102,0.41090882,0.41090882,0.41146025
mp-1306034,Li2V3WO8,O,O,False,3.0124741504944508,0.4313105,0.39976004,0.40273568,0.40273568,0.41126874
mp-1306034,Li2V3WO8,O,O,False,3.046406336152142,0.43057185,0.40396142,0.40560907,0.40560907,0.41338077
mp-1306034,Li2V3WO8,O,O,False,3.0486558149946763,0.4305346,0.40399095,0.405621,0.405621,0.4133822
mp-1306034,Li2V3WO8,O,O,False,3.0546717004248105,0.43044204,0.3925984,0.41124615,0.41124615,0.41142884
mp-764481,LiMnV(P2O7)2,Li,O,True,1.9794010131047637,0.4070449,0.3686842,0.4807251,0.4807251,0.4188181
mp-764481,LiMnV(P2O7)2,Li,O,True,1.9926535249559834,0.4068715,0.35999793,0.44538078,0.44538078,0.4040834
mp-764481,LiMnV(P2O7)2,Li,O,True,2.00701442091638,0.4065807,0.3620045,0.47328752,0.47328752,0.4139576
mp-764481,LiMnV(P2O7)2,Li,O,True,2.170764499191133,0.39938173,0.3625501,0.42117137,0.42117137,0.39436772
mp-764481,LiMnV(P2O7)2,Li,O,True,2.7952574237755003,0.39774206,0.35434353,0.45388454,0.45388454,0.40199003
mp-764481,LiMnV(P2O7)2,Li,P,True,2.981824911901975,0.36655393,0.34146312,0.5077441,0.5077441,0.40525374
mp-764481,LiMnV(P2O7)2,Li,V,True,3.0319428658619394,0.34953406,0.35435396,0.5403254,0.5403254,0.41473782
mp-764481,LiMnV(P2O7)2,Li,P,True,3.0355193608917483,0.36604157,0.33436257,0.5118194,0.5118194,0.40407452
mp-764481,LiMnV(P2O7)2,Li,O,True,3.088197864522583,0.39060414,0.35728675,0.42708656,0.42708656,0.39165914
mp-764481,LiMnV(P2O7)2,Li,P,True,3.1215911240534484,0.36588305,0.3374008,0.50128907,0.50128907,0.4015243
mp-764481,LiMnV(P2O7)2,Li,Mn,True,3.1261818183152887,0.34725678,0.35012582,0.5129638,0.5129638,0.4034488
mp-764481,LiMnV(P2O7)2,Li,O,True,3.150433490241008,0.39048573,0.34646836,0.4389353,0.4389353,0.39196312
mp-764481,LiMnV(P2O7)2,Li,O,True,1.9828845611951245,0.4070081,0.36885387,0.48410496,0.48410496,0.419989
mp-764481,LiMnV(P2O7)2,Li,O,True,1.9902283023447285,0.40691003,0.36147702,0.47530717,0.47530717,0.41456476
mp-764481,LiMnV(P2O7)2,Li,O,True,1.992203689494384,0.4068789,0.36024055,0.43669116,0.43669116,0.40127018
mp-764481,LiMnV(P2O7)2,Li,O,True,2.1669907019746364,0.3995298,0.3628891,0.42337206,0.42337206,0.39526367
mp-764481,LiMnV(P2O7)2,Li,O,True,2.7960123399034345,0.3977309,0.35761982,0.44412106,0.44412106,0.3998239
mp-764481,LiMnV(P2O7)2,Li,P,True,2.9754170492780756,0.3666426,0.3416843,0.50466835,0.50466835,0.40433177
mp-764481,LiMnV(P2O7)2,Li,V,True,3.0268593316659755,0.3495589,0.35430846,0.5402756,0.5402756,0.4147143
mp-764481,LiMnV(P2O7)2,Li,P,True,3.0349591821415656,0.36604482,0.3344463,0.49785486,0.49785486,0.39944866
mp-764481,LiMnV(P2O7)2,Li,O,True,3.0823060667146427,0.39063576,0.35137308,0.4242681,0.4242681,0.388759
mp-764481,LiMnV(P2O7)2,Li,Mn,True,3.1196164666457626,0.34720135,0.352886,0.50902605,0.50902605,0.4030378
mp-764481,LiMnV(P2O7)2,Li,P,True,3.151045387768412,0.3658462,0.33794087,0.5142661,0.5142661,0.4060177
mp-764481,LiMnV(P2O7)2,Li,O,True,3.1524869605380896,0.3904853,0.3469246,0.44134033,0.44134033,0.39291677
mp-764481,LiMnV(P2O7)2,Li,O,True,1.9513695492556657,0.40712187,0.36007994,0.44074768,0.44074768,0.4026498
mp-764481,LiMnV(P2O7)2,Li,O,True,1.9614556271610883,0.40713763,0.3648951,0.44608733,0.44608733,0.40604004
mp-764481,LiMnV(P2O7)2,Li,O,True,1.9766508312291313,0.40706956,0.36303836,0.4541199,0.4541199,0.40807593
mp-764481,LiMnV(P2O7)2,Li,O,True,2.051028458050256,0.40507478,0.37097448,0.46355826,0.46355826,0.41320252
mp-764481,LiMnV(P2O7)2,Li,P,True,2.9148731573001947,0.36769447,0.34415966,0.4455217,0.4455217,0.38579193
mp-764481,LiMnV(P2O7)2,Li,O,True,2.9402221120127594,0.39346883,0.3458568,0.424837,0.424837,0.38805422
mp-764481,LiMnV(P2O7)2,Li,Mn,True,2.984657371569383,0.3463574,0.34780976,0.50940776,0.50940776,0.40119162
mp-764481,LiMnV(P2O7)2,Li,O,True,3.0473847512267813,0.39094493,0.3515547,0.42445648,0.42445648,0.38898537
mp-764481,LiMnV(P2O7)2,Li,V,True,3.047822678200311,0.34949052,0.35412437,0.537828,0.537828,0.4138143
mp-764481,LiMnV(P2O7)2,Li,P,True,3.0610358912637627,0.36593622,0.3404335,0.5305883,0.5305883,0.41231933
mp-764481,LiMnV(P2O7)2,Li,O,True,3.107362609969601,0.39053303,0.35084674,0.45344436,0.45344436,0.3982747
mp-764481,LiMnV(P2O7)2,Li,P,True,3.132338075170387,0.36587596,0.33643734,0.49603468,0.49603468,0.39944935
mp-764481,LiMnV(P2O7)2,Li,O,True,1.9825202426663717,0.40701228,0.36910456,0.48499405,0.48499405,0.4203703
mp-764481,LiMnV(P2O7)2,Li,O,True,1.9897207926763019,0.40691772,0.36169335,0.4811116,0.4811116,0.41657424
mp-764481,LiMnV(P2O7)2,Li,O,True,1.9951633098855956,0.4068284,0.3607848,0.44864988,0.44864988,0.40542102
mp-764481,LiMnV(P2O7)2,Li,O,True,2.1419342227866216,0.40061104,0.36098504,0.43950164,0.43950164,0.40036592
mp-764481,LiMnV(P2O7)2,Li,O,True,2.8374365391972938,0.3968608,0.3523576,0.454915,0.454915,0.4013778
mp-764481,LiMnV(P2O7)2,Li,P,True,2.9770108215287716,0.36662006,0.34161967,0.5081623,0.5081623,0.40546736
mp-764481,LiMnV(P2O7)2,Li,P,True,3.0280447598988838,0.3660881,0.33957452,0.5096195,0.5096195,0.40509403
mp-764481,LiMnV(P2O7)2,Li,V,True,3.029088616164424,0.34954727,0.35451937,0.5456145,0.5456145,0.41656038
mp-764481,LiMnV(P2O7)2,Li,O,True,3.0930492303147648,0.3905818,0.3573379,0.43408284,0.43408284,0.39400086
mp-764481,LiMnV(P2O7)2,Li,Mn,True,3.112007386779279,0.3471315,0.35320154,0.5140088,0.5140088,0.40478063
mp-764481,LiMnV(P2O7)2,Li,O,True,3.142741629866787,0.390488,0.34632134,0.4459409,0.4459409,0.39425007
mp-764481,LiMnV(P2O7)2,Li,P,True,3.1510040540204725,0.3658463,0.33802393,0.50313026,0.50313026,0.4023335
mp-764481,LiMnV(P2O7)2,Mn,O,True,1.9327829265558125,0.45471606,0.5625695,0.44809324,0.44809324,0.4884596
mp-764481,LiMnV(P2O7)2,Mn,O,True,1.9595970986021287,0.4548537,0.5614093,0.4368179,0.4368179,0.4843603
mp-764481,LiMnV(P2O7)2,Mn,O,True,1.989802213518935,0.45462933,0.5575547,0.42010102,0.42010102,0.47742835
mp-764481,LiMnV(P2O7)2,Mn,O,True,2.0570750242203952,0.45256847,0.5517645,0.4450562,0.4450562,0.48312974
mp-764481,LiMnV(P2O7)2,Mn,O,True,2.113146233267358,0.44983408,0.55727565,0.44683373,0.44683373,0.48464784
mp-764481,LiMnV(P2O7)2,Mn,O,True,2.2492247355781094,0.4446851,0.54094,0.45575237,0.45575237,0.48045912
mp-764481,LiMnV(P2O7)2,Mn,Li,True,3.112007386779278,0.44765288,0.5730921,0.44617534,0.44617534,0.48897347
mp-764481,LiMnV(P2O7)2,Mn,P,True,3.19896587864684,0.41354707,0.503138,0.511026,0.511026,0.47590372
mp-764481,LiMnV(P2O7)2,Mn,P,True,3.1998840151194874,0.4135641,0.51705575,0.4793791,0.4793791,0.46999964
mp-764481,LiMnV(P2O7)2,Mn,P,True,3.2700008044692828,0.4149826,0.5242357,0.51463765,0.51463765,0.48461866
mp-764481,LiMnV(P2O7)2,Mn,P,True,3.2755179746608847,0.4151037,0.52128464,0.48377582,0.48377582,0.47338808
mp-764481,LiMnV(P2O7)2,Mn,P,True,3.3919353971371065,0.41796207,0.5152215,0.49065802,0.49065802,0.47461388
mp-764481,LiMnV(P2O7)2,Mn,O,True,1.9392690665766186,0.45477468,0.56302845,0.4468686,0.4468686,0.48822394
mp-764481,LiMnV(P2O7)2,Mn,O,True,1.9394586411243717,0.45477623,0.5609272,0.43945414,0.43945414,0.4850525
mp-764481,LiMnV(P2O7)2,Mn,O,True,1.9840418573463972,0.4547063,0.54790354,0.4303439,0.4303439,0.47765124
mp-764481,LiMnV(P2O7)2,Mn,O,True,2.0510756493455515,0.45282724,0.55176175,0.44213405,0.44213405,0.482241
mp-764481,LiMnV(P2O7)2,Mn,O,True,2.1222158977169716,0.44938233,0.5573721,0.4435153,0.4435153,0.48342323
mp-764481,LiMnV(P2O7)2,Mn,O,True,2.2535225802373517,0.44458356,0.5409961,0.45701617,0.45701617,0.48086524
mp-764481,LiMnV(P2O7)2,Mn,Li,True,3.1196164666457618,0.4477329,0.57316136,0.44270396,0.44270396,0.48786607
mp-764481,LiMnV(P2O7)2,Mn,P,True,3.1996974643148643,0.41356063,0.51657873,0.48124498,0.48124498,0.47046146
mp-764481,LiMnV(P2O7)2,Mn,P,True,3.2182827235656277,0.41391432,0.52146614,0.5125976,0.5125976,0.48265934
mp-764481,LiMnV(P2O7)2,Mn,P,True,3.2589911119596615,0.41474515,0.52871346,0.49101597,0.49101597,0.4781582
mp-764481,LiMnV(P2O7)2,Mn,P,True,3.2686853616679588,0.41495395,0.5163044,0.51613545,0.51613545,0.48246458
mp-764481,LiMnV(P2O7)2,Mn,P,True,3.3942912799068163,0.41802394,0.5146572,0.47397375,0.47397375,0.46888494
mp-764481,LiMnV(P2O7)2,Mn,O,True,1.943090498409025,0.45480213,0.55728346,0.44002703,0.44002703,0.48403752
mp-764481,LiMnV(P2O7)2,Mn,O,True,1.95424460982562,0.45484942,0.53950685,0.44925106,0.44925106,0.48120245
mp-764481,LiMnV(P2O7)2,Mn,O,True,1.9710807827292656,0.4548197,0.54427934,0.4321176,0.4321176,0.4770722
mp-764481,LiMnV(P2O7)2,Mn,O,True,2.0090829725312602,0.45425072,0.5541669,0.4237702,0.4237702,0.47739592
mp-764481,LiMnV(P2O7)2,Mn,O,True,2.1080774281694317,0.45008898,0.5430125,0.46147346,0.46147346,0.4848583
mp-764481,LiMnV(P2O7)2,Mn,O,True,2.276945692459889,0.44407964,0.5478853,0.41144168,0.41144168,0.4678022
mp-764481,LiMnV(P2O7)2,Mn,Li,True,2.984657371569382,0.4493478,0.55137926,0.45033064,0.45033064,0.48368588
mp-764481,LiMnV(P2O7)2,Mn,P,True,3.1721809267697756,0.41307595,0.4968683,0.48968244,0.48968244,0.46654224
mp-764481,LiMnV(P2O7)2,Mn,P,True,3.2356340496968783,0.41425946,0.49547127,0.5262617,0.5262617,0.47866416
mp-764481,LiMnV(P2O7)2,Mn,P,True,3.244135182616702,0.41443348,0.50207317,0.4908414,0.4908414,0.469116
mp-764481,LiMnV(P2O7)2,Mn,P,True,3.2447609206866037,0.41444635,0.49348664,0.52871424,0.52871424,0.4788824
mp-764481,LiMnV(P2O7)2,Mn,P,True,3.247281462410657,0.41449863,0.49486747,0.49004632,0.49004632,0.4664708
mp-764481,LiMnV(P2O7)2,Mn,O,True,1.936166319941412,0.4547485,0.5550282,0.44686335,0.44686335,0.48554668
mp-764481,LiMnV(P2O7)2,Mn,O,True,1.9495521402818505,0.45483568,0.5559839,0.44093645,0.44093645,0.48391867
mp-764481,LiMnV(P2O7)2,Mn,O,True,1.95792320294831,0.4548537,0.54597175,0.4513309,0.4513309,0.4840521
mp-764481,LiMnV(P2O7)2,Mn,O,True,2.0629889515525965,0.45230323,0.54380727,0.44019848,0.44019848,0.47876966
mp-764481,LiMnV(P2O7)2,Mn,O,True,2.112587021247644,0.44986215,0.5531573,0.4316939,0.4316939,0.47823778
mp-764481,LiMnV(P2O7)2,Mn,O,True,2.249292064083604,0.44468346,0.53196335,0.4546572,0.4546572,0.47710133
mp-764481,LiMnV(P2O7)2,Mn,Li,True,3.1261818183152874,0.44781423,0.562107,0.44422913,0.44422913,0.4847168
mp-764481,LiMnV(P2O7)2,Mn,P,True,3.1895804367085083,0.4133762,0.5093682,0.49117163,0.49117163,0.47130534
mp-764481,LiMnV(P2O7)2,Mn,P,True,3.21197016195073,0.4137922,0.5029188,0.5156987,0.5156987,0.4774699
mp-764481,LiMnV(P2O7)2,Mn,P,True,3.270127724503837,0.41498536,0.5084175,0.47771156,0.47771156,0.46703815
mp-764481,LiMnV(P2O7)2,Mn,P,True,3.2869997089413454,0.4153604,0.5001791,0.51226354,0.51226354,0.47593436
mp-764481,LiMnV(P2O7)2,Mn,P,True,3.378780830042065,0.4176178,0.49828428,0.49294788,0.49294788,0.46961665
mp-764481,LiMnV(P2O7)2,V,O,True,1.8968639818537787,0.459472,0.5502072,0.48628524,0.48628524,0.4986548
mp-764481,LiMnV(P2O7)2,V,O,True,1.9200062544628795,0.45988685,0.5451865,0.49788404,0.49788404,0.5009858
mp-764481,LiMnV(P2O7)2,V,O,True,1.9292258679994518,0.46000522,0.5501253,0.47950897,0.47950897,0.4965465
mp-764481,LiMnV(P2O7)2,V,O,True,1.948025044119068,0.4601498,0.5431726,0.4846534,0.4846534,0.49599195
mp-764481,LiMnV(P2O7)2,V,O,True,2.0046976307962354,0.45964757,0.5454705,0.460884,0.460884,0.48866734
mp-764481,LiMnV(P2O7)2,V,O,True,2.0120214712325426,0.45947137,0.54734534,0.4512042,0.4512042,0.48600698
mp-764481,LiMnV(P2O7)2,V,Li,True,3.03194286586194,0.45980263,0.5605175,0.47361672,0.47361672,0.49797896
mp-764481,LiMnV(P2O7)2,V,P,True,3.1729318715397152,0.41846594,0.542673,0.53950214,0.53950214,0.5002137
mp-764481,LiMnV(P2O7)2,V,P,True,3.1953394138533966,0.41870463,0.5314822,0.47584486,0.47584486,0.4753439
mp-764481,LiMnV(P2O7)2,V,P,True,3.229067628025875,0.4190629,0.532804,0.52365875,0.52365875,0.49184188
mp-764481,LiMnV(P2O7)2,V,P,True,3.30356099797165,0.4199006,0.536098,0.4765153,0.4765153,0.47750464
mp-764481,LiMnV(P2O7)2,V,P,True,3.320891392020156,0.4201352,0.53493625,0.5162367,0.5162367,0.49043608
mp-764481,LiMnV(P2O7)2,V,O,True,1.9081443334396766,0.4596939,0.5453211,0.4947556,0.4947556,0.49992356
mp-764481,LiMnV(P2O7)2,V,O,True,1.917596531779507,0.45985124,0.5519321,0.4853801,0.4853801,0.49905452
mp-764481,LiMnV(P2O7)2,V,O,True,1.930256536913872,0.46001655,0.5521151,0.47635,0.47635,0.4961606
mp-764481,LiMnV(P2O7)2,V,O,True,1.9485936200803022,0.46015203,0.54357904,0.48403454,0.48403454,0.49592185
mp-764481,LiMnV(P2O7)2,V,O,True,2.001775226110952,0.45971078,0.55014384,0.46348798,0.46348798,0.49111417
mp-764481,LiMnV(P2O7)2,V,O,True,2.010994160989016,0.4594976,0.5478105,0.45186734,0.45186734,0.4863918
mp-764481,LiMnV(P2O7)2,V,Li,True,3.0268593316659755,0.45988882,0.5603993,0.4790687,0.4790687,0.49978557
mp-764481,LiMnV(P2O7)2,V,P,True,3.1743797151660855,0.41848117,0.5380999,0.54142123,0.54142123,0.4993341
mp-764481,LiMnV(P2O7)2,V,P,True,3.186171297578331,0.41860655,0.5319996,0.478674,0.478674,0.4764267
mp-764481,LiMnV(P2O7)2,V,P,True,3.2283768533202313,0.41905558,0.5308137,0.51866543,0.51866543,0.48951158
mp-764481,LiMnV(P2O7)2,V,P,True,3.2994351609212598,0.41984797,0.53663635,0.47344607,0.47344607,0.47664347
mp-764481,LiMnV(P2O7)2,V,P,True,3.302433315826527,0.41988608,0.53659874,0.52654266,0.52654266,0.49434248
mp-764481,LiMnV(P2O7)2,V,O,True,1.9101768262083332,0.45973006,0.5512008,0.4893997,0.4893997,0.5001102
mp-764481,LiMnV(P2O7)2,V,O,True,1.9114086417414284,0.45975137,0.5440485,0.47531408,0.47531408,0.49303803
mp-764481,LiMnV(P2O7)2,V,O,True,1.9310163551216073,0.4600247,0.55134034,0.47841254,0.47841254,0.49659252
mp-764481,LiMnV(P2O7)2,V,O,True,1.9349478043992812,0.4600635,0.5487691,0.47364727,0.47364727,0.49415994
mp-764481,LiMnV(P2O7)2,V,O,True,1.9972159641442917,0.4598012,0.54070455,0.4969404,0.4969404,0.4991487
mp-764481,LiMnV(P2O7)2,V,O,True,2.037075315328572,0.4586873,0.5473104,0.47194842,0.47194842,0.4926487
mp-764481,LiMnV(P2O7)2,V,Li,True,3.047822678200314,0.4596012,0.5614625,0.4736387,0.4736387,0.49823412
mp-764481,LiMnV(P2O7)2,V,P,True,3.1826991451504294,0.41856945,0.53228724,0.47081107,0.47081107,0.47388926
mp-764481,LiMnV(P2O7)2,V,P,True,3.261223192635049,0.41940448,0.54023874,0.53505725,0.53505725,0.49823347
mp-764481,LiMnV(P2O7)2,V,P,True,3.2669830000085676,0.41946745,0.5318586,0.5127109,0.5127109,0.4880123
mp-764481,LiMnV(P2O7)2,V,P,True,3.272011832801311,0.41952333,0.5368154,0.5237762,0.5237762,0.49337164
mp-764481,LiMnV(P2O7)2,V,P,True,3.330692947363313,0.42027873,0.5355697,0.47343358,0.47343358,0.47642735
mp-764481,LiMnV(P2O7)2,V,O,True,1.8884978227629874,0.45928562,0.54982734,0.48878828,0.48878828,0.4993004
mp-764481,LiMnV(P2O7)2,V,O,True,1.91560593008582,0.45982045,0.545082,0.4990259,0.4990259,0.50130945
mp-764481,LiMnV(P2O7)2,V,O,True,1.9358545160360985,0.46007162,0.54223084,0.48896325,0.48896325,0.49708855
mp-764481,LiMnV(P2O7)2,V,O,True,1.9515061903125732,0.46016112,0.5496403,0.4732683,0.4732683,0.49435654
mp-764481,LiMnV(P2O7)2,V,O,True,2.017754267584164,0.4593161,0.5452018,0.46153247,0.46153247,0.48868346
mp-764481,LiMnV(P2O7)2,V,O,True,2.023685438260459,0.4591399,0.54564804,0.46506384,0.46506384,0.48995057
mp-764481,LiMnV(P2O7)2,V,Li,True,3.029088616164424,0.45984975,0.5588553,0.48008785,0.48008785,0.49959764
mp-764481,LiMnV(P2O7)2,V,P,True,3.1844017530808655,0.41858763,0.5300433,0.47402138,0.47402138,0.4742174
mp-764481,LiMnV(P2O7)2,V,P,True,3.185083188581233,0.41859493,0.5330423,0.5387424,0.5387424,0.49679324
mp-764481,LiMnV(P2O7)2,V,P,True,3.212579855355271,0.41888863,0.53388417,0.52831084,0.52831084,0.49369454
mp-764481,LiMnV(P2O7)2,V,P,True,3.3029957901717566,0.4198933,0.53603727,0.4739771,0.4739771,0.4766359
mp-764481,LiMnV(P2O7)2,V,P,True,3.3191308029295445,0.4201103,0.53312373,0.51808536,0.51808536,0.4904398
mp-764481,LiMnV(P2O7)2,P,O,True,1.5260721921590679,0.4562866,0.37882686,0.5298878,0.5298878,0.4550004
mp-764481,LiMnV(P2O7)2,P,O,True,1.5307148344711854,0.45608604,0.38433862,0.51740426,0.51740426,0.45260963
mp-764481,LiMnV(P2O7)2,P,O,True,1.5358436064447796,0.4558748,0.3826045,0.4954983,0.4954983,0.4446592
mp-764481,LiMnV(P2O7)2,P,O,True,1.6134507920009964,0.4543522,0.38200313,0.48973843,0.48973843,0.44203126
mp-764481,LiMnV(P2O7)2,P,P,False,2.941323541327277,0.42831218,0.32699403,0.5303033,0.5303033,0.4285365
mp-764481,LiMnV(P2O7)2,P,Li,True,2.975417049278077,0.46934742,0.3834659,0.50437105,0.50437105,0.4523948
mp-764481,LiMnV(P2O7)2,P,Mn,True,3.199884015119485,0.4060021,0.3556558,0.5510745,0.5510745,0.4375775
mp-764481,LiMnV(P2O7)2,P,Mn,True,3.2441351826167018,0.4055687,0.36000904,0.5569475,0.5569475,0.44084176
mp-764481,LiMnV(P2O7)2,P,O,True,3.266552887203236,0.45577464,0.384989,0.52370465,0.52370465,0.45482278
mp-764481,LiMnV(P2O7)2,P,O,True,3.392490818347594,0.45760736,0.37833843,0.524171,0.524171,0.45337224
mp-764481,LiMnV(P2O7)2,P,O,True,3.423710026394677,0.45819667,0.3789673,0.52755606,0.52755606,0.45490667
mp-764481,LiMnV(P2O7)2,P,V,True,3.4320855895889344,0.41757882,0.35111195,0.57245094,0.57245094,0.44704723
mp-764481,LiMnV(P2O7)2,P,O,True,1.4918455455185677,0.45799905,0.37398183,0.5313951,0.5313951,0.45445862
mp-764481,LiMnV(P2O7)2,P,O,True,1.5466095335155765,0.45546925,0.37199885,0.51287574,0.51287574,0.44678128
mp-764481,LiMnV(P2O7)2,P,O,True,1.5479045942246648,0.4554241,0.3721312,0.50317323,0.50317323,0.4435762
mp-764481,LiMnV(P2O7)2,P,O,True,1.6271771610422718,0.45446837,0.37351874,0.4628334,0.4628334,0.4302735
mp-764481,LiMnV(P2O7)2,P,P,False,2.914556968630307,0.42928636,0.33177146,0.5504619,0.5504619,0.43717325
mp-764481,LiMnV(P2O7)2,P,O,True,3.160288495925769,0.45468104,0.3690397,0.51812935,0.51812935,0.44728336
mp-764481,LiMnV(P2O7)2,P,V,True,3.1861712975783325,0.41748637,0.3539807,0.5824833,0.5824833,0.4513168
mp-764481,LiMnV(P2O7)2,P,V,True,3.3035609979716476,0.41720495,0.35464397,0.584116,0.584116,0.4519883
mp-764481,LiMnV(P2O7)2,P,Mn,True,3.4276537751283986,0.40449476,0.3634329,0.562624,0.562624,0.4435172
mp-764481,LiMnV(P2O7)2,P,O,True,3.4664432290339127,0.45908633,0.3707832,0.50930005,0.50930005,0.44638982
mp-764481,LiMnV(P2O7)2,P,O,True,3.481736752408712,0.45941773,0.3699159,0.5173232,0.5173232,0.4488856
mp-764481,LiMnV(P2O7)2,P,O,True,3.605113385455202,0.46157753,0.3673522,0.52329123,0.52329123,0.45074034
mp-764481,LiMnV(P2O7)2,P,O,True,1.5174967546037006,0.45667917,0.3961868,0.5401106,0.5401106,0.46432552
mp-764481,LiMnV(P2O7)2,P,O,True,1.5312155278412964,0.4560649,0.3927831,0.5351894,0.5351894,0.4613458
mp-764481,LiMnV(P2O7)2,P,O,True,1.5365237483946943,0.45584768,0.3884365,0.5358641,0.5358641,0.46004942
mp-764481,LiMnV(P2O7)2,P,O,True,1.628268910865811,0.45448303,0.403203,0.49495408,0.49495408,0.45088005
mp-764481,LiMnV(P2O7)2,P,P,False,2.896406754588147,0.42997062,0.354501,0.49141967,0.49141967,0.4252971
mp-764481,LiMnV(P2O7)2,P,Li,True,3.1654603834358155,0.46796662,0.39364758,0.52209777,0.52209777,0.46123734
mp-764481,LiMnV(P2O7)2,P,O,True,3.170086431483086,0.45475456,0.3886698,0.5299219,0.5299219,0.45778206
mp-764481,LiMnV(P2O7)2,P,O,True,3.1784455608732833,0.45482427,0.38508835,0.5310781,0.5310781,0.45699692
mp-764481,LiMnV(P2O7)2,P,V,True,3.1850831885812325,0.41748232,0.35576177,0.5775559,0.5775559,0.4502667
mp-764481,LiMnV(P2O7)2,P,Mn,True,3.2182827235656264,0.40585798,0.36231935,0.5661527,0.5661527,0.44477668
mp-764481,LiMnV(P2O7)2,P,Mn,True,3.2700008044692845,0.40521452,0.36307287,0.5651941,0.5651941,0.44449386
mp-764481,LiMnV(P2O7)2,P,O,True,3.2856364932462103,0.45601115,0.38995326,0.508539,0.508539,0.45150113
mp-764481,LiMnV(P2O7)2,P,O,True,1.5275974882928331,0.4562198,0.37981206,0.5331084,0.5331084,0.4563801
mp-764481,LiMnV(P2O7)2,P,O,True,1.5317577324094218,0.45604217,0.3761751,0.52330565,0.52330565,0.45184097
mp-764481,LiMnV(P2O7)2,P,O,True,1.5375860515064848,0.45580563,0.38227338,0.49635214,0.49635214,0.4448104
mp-764481,LiMnV(P2O7)2,P,O,True,1.6157617085311837,0.45436287,0.38167283,0.49290365,0.49290365,0.4429798
mp-764481,LiMnV(P2O7)2,P,P,False,2.9360198475051207,0.42849857,0.3238914,0.52440876,0.52440876,0.42559958
mp-764481,LiMnV(P2O7)2,P,Li,True,2.9818249119019766,0.4690948,0.38351363,0.502971,0.502971,0.4518598
mp-764481,LiMnV(P2O7)2,P,Mn,True,3.1996974643148626,0.40600327,0.35502636,0.5547887,0.5547887,0.4386061
mp-764481,LiMnV(P2O7)2,P,O,True,3.264938011384895,0.45575508,0.3845194,0.5254798,0.5254798,0.45525143
mp-764481,LiMnV(P2O7)2,P,Mn,True,3.275517974660886,0.40513557,0.35624057,0.5543389,0.5543389,0.4385717
mp-764481,LiMnV(P2O7)2,P,V,True,3.4302846818596455,0.41755763,0.3505435,0.5756453,0.5756453,0.44791546
mp-764481,LiMnV(P2O7)2,P,O,True,3.4313065610772804,0.45834875,0.3775246,0.5299192,0.5299192,0.45526418
mp-764481,LiMnV(P2O7)2,P,O,True,3.445921988296729,0.45864967,0.3799394,0.5250295,0.5250295,0.45453954
mp-764481,LiMnV(P2O7)2,P,O,True,1.517674556961983,0.45667073,0.4088512,0.5649576,0.5649576,0.47682652
mp-764481,LiMnV(P2O7)2,P,O,True,1.5307268849992108,0.4560855,0.4049636,0.5506584,0.5506584,0.47056916
mp-764481,LiMnV(P2O7)2,P,O,True,1.5493256272011482,0.4553755,0.41393673,0.5237672,0.5237672,0.4643598
mp-764481,LiMnV(P2O7)2,P,O,True,1.6153608872531062,0.45436078,0.41194057,0.50591314,0.50591314,0.45740485
mp-764481,LiMnV(P2O7)2,P,P,False,2.9360198475051225,0.42849857,0.35653356,0.5556131,0.5556131,0.44688177
mp-764481,LiMnV(P2O7)2,P,Li,True,3.034959182141565,0.467572,0.40451133,0.5360123,0.5360123,0.4693652
mp-764481,LiMnV(P2O7)2,P,Li,True,3.151004054020473,0.46773076,0.4094693,0.54060465,0.54060465,0.47260156
mp-764481,LiMnV(P2O7)2,P,O,True,3.1754201333643906,0.45479837,0.41038784,0.5089233,0.5089233,0.4580365
mp-764481,LiMnV(P2O7)2,P,V,True,3.228376853320231,0.41752288,0.36213303,0.5880182,0.5880182,0.45589137
mp-764481,LiMnV(P2O7)2,P,O,True,3.233102932101832,0.45538244,0.40870893,0.5552175,0.5552175,0.47310296
mp-764481,LiMnV(P2O7)2,P,V,True,3.319130802929545,0.41714245,0.36394572,0.5918504,0.5918504,0.45764622
mp-764481,LiMnV(P2O7)2,P,Mn,True,3.3942912799068163,0.40424252,0.37565583,0.58506393,0.58506393,0.45498744
mp-764481,LiMnV(P2O7)2,P,O,True,1.5277845300753805,0.45621163,0.42395848,0.54888207,0.54888207,0.4763507
mp-764481,LiMnV(P2O7)2,P,O,True,1.5335925338072405,0.45596614,0.4376174,0.5330093,0.5330093,0.47553095
mp-764481,LiMnV(P2O7)2,P,O,True,1.5364809727667015,0.45584935,0.41501367,0.5494828,0.5494828,0.4734486
mp-764481,LiMnV(P2O7)2,P,O,True,1.6076012333375016,0.45434088,0.43464804,0.49183485,0.49183485,0.46027458
mp-764481,LiMnV(P2O7)2,P,P,False,2.905494364543886,0.4296279,0.39131105,0.49968642,0.49968642,0.44020844
mp-764481,LiMnV(P2O7)2,P,O,True,3.120472200298316,0.45451054,0.41714516,0.5487758,0.5487758,0.47347715
mp-764481,LiMnV(P2O7)2,P,Li,True,3.1580884454319933,0.46784335,0.41369575,0.5217819,0.5217819,0.46777368
mp-764481,LiMnV(P2O7)2,P,V,True,3.1729318715397157,0.4174275,0.3676378,0.5647155,0.5647155,0.44992694
mp-764481,LiMnV(P2O7)2,P,O,True,3.1854380735900762,0.45488682,0.42411926,0.5318238,0.5318238,0.47027662
mp-764481,LiMnV(P2O7)2,P,Li,True,3.18812430536166,0.4683745,0.41351408,0.52067125,0.52067125,0.4675199
mp-764481,LiMnV(P2O7)2,P,Mn,True,3.2356340496968783,0.40567327,0.3684035,0.5661277,0.5661277,0.44673482
mp-764481,LiMnV(P2O7)2,P,O,True,3.2473061229024114,0.4555455,0.42575336,0.52517325,0.52517325,0.46882406
mp-764481,LiMnV(P2O7)2,P,O,True,1.4917251550463742,0.45800564,0.37393624,0.52826214,0.52826214,0.45340133
mp-764481,LiMnV(P2O7)2,P,O,True,1.5482284985071944,0.45541292,0.3721485,0.51326096,0.51326096,0.4469408
mp-764481,LiMnV(P2O7)2,P,O,True,1.5490130433264107,0.4553861,0.3703525,0.5117092,0.5117092,0.44581595
mp-764481,LiMnV(P2O7)2,P,O,True,1.630787480248942,0.45452002,0.37647185,0.4598314,0.4598314,0.4302744
mp-764481,LiMnV(P2O7)2,P,P,False,2.9054943645438884,0.4296279,0.33778736,0.54953337,0.54953337,0.43898287
mp-764481,LiMnV(P2O7)2,P,O,True,3.1655082102691385,0.454719,0.36914313,0.5201184,0.5201184,0.44799352
mp-764481,LiMnV(P2O7)2,P,V,True,3.195339413853398,0.41751415,0.35359138,0.5827801,0.5827801,0.45129523
mp-764481,LiMnV(P2O7)2,P,V,True,3.330692947363312,0.41710892,0.35498545,0.58498305,0.58498305,0.4523591
mp-764481,LiMnV(P2O7)2,P,Mn,True,3.4336404594756487,0.4045644,0.36260325,0.56418866,0.56418866,0.44378543
mp-764481,LiMnV(P2O7)2,P,O,True,3.5008988328905914,0.45983216,0.36931026,0.5107036,0.5107036,0.44661537
mp-764481,LiMnV(P2O7)2,P,O,True,3.5231456793855043,0.46029854,0.37106177,0.5008426,0.5008426,0.44406763
mp-764481,LiMnV(P2O7)2,P,O,True,3.585725461731388,0.46136564,0.37322283,0.5032948,0.5032948,0.4459611
mp-764481,LiMnV(P2O7)2,P,O,True,1.495663287594313,0.4577906,0.4153707,0.56584364,0.56584364,0.4796683
mp-764481,LiMnV(P2O7)2,P,O,True,1.54076312685493,0.45568293,0.41396907,0.5367449,0.5367449,0.46879897
mp-764481,LiMnV(P2O7)2,P,O,True,1.5492957480007898,0.4553765,0.41410288,0.5256477,0.5256477,0.46504235
mp-764481,LiMnV(P2O7)2,P,O,True,1.6322021297432807,0.45454267,0.41268593,0.50214183,0.50214183,0.4564568
mp-764481,LiMnV(P2O7)2,P,P,False,2.9152117394667902,0.4292618,0.35762256,0.5539811,0.5539811,0.44695517
mp-764481,LiMnV(P2O7)2,P,Li,True,3.121591124053449,0.46734613,0.40880477,0.5321537,0.5321537,0.4694349
mp-764481,LiMnV(P2O7)2,P,Li,True,3.132338075170388,0.46746874,0.40787944,0.52928627,0.52928627,0.4682115
mp-764481,LiMnV(P2O7)2,P,O,True,3.18912251405201,0.45492113,0.4070664,0.53379965,0.53379965,0.4652624
mp-764481,LiMnV(P2O7)2,P,O,True,3.240901996049774,0.45547134,0.4090634,0.55726683,0.55726683,0.47393385
mp-764481,LiMnV(P2O7)2,P,Mn,True,3.2472814624106565,0.4055281,0.37757573,0.5846326,0.5846326,0.4559121
mp-764481,LiMnV(P2O7)2,P,V,True,3.2669830000085662,0.41738558,0.36362702,0.5838976,0.5838976,0.45497003
mp-764481,LiMnV(P2O7)2,P,V,True,3.320891392020157,0.41713655,0.3636249,0.5849371,0.5849371,0.45523286
mp-764481,LiMnV(P2O7)2,P,O,True,1.5193733474707776,0.45659092,0.41512692,0.5440686,0.5440686,0.4719288
mp-764481,LiMnV(P2O7)2,P,O,True,1.532554267839486,0.45600897,0.40671372,0.540036,0.540036,0.46758625
mp-764481,LiMnV(P2O7)2,P,O,True,1.53888561743528,0.4557549,0.40022254,0.53972346,0.53972346,0.46523365
mp-764481,LiMnV(P2O7)2,P,O,True,1.6168886143619443,0.45436937,0.4147182,0.49874938,0.49874938,0.45594564
mp-764481,LiMnV(P2O7)2,P,P,False,2.9145569686303046,0.42928636,0.3776066,0.49299258,0.49299258,0.43329516
mp-764481,LiMnV(P2O7)2,P,Li,True,3.1583952949784573,0.46784836,0.40105486,0.52320796,0.52320796,0.46403706
mp-764481,LiMnV(P2O7)2,P,O,True,3.1728379276740037,0.45477688,0.3994212,0.53629386,0.53629386,0.4634973
mp-764481,LiMnV(P2O7)2,P,O,True,3.1742399228450666,0.45478845,0.40231907,0.5336118,0.5336118,0.4635731
mp-764481,LiMnV(P2O7)2,P,V,True,3.1743797151660855,0.417435,0.361088,0.56995904,0.56995904,0.449494
mp-764481,LiMnV(P2O7)2,P,Mn,True,3.21197016195073,0.4059139,0.36290956,0.5637852,0.5637852,0.4442029
mp-764481,LiMnV(P2O7)2,P,O,True,3.26642233195751,0.45577303,0.41236627,0.5133107,0.5133107,0.4604833
mp-764481,LiMnV(P2O7)2,P,Mn,True,3.26868536166796,0.4052333,0.36608297,0.56328475,0.56328475,0.444867
mp-764481,LiMnV(P2O7)2,P,O,True,1.5245178251983613,0.4563557,0.36296678,0.53227216,0.53227216,0.45053157
mp-764481,LiMnV(P2O7)2,P,O,True,1.527242066743067,0.45623526,0.36531016,0.51319057,0.51319057,0.444912
mp-764481,LiMnV(P2O7)2,P,O,True,1.531700897960895,0.45604455,0.36574468,0.5290333,0.5290333,0.4502742
mp-764481,LiMnV(P2O7)2,P,O,True,1.626014636024236,0.4544536,0.37132478,0.48963112,0.48963112,0.4384698
mp-764481,LiMnV(P2O7)2,P,P,False,2.9427705538317652,0.42826205,0.31564927,0.53402287,0.53402287,0.42597806
mp-764481,LiMnV(P2O7)2,P,Mn,True,3.189580436708508,0.4060567,0.348351,0.5456784,0.5456784,0.433362
mp-764481,LiMnV(P2O7)2,P,Mn,True,3.258991111959663,0.40536997,0.35191357,0.54663336,0.54663336,0.43463898
mp-764481,LiMnV(P2O7)2,P,O,True,3.2832280532794056,0.45598072,0.37604842,0.517974,0.517974,0.45000103
mp-764481,LiMnV(P2O7)2,P,V,True,3.3460051868567393,0.41708678,0.34953466,0.56799006,0.56799006,0.4448705
mp-764481,LiMnV(P2O7)2,P,O,True,3.438484186582622,0.45849526,0.36489183,0.5267362,0.5267362,0.4500411
mp-764481,LiMnV(P2O7)2,P,O,True,3.4518594715249744,0.45877454,0.3676672,0.519835,0.519835,0.44875893
mp-764481,LiMnV(P2O7)2,P,O,True,3.5952400516768472,0.4614782,0.36410415,0.5029888,0.5029888,0.44285706
mp-764481,LiMnV(P2O7)2,P,O,True,1.5179330048191129,0.4566585,0.41621152,0.56532794,0.56532794,0.47939932
mp-764481,LiMnV(P2O7)2,P,O,True,1.5320027683283406,0.45603195,0.41279382,0.554105,0.554105,0.47431025
mp-764481,LiMnV(P2O7)2,P,O,True,1.5532594740995471,0.45524606,0.4290586,0.527556,0.527556,0.47062024
mp-764481,LiMnV(P2O7)2,P,O,True,1.6053471778822561,0.45434248,0.4228639,0.5047997,0.5047997,0.4606687
mp-764481,LiMnV(P2O7)2,P,P,False,2.9427705538317657,0.42826205,0.37727985,0.5654091,0.5654091,0.45698366
mp-764481,LiMnV(P2O7)2,P,Li,True,3.035519360891747,0.46756184,0.4176092,0.5326656,0.5326656,0.47261223
mp-764481,LiMnV(P2O7)2,P,Li,True,3.151045387768412,0.46773142,0.42210507,0.5388192,0.5388192,0.47621855
mp-764481,LiMnV(P2O7)2,P,O,True,3.173919054502496,0.45478582,0.42025143,0.5090803,0.5090803,0.46137252
mp-764481,LiMnV(P2O7)2,P,V,True,3.229067628025874,0.41752163,0.37351125,0.578491,0.578491,0.45650795
mp-764481,LiMnV(P2O7)2,P,O,True,3.2377794910429816,0.45543557,0.41769862,0.5582578,0.5582578,0.47713065
mp-764481,LiMnV(P2O7)2,P,V,True,3.302433315826527,0.4172101,0.3750355,0.5783407,0.5783407,0.45686212
mp-764481,LiMnV(P2O7)2,P,Mn,True,3.378780830042065,0.40420938,0.37648955,0.5805382,0.5805382,0.4537457
mp-764481,LiMnV(P2O7)2,P,O,True,1.5208985464855396,0.45652014,0.41493192,0.5490762,0.5490762,0.47350943
mp-764481,LiMnV(P2O7)2,P,O,True,1.5248187635400332,0.45634225,0.42936507,0.5515321,0.5515321,0.4790798
mp-764481,LiMnV(P2O7)2,P,O,True,1.5503857624548978,0.45533985,0.40962717,0.5521247,0.5521247,0.47236386
mp-764481,LiMnV(P2O7)2,P,O,True,1.6127514819827864,0.45434964,0.43039712,0.50432926,0.50432926,0.46302533
mp-764481,LiMnV(P2O7)2,P,P,False,2.9283398158026697,0.42877525,0.39288524,0.50359625,0.50359625,0.44175228
mp-764481,LiMnV(P2O7)2,P,Li,True,3.0610358912637645,0.46723032,0.40911672,0.5266465,0.5266465,0.4676645
mp-764481,LiMnV(P2O7)2,P,O,True,3.1668443468247958,0.4547292,0.4171629,0.5208011,0.5208011,0.4642311
mp-764481,LiMnV(P2O7)2,P,O,True,3.1721308054266855,0.45477104,0.4121219,0.54688734,0.54688734,0.47126007
mp-764481,LiMnV(P2O7)2,P,Mn,True,3.19896587864684,0.40600774,0.37229982,0.5695392,0.5695392,0.44928226
mp-764481,LiMnV(P2O7)2,P,Mn,True,3.2447609206866046,0.4055607,0.37300634,0.5771485,0.5771485,0.45190516
mp-764481,LiMnV(P2O7)2,P,V,True,3.2612231926350486,0.41741264,0.3704526,0.5685884,0.5685884,0.4521512
mp-764481,LiMnV(P2O7)2,P,O,True,3.3240423121852825,0.4565221,0.42755967,0.52199507,0.52199507,0.4686923
mp-764481,LiMnV(P2O7)2,P,O,True,1.4943316192204241,0.4578629,0.3669973,0.50755805,0.50755805,0.4441394
mp-764481,LiMnV(P2O7)2,P,O,True,1.5430375580857139,0.4555979,0.3619146,0.49925137,0.49925137,0.4389213
mp-764481,LiMnV(P2O7)2,P,O,True,1.554559618008225,0.45520496,0.36132443,0.5088418,0.5088418,0.44179043
mp-764481,LiMnV(P2O7)2,P,O,True,1.622383342594318,0.4544134,0.36642924,0.468517,0.468517,0.42978653
mp-764481,LiMnV(P2O7)2,P,P,False,2.9283398158026706,0.42877525,0.3174692,0.5528816,0.5528816,0.43304202
mp-764481,LiMnV(P2O7)2,P,V,True,3.1826991451504307,0.41747302,0.3479746,0.59175617,0.59175617,0.45240125
mp-764481,LiMnV(P2O7)2,P,O,True,3.199674565016532,0.45502394,0.37127984,0.5152589,0.5152589,0.44718757
mp-764481,LiMnV(P2O7)2,P,V,True,3.302995790171756,0.4172075,0.34960377,0.593135,0.593135,0.4533154
mp-764481,LiMnV(P2O7)2,P,Mn,True,3.423474907646288,0.4044503,0.36220354,0.5637491,0.5637491,0.44346762
mp-764481,LiMnV(P2O7)2,P,O,True,3.4765892354195436,0.45930594,0.36090145,0.50757164,0.50757164,0.442593
mp-764481,LiMnV(P2O7)2,P,O,True,3.496050796524896,0.45972794,0.3648307,0.51460475,0.51460475,0.44638777
mp-764481,LiMnV(P2O7)2,P,O,True,3.5831783227228398,0.46133277,0.36075044,0.519079,0.519079,0.44705406
mp-764481,LiMnV(P2O7)2,P,O,True,1.5144320302591345,0.4568259,0.40538877,0.5589341,0.5589341,0.47371626
mp-764481,LiMnV(P2O7)2,P,O,True,1.5328226039400887,0.45599788,0.40217188,0.5481241,0.5481241,0.46876463
mp-764481,LiMnV(P2O7)2,P,O,True,1.5438239980253894,0.4555691,0.41352233,0.5258998,0.5258998,0.46499705
mp-764481,LiMnV(P2O7)2,P,O,True,1.6167443153589802,0.45436853,0.41571438,0.5036098,0.5036098,0.45789757
mp-764481,LiMnV(P2O7)2,P,P,False,2.9413235413272787,0.42831218,0.36347234,0.55270207,0.55270207,0.4481622
mp-764481,LiMnV(P2O7)2,P,Li,True,3.0280447598988838,0.46770784,0.3999133,0.5331764,0.5331764,0.46693254
mp-764481,LiMnV(P2O7)2,P,O,True,3.1615053985363684,0.45468962,0.4041999,0.51755375,0.51755375,0.4588144
mp-764481,LiMnV(P2O7)2,P,V,True,3.2125798553552705,0.41753626,0.36401725,0.5838068,0.5838068,0.4551201
mp-764481,LiMnV(P2O7)2,P,V,True,3.272011832801312,0.4173609,0.36502105,0.57974315,0.57974315,0.45404172
mp-764481,LiMnV(P2O7)2,P,O,True,3.280507576563398,0.45594662,0.40446457,0.5493814,0.5493814,0.46993086
mp-764481,LiMnV(P2O7)2,P,Mn,True,3.391935397137107,0.404234,0.37384802,0.5784961,0.5784961,0.4521927
mp-764481,LiMnV(P2O7)2,P,O,True,3.4304136946019694,0.45833072,0.41776222,0.52378565,0.52378565,0.46662617
mp-764481,LiMnV(P2O7)2,P,O,True,1.5258009647254756,0.45629862,0.38023576,0.5347588,0.5347588,0.45709774
mp-764481,LiMnV(P2O7)2,P,O,True,1.5358700928621054,0.45587376,0.37921575,0.50673425,0.50673425,0.4472746
mp-764481,LiMnV(P2O7)2,P,O,True,1.5375028289797172,0.4558089,0.37672505,0.52217555,0.52217555,0.45156983
mp-764481,LiMnV(P2O7)2,P,O,True,1.6150642304110947,0.45435926,0.380664,0.48260397,0.48260397,0.43920907
mp-764481,LiMnV(P2O7)2,P,P,False,2.9152117394667902,0.4292618,0.32619154,0.52352196,0.52352196,0.42632508
mp-764481,LiMnV(P2O7)2,P,Li,True,2.9770108215287716,0.4692834,0.38336122,0.5062386,0.5062386,0.45296106
mp-764481,LiMnV(P2O7)2,P,Mn,True,3.1721809267697756,0.40610516,0.35933083,0.5592565,0.5592565,0.44156417
mp-764481,LiMnV(P2O7)2,P,O,True,3.211749847469672,0.45514852,0.3853083,0.52701104,0.52701104,0.45582262
mp-764481,LiMnV(P2O7)2,P,Mn,True,3.2701277245038365,0.4052127,0.35440838,0.55340314,0.55340314,0.43767476
mp-764481,LiMnV(P2O7)2,P,O,True,3.4188839786995855,0.4581017,0.37762326,0.5263503,0.5263503,0.45402512
mp-764481,LiMnV(P2O7)2,P,O,True,3.432521834180644,0.4583734,0.3823802,0.521606,0.521606,0.45411983
mp-764481,LiMnV(P2O7)2,P,V,True,3.433888703853364,0.41760045,0.35114753,0.57655776,0.57655776,0.44843522
mp-764481,LiMnV(P2O7)2,P,O,True,1.5073345751868263,0.45717806,0.3862152,0.5118324,0.5118324,0.4517419
mp-764481,LiMnV(P2O7)2,P,O,True,1.5368732427662266,0.4558338,0.38860872,0.5201026,0.5201026,0.45484838
mp-764481,LiMnV(P2O7)2,P,O,True,1.5454901721256586,0.45550892,0.38759968,0.5101574,0.5101574,0.45108867
mp-764481,LiMnV(P2O7)2,P,O,True,1.616771178639714,0.4543687,0.3893181,0.47004735,0.47004735,0.4379114
mp-764481,LiMnV(P2O7)2,P,P,False,2.896406754588148,0.42997062,0.34196487,0.55250615,0.55250615,0.44148055
mp-764481,LiMnV(P2O7)2,P,Li,True,2.9148731573001934,0.47218955,0.39088753,0.49653605,0.49653605,0.45320436
mp-764481,LiMnV(P2O7)2,P,O,True,3.1281703821633386,0.4545237,0.37980703,0.52916366,0.52916366,0.45449814
mp-764481,LiMnV(P2O7)2,P,V,True,3.184401753080866,0.41747975,0.35684037,0.5919349,0.5919349,0.45541835
mp-764481,LiMnV(P2O7)2,P,V,True,3.2994351609212598,0.417224,0.35812217,0.5888536,0.5888536,0.45473325
mp-764481,LiMnV(P2O7)2,P,O,True,3.4452403893109116,0.45863542,0.38279355,0.52617097,0.52617097,0.45586666
mp-764481,LiMnV(P2O7)2,P,O,True,3.4826163873810554,0.45943686,0.38664386,0.51805955,0.51805955,0.45471343
mp-764481,LiMnV(P2O7)2,P,O,True,3.578366711672954,0.46126777,0.38300872,0.532989,0.532989,0.45908847
mp-764481,LiMnV(P2O7)2,O,P,True,1.5307148344711867,0.4236542,0.3368265,0.52482706,0.52482706,0.42843592
mp-764481,LiMnV(P2O7)2,O,Mn,True,1.9898022135189326,0.41734406,0.38042533,0.56401086,0.56401086,0.45392677
mp-764481,LiMnV(P2O7)2,O,O,False,2.5068498100640437,0.43730992,0.4009366,0.44370478,0.44370478,0.4273171
mp-764481,LiMnV(P2O7)2,O,O,False,2.5488206289507707,0.43764317,0.40115243,0.48899657,0.48899657,0.4425974
mp-764481,LiMnV(P2O7)2,O,O,False,2.6000335450859464,0.43844393,0.41330612,0.46523747,0.46523747,0.43899584
mp-764481,LiMnV(P2O7)2,O,O,False,2.6775485773186287,0.43988624,0.40079385,0.49218446,0.49218446,0.44428816
mp-764481,LiMnV(P2O7)2,O,Li,True,2.7960123399034362,0.44745213,0.4556967,0.49292853,0.49292853,0.46535912
mp-764481,LiMnV(P2O7)2,O,O,False,2.8089941997210452,0.43936247,0.3916136,0.5029993,0.5029993,0.44465843
mp-764481,LiMnV(P2O7)2,O,O,False,3.0410842580889224,0.43066558,0.390639,0.51365286,0.51365286,0.44498578
mp-764481,LiMnV(P2O7)2,O,O,False,3.205564492434907,0.43029907,0.39059943,0.5050788,0.5050788,0.44199243
mp-764481,LiMnV(P2O7)2,O,O,False,3.291484388880728,0.43084374,0.39917174,0.5077182,0.5077182,0.44591126
mp-764481,LiMnV(P2O7)2,O,O,False,3.3868075484251663,0.4320088,0.40494078,0.45726633,0.45726633,0.4314053
mp-764481,LiMnV(P2O7)2,O,P,True,1.547904594224664,0.4229129,0.35150722,0.47581682,0.47581682,0.41674566
mp-764481,LiMnV(P2O7)2,O,V,True,1.930256536913874,0.4172327,0.37032658,0.5834026,0.5834026,0.4569873
mp-764481,LiMnV(P2O7)2,O,O,False,2.5033607403818254,0.43729764,0.40791693,0.48257193,0.48257193,0.4425955
mp-764481,LiMnV(P2O7)2,O,O,False,2.5637524637554456,0.43783876,0.40211716,0.43774104,0.43774104,0.425899
mp-764481,LiMnV(P2O7)2,O,O,False,2.59446877316131,0.43834174,0.3901556,0.5035112,0.5035112,0.44400287
mp-764481,LiMnV(P2O7)2,O,O,False,2.663404206781153,0.4396537,0.40447265,0.4811458,0.4811458,0.44175735
mp-764481,LiMnV(P2O7)2,O,O,False,2.738341457462207,0.44037363,0.3929522,0.49539363,0.49539363,0.4429065
mp-764481,LiMnV(P2O7)2,O,O,False,2.777950707947939,0.44004095,0.39072204,0.45577854,0.45577854,0.42884716
mp-764481,LiMnV(P2O7)2,O,O,False,2.8936962811293783,0.43604982,0.3905856,0.44144258,0.44144258,0.42269266
mp-764481,LiMnV(P2O7)2,O,P,True,3.2664223319575116,0.41582775,0.35203433,0.54826546,0.54826546,0.43870917
mp-764481,LiMnV(P2O7)2,O,O,False,3.280845249894707,0.4307618,0.39200956,0.49264085,0.49264085,0.43847075
mp-764481,LiMnV(P2O7)2,O,O,False,3.2903891275078547,0.430835,0.41668004,0.44307235,0.44307235,0.4301958
mp-764481,LiMnV(P2O7)2,O,P,True,1.6168886143619463,0.4213542,0.3330694,0.543272,0.543272,0.4325652
mp-764481,LiMnV(P2O7)2,O,P,True,1.6271771610422692,0.42134348,0.33953398,0.42477387,0.42477387,0.3952171
mp-764481,LiMnV(P2O7)2,O,O,False,2.4577540877473996,0.437352,0.39232144,0.45880538,0.45880538,0.42949295
mp-764481,LiMnV(P2O7)2,O,O,False,2.474178624597095,0.43728763,0.39159876,0.46193376,0.46193376,0.43027338
mp-764481,LiMnV(P2O7)2,O,O,False,2.5273993052037604,0.43743104,0.39740473,0.45277327,0.45277327,0.42920303
mp-764481,LiMnV(P2O7)2,O,O,False,2.536251617891935,0.43750837,0.39796004,0.44311062,0.44311062,0.426193
mp-764481,LiMnV(P2O7)2,O,O,False,2.5543595787459856,0.43771142,0.39432025,0.45865315,0.45865315,0.43022826
mp-764481,LiMnV(P2O7)2,O,O,False,2.5637524637554443,0.43783876,0.39943057,0.4301088,0.4301088,0.42245936
mp-764481,LiMnV(P2O7)2,O,Li,True,3.0823060667146436,0.43701667,0.43636644,0.44229406,0.44229406,0.43855906
mp-764481,LiMnV(P2O7)2,O,O,False,3.1604292376151775,0.4300819,0.38961717,0.47702062,0.47702062,0.4322399
mp-764481,LiMnV(P2O7)2,O,O,False,3.2974549906878123,0.43089285,0.3988945,0.44894207,0.44894207,0.42624316
mp-764481,LiMnV(P2O7)2,O,V,True,3.3510987095238662,0.39953044,0.36260992,0.5859554,0.5859554,0.44936526
mp-764481,LiMnV(P2O7)2,O,P,True,1.491845545518569,0.42568147,0.34551334,0.47992468,0.47992468,0.41703984
mp-764481,LiMnV(P2O7)2,O,Mn,True,2.113146233267357,0.41478905,0.38162524,0.5466538,0.5466538,0.44768938
mp-764481,LiMnV(P2O7)2,O,O,False,2.4741786245970974,0.43728763,0.40833572,0.43501142,0.43501142,0.42687824
mp-764481,LiMnV(P2O7)2,O,O,False,2.524315237034319,0.4374076,0.40492648,0.47887272,0.47887272,0.44040227
mp-764481,LiMnV(P2O7)2,O,O,False,2.594468773161312,0.43834174,0.40651336,0.4666436,0.4666436,0.4371662
mp-764481,LiMnV(P2O7)2,O,O,False,2.743906949004872,0.4403621,0.39734048,0.502859,0.502859,0.44685388
mp-764481,LiMnV(P2O7)2,O,O,False,2.9188567018607023,0.43488422,0.3828487,0.49755368,0.49755368,0.43842888
mp-764481,LiMnV(P2O7)2,O,O,False,3.0730363019152027,0.43021953,0.38129073,0.49352694,0.49352694,0.43501243
mp-764481,LiMnV(P2O7)2,O,O,False,3.0817568389805956,0.4301436,0.39836884,0.48238188,0.48238188,0.43696475
mp-764481,LiMnV(P2O7)2,O,P,True,3.1784455608732816,0.41716215,0.3451346,0.54416054,0.54416054,0.43548575
mp-764481,LiMnV(P2O7)2,O,O,False,3.2055644924349074,0.43029907,0.4046352,0.4650283,0.4650283,0.43332085
mp-764481,LiMnV(P2O7)2,O,O,False,3.331544654764999,0.43122646,0.4136472,0.48377347,0.48377347,0.4428824
mp-764481,LiMnV(P2O7)2,O,P,True,1.527597488292832,0.42380056,0.32716396,0.525829,0.525829,0.42559782
mp-764481,LiMnV(P2O7)2,O,Mn,True,1.9595970986021283,0.41666952,0.37681234,0.560546,0.560546,0.45134258
mp-764481,LiMnV(P2O7)2,O,O,False,2.518295624473628,0.43736714,0.39063498,0.45342815,0.45342815,0.42714342
mp-764481,LiMnV(P2O7)2,O,O,False,2.543181100340084,0.43757915,0.393624,0.49436146,0.49436146,0.44185486
mp-764481,LiMnV(P2O7)2,O,O,False,2.5595473853297253,0.43778002,0.40600908,0.47005075,0.47005075,0.43794665
mp-764481,LiMnV(P2O7)2,O,O,False,2.67754857731863,0.43988624,0.39137936,0.48116648,0.48116648,0.43747735
mp-764481,LiMnV(P2O7)2,O,O,False,2.8371692824936185,0.4384529,0.37829858,0.51174873,0.51174873,0.44283342
mp-764481,LiMnV(P2O7)2,O,O,False,3.00578662223741,0.43149564,0.38151658,0.5197292,0.5197292,0.44424716
mp-764481,LiMnV(P2O7)2,O,O,False,3.0817568389805956,0.4301436,0.37121454,0.512854,0.512854,0.43807068
mp-764481,LiMnV(P2O7)2,O,O,False,3.273511694774851,0.43070894,0.4040633,0.46404323,0.46404323,0.4329385
mp-764481,LiMnV(P2O7)2,O,P,True,3.4237100263946783,0.41436356,0.33865872,0.51626253,0.51626253,0.42309496
mp-764481,LiMnV(P2O7)2,O,Li,True,3.513913686658964,0.44540763,0.44736797,0.5026846,0.5026846,0.46515337
mp-764481,LiMnV(P2O7)2,O,P,True,1.531215527841295,0.423631,0.35319832,0.5556211,0.5556211,0.44415012
mp-764481,LiMnV(P2O7)2,O,Li,True,1.9897207926763019,0.4632817,0.4617586,0.49723512,0.49723512,0.4740918
mp-764481,LiMnV(P2O7)2,O,Mn,True,2.057075024220397,0.41686034,0.39056838,0.54577756,0.54577756,0.45106876
mp-764481,LiMnV(P2O7)2,O,O,False,2.460881472631985,0.4373361,0.44085398,0.43763146,0.43763146,0.4386072
mp-764481,LiMnV(P2O7)2,O,O,False,2.550309835631832,0.437661,0.39940256,0.4849866,0.4849866,0.44068336
mp-764481,LiMnV(P2O7)2,O,O,False,2.596444260921091,0.43837774,0.42131603,0.4999106,0.4999106,0.45320144
mp-764481,LiMnV(P2O7)2,O,O,False,2.702499296022089,0.4402055,0.40594545,0.4967774,0.4967774,0.4476428
mp-764481,LiMnV(P2O7)2,O,O,False,2.83716928249362,0.4384529,0.4240219,0.47772223,0.47772223,0.44673237
mp-764481,LiMnV(P2O7)2,O,O,False,2.8884063318474085,0.4362934,0.41142178,0.49478102,0.49478102,0.4474987
mp-764481,LiMnV(P2O7)2,O,O,False,2.918856701860704,0.43488422,0.39989573,0.49202514,0.49202514,0.44226837
mp-764481,LiMnV(P2O7)2,O,O,False,3.1126389407953177,0.43000698,0.40062943,0.50348854,0.50348854,0.44470832
mp-764481,LiMnV(P2O7)2,O,O,False,3.1927988291439124,0.4302314,0.42269424,0.45310348,0.45310348,0.43534303
mp-764481,LiMnV(P2O7)2,O,P,True,1.5365237483946936,0.4233908,0.35839468,0.5508851,0.5508851,0.44422352
mp-764481,LiMnV(P2O7)2,O,V,True,1.91560593008582,0.4166252,0.38970533,0.5659103,0.5659103,0.45741358
mp-764481,LiMnV(P2O7)2,O,O,False,2.4938790681327787,0.43727633,0.419744,0.49262127,0.49262127,0.44988057
mp-764481,LiMnV(P2O7)2,O,O,False,2.5296807583795693,0.43744957,0.44502112,0.42328075,0.42328075,0.4352505
mp-764481,LiMnV(P2O7)2,O,O,False,2.5503098356318326,0.437661,0.40098536,0.48273486,0.48273486,0.4404604
mp-764481,LiMnV(P2O7)2,O,O,False,2.6361754104558996,0.43914467,0.39291313,0.46978548,0.46978548,0.43394777
mp-764481,LiMnV(P2O7)2,O,O,False,2.723833882013094,0.44035372,0.42775962,0.4464259,0.4464259,0.43817973
mp-764481,LiMnV(P2O7)2,O,O,False,2.7463071030785664,0.44035366,0.41103166,0.4506477,0.4506477,0.434011
mp-764481,LiMnV(P2O7)2,O,O,False,2.8378080588302903,0.43842947,0.4167438,0.463086,0.463086,0.43941975
mp-764481,LiMnV(P2O7)2,O,O,False,3.073036301915204,0.43021953,0.39680868,0.487538,0.487538,0.43818876
mp-764481,LiMnV(P2O7)2,O,O,False,3.083270893483318,0.43013227,0.38895017,0.47156376,0.47156376,0.4302154
mp-764481,LiMnV(P2O7)2,O,P,True,3.1281703821633378,0.41756326,0.36050168,0.47128564,0.47128564,0.41645017
mp-764481,LiMnV(P2O7)2,O,P,True,1.549325627201148,0.422857,0.32152206,0.54396707,0.54396707,0.4294487
mp-764481,LiMnV(P2O7)2,O,Li,True,1.9951633098855956,0.46310443,0.46283168,0.5029198,0.5029198,0.4762853
mp-764481,LiMnV(P2O7)2,O,V,True,2.017754267584165,0.41912353,0.37253493,0.58474684,0.58474684,0.45880175
mp-764481,LiMnV(P2O7)2,O,O,False,2.5269605248069453,0.4374276,0.4202286,0.4381008,0.4381008,0.431919
mp-764481,LiMnV(P2O7)2,O,O,False,2.543395268929938,0.43758154,0.40540442,0.4963237,0.4963237,0.44643655
mp-764481,LiMnV(P2O7)2,O,O,False,2.549850515925249,0.43765545,0.39489514,0.482041,0.482041,0.43819723
mp-764481,LiMnV(P2O7)2,O,O,False,2.6087607947061757,0.43860888,0.39933336,0.4539249,0.4539249,0.43062237
mp-764481,LiMnV(P2O7)2,O,O,False,2.723833882013094,0.44035372,0.3994965,0.4867311,0.4867311,0.44219375
mp-764481,LiMnV(P2O7)2,O,O,False,2.772069127504302,0.44012803,0.39604235,0.45944083,0.45944083,0.43187037
mp-764481,LiMnV(P2O7)2,O,O,False,2.8554755840696235,0.4377392,0.38486046,0.48468864,0.48468864,0.43576276
mp-764481,LiMnV(P2O7)2,O,O,False,3.192798829143913,0.4302314,0.39542297,0.4954507,0.4954507,0.44036838
mp-764481,LiMnV(P2O7)2,O,O,False,3.249128308356416,0.43054932,0.40053195,0.4996943,0.4996943,0.44359183
mp-764481,LiMnV(P2O7)2,O,P,True,1.5466095335155787,0.4229646,0.35308936,0.4773956,0.4773956,0.41781652
mp-764481,LiMnV(P2O7)2,O,V,True,1.8968639818537778,0.4157769,0.3669165,0.5816679,0.5816679,0.4547871
mp-764481,LiMnV(P2O7)2,O,O,False,2.5033607403818277,0.43729764,0.4099812,0.46989006,0.46989006,0.4390563
mp-764481,LiMnV(P2O7)2,O,O,False,2.524315237034318,0.4374076,0.3916642,0.50247926,0.50247926,0.44385037
mp-764481,LiMnV(P2O7)2,O,O,False,2.5362516178919376,0.43750837,0.40352648,0.43805635,0.43805635,0.42636374
mp-764481,LiMnV(P2O7)2,O,O,False,2.6722091703859574,0.43980202,0.39185137,0.4808448,0.4808448,0.43749937
mp-764481,LiMnV(P2O7)2,O,O,False,2.7164684577028666,0.4403176,0.38320237,0.487845,0.487845,0.43712163
mp-764481,LiMnV(P2O7)2,O,O,False,2.8407052926266716,0.43832168,0.3874087,0.4970061,0.4970061,0.44091216
mp-764481,LiMnV(P2O7)2,O,O,False,2.8953061688301123,0.43597534,0.3906069,0.44154164,0.44154164,0.42270795
mp-764481,LiMnV(P2O7)2,O,O,False,3.3242110313656603,0.43114614,0.41807705,0.43859348,0.43859348,0.4292722
mp-764481,LiMnV(P2O7)2,O,P,True,3.448022469753177,0.41461092,0.3557557,0.55103296,0.55103296,0.44046652
mp-764481,LiMnV(P2O7)2,O,O,False,3.4731865359915775,0.43386474,0.40440625,0.5119168,0.5119168,0.4500626
mp-764481,LiMnV(P2O7)2,O,P,True,1.5375860515064834,0.42334402,0.33695185,0.5340384,0.5340384,0.43144476
mp-764481,LiMnV(P2O7)2,O,V,True,2.012021471232542,0.41911405,0.3741896,0.5908813,0.5908813,0.46139494
mp-764481,LiMnV(P2O7)2,O,Li,True,2.1707644991911335,0.45275337,0.46273568,0.4993639,0.4993639,0.47161767
mp-764481,LiMnV(P2O7)2,O,O,False,2.485885826787965,0.43727198,0.43015656,0.44119868,0.44119868,0.43620908
mp-764481,LiMnV(P2O7)2,O,O,False,2.5049117111241292,0.4373028,0.41956538,0.47176272,0.47176272,0.44287696
mp-764481,LiMnV(P2O7)2,O,O,False,2.518295624473628,0.43736714,0.41976464,0.4746276,0.4746276,0.4439198
mp-764481,LiMnV(P2O7)2,O,O,False,2.614679789546107,0.43872327,0.41872507,0.4587624,0.4587624,0.43873692
mp-764481,LiMnV(P2O7)2,O,O,False,2.763084547596058,0.44023538,0.39638698,0.48112506,0.48112506,0.43924913
mp-764481,LiMnV(P2O7)2,O,O,False,2.8953061688301127,0.43597534,0.40346462,0.46811217,0.46811217,0.4358507
mp-764481,LiMnV(P2O7)2,O,O,False,2.915698436430101,0.43502975,0.39398837,0.47008663,0.47008663,0.4330349
mp-764481,LiMnV(P2O7)2,O,O,False,3.0232669163235815,0.43103907,0.39723498,0.49727967,0.49727967,0.44185123
mp-764481,LiMnV(P2O7)2,O,P,True,3.1739190545024965,0.41720787,0.34230024,0.55654037,0.55654037,0.43868282
mp-764481,LiMnV(P2O7)2,O,P,True,1.6167711786397134,0.42135465,0.32443357,0.4257031,0.4257031,0.39049712
mp-764481,LiMnV(P2O7)2,O,P,True,1.628268910865812,0.42134583,0.3337461,0.5291413,0.5291413,0.42807773
mp-764481,LiMnV(P2O7)2,O,O,False,2.4608814726319856,0.4373361,0.38738224,0.48035234,0.48035234,0.43502355
mp-764481,LiMnV(P2O7)2,O,O,False,2.4894768160329805,0.4372724,0.37919474,0.45155102,0.45155102,0.42267275
mp-764481,LiMnV(P2O7)2,O,O,False,2.5296807583795697,0.43744957,0.39389354,0.4735313,0.4735313,0.43495813
mp-764481,LiMnV(P2O7)2,O,O,False,2.5316568834862716,0.43746638,0.3876696,0.46115792,0.46115792,0.4287646
mp-764481,LiMnV(P2O7)2,O,O,False,2.5605914905875506,0.43779433,0.38537833,0.48136336,0.48136336,0.43484536
mp-764481,LiMnV(P2O7)2,O,O,False,2.5805590986438345,0.43809947,0.38049135,0.45007277,0.45007277,0.4228879
mp-764481,LiMnV(P2O7)2,O,Li,True,3.0930492303147656,0.43695605,0.44257605,0.4562359,0.4562359,0.445256
mp-764481,LiMnV(P2O7)2,O,O,False,3.1643976463417345,0.43009764,0.3851971,0.49800426,0.49800426,0.4377663
mp-764481,LiMnV(P2O7)2,O,O,False,3.3237509235375753,0.43114132,0.38891742,0.46981308,0.46981308,0.42995727
mp-764481,LiMnV(P2O7)2,O,V,True,3.365728039460679,0.39931643,0.3585469,0.59957707,0.59957707,0.45248017
mp-764481,LiMnV(P2O7)2,O,P,True,1.6153608872531051,0.4213609,0.31678367,0.4977194,0.4977194,0.41195464
mp-764481,LiMnV(P2O7)2,O,P,True,1.6157617085311855,0.421359,0.3183192,0.49823332,0.49823332,0.41263714
mp-764481,LiMnV(P2O7)2,O,O,False,2.485885826787966,0.43727198,0.3786287,0.42663592,0.42663592,0.41417885
mp-764481,LiMnV(P2O7)2,O,O,False,2.5015545269023645,0.43729222,0.37283272,0.46405894,0.46405894,0.42472795
mp-764481,LiMnV(P2O7)2,O,O,False,2.5269605248069444,0.4374276,0.38097206,0.4342785,0.4342785,0.4175594
mp-764481,LiMnV(P2O7)2,O,O,False,2.541049214690638,0.43755648,0.38830626,0.49169043,0.49169043,0.4391844
mp-764481,LiMnV(P2O7)2,O,O,False,2.5595473853297257,0.43778002,0.3790483,0.4759146,0.4759146,0.4309143
mp-764481,LiMnV(P2O7)2,O,O,False,2.5966500192857005,0.4383815,0.37581432,0.46324337,0.46324337,0.42581305
mp-764481,LiMnV(P2O7)2,O,O,False,3.2736933573913873,0.43071017,0.3760885,0.481471,0.481471,0.42942324
mp-764481,LiMnV(P2O7)2,O,O,False,3.292404525264844,0.43085116,0.37503806,0.46022654,0.46022654,0.42203858
mp-764481,LiMnV(P2O7)2,O,O,False,3.3712056755012,0.43175468,0.38904116,0.47799098,0.47799098,0.43292895
mp-764481,LiMnV(P2O7)2,O,Mn,True,3.4182203481671873,0.39615187,0.35514563,0.5536709,0.5536709,0.43498945
mp-764481,LiMnV(P2O7)2,O,P,True,1.5317577324094227,0.42360598,0.32159683,0.5304755,0.5304755,0.4252261
mp-764481,LiMnV(P2O7)2,O,Mn,True,1.9840418573463958,0.4172583,0.3749737,0.5568043,0.5568043,0.44967878
mp-764481,LiMnV(P2O7)2,O,O,False,2.50491171112413,0.4373028,0.39543116,0.44891804,0.44891804,0.42721733
mp-764481,LiMnV(P2O7)2,O,O,False,2.543181100340084,0.43757915,0.39800504,0.49623626,0.49623626,0.44394016
mp-764481,LiMnV(P2O7)2,O,O,False,2.5966500192857005,0.4383815,0.40644968,0.45979992,0.45979992,0.43487704
mp-764481,LiMnV(P2O7)2,O,O,False,2.6691195449855134,0.4397512,0.3943677,0.49649626,0.49649626,0.4435384
mp-764481,LiMnV(P2O7)2,O,O,False,2.786207413391922,0.4398961,0.38632637,0.50814533,0.50814533,0.44478926
mp-764481,LiMnV(P2O7)2,O,Li,True,2.7952574237755012,0.4474701,0.45210627,0.47836053,0.47836053,0.4593123
mp-764481,LiMnV(P2O7)2,O,O,False,3.0361431798524654,0.4307599,0.38365835,0.5135709,0.5135709,0.44266304
mp-764481,LiMnV(P2O7)2,O,O,False,3.220929218367894,0.43038398,0.386025,0.5058036,0.5058036,0.44073752
mp-764481,LiMnV(P2O7)2,O,O,False,3.331544654765,0.43122646,0.39318296,0.51087093,0.51087093,0.44509348
mp-764481,LiMnV(P2O7)2,O,O,False,3.368706876830871,0.43171644,0.39685124,0.5119356,0.5119356,0.44683442
mp-764481,LiMnV(P2O7)2,O,P,True,1.5174967546037008,0.42429698,0.346131,0.54874724,0.54874724,0.43972507
mp-764481,LiMnV(P2O7)2,O,Mn,True,1.9392690665766177,0.41591883,0.38778073,0.55057114,0.55057114,0.45142356
mp-764481,LiMnV(P2O7)2,O,O,False,2.4938790681327796,0.43727633,0.39420858,0.50088507,0.50088507,0.44412336
mp-764481,LiMnV(P2O7)2,O,O,False,2.56059149058755,0.43779433,0.42894268,0.44708076,0.44708076,0.43793926
mp-764481,LiMnV(P2O7)2,O,O,False,2.596444260921092,0.43837774,0.39673802,0.5063222,0.5063222,0.44714603
mp-764481,LiMnV(P2O7)2,O,O,False,2.764685573507088,0.4402185,0.3953256,0.50586796,0.50586796,0.44713736
mp-764481,LiMnV(P2O7)2,O,O,False,2.7862074133919226,0.4398961,0.4149993,0.48842183,0.48842183,0.4477724
mp-764481,LiMnV(P2O7)2,O,O,False,2.8488527217000383,0.43800688,0.3910609,0.5119977,0.5119977,0.4470218
mp-764481,LiMnV(P2O7)2,O,O,False,2.8806888900945307,0.43664497,0.38895923,0.50223005,0.50223005,0.44261143
mp-764481,LiMnV(P2O7)2,O,O,False,3.168755369441581,0.43011597,0.38773364,0.4950405,0.4950405,0.43763006
mp-764481,LiMnV(P2O7)2,O,O,False,3.3788232914354572,0.43187544,0.39875233,0.5061922,0.5061922,0.44560668
mp-764481,LiMnV(P2O7)2,O,O,False,3.406029537332977,0.43235835,0.40491778,0.5146806,0.5146806,0.45065224
mp-764481,LiMnV(P2O7)2,O,P,True,1.5277845300753796,0.42379165,0.3522904,0.5617961,0.5617961,0.44595942
mp-764481,LiMnV(P2O7)2,O,Li,True,2.0070144209163794,0.46266022,0.46324173,0.49127144,0.49127144,0.47239113
mp-764481,LiMnV(P2O7)2,O,Mn,True,2.0629889515525965,0.4166988,0.38551837,0.5444299,0.5444299,0.44888234
mp-764481,LiMnV(P2O7)2,O,O,False,2.4641866442697964,0.4373211,0.4424804,0.43102747,0.43102747,0.43694296
mp-764481,LiMnV(P2O7)2,O,O,False,2.553925206091826,0.43770587,0.39956278,0.4865002,0.4865002,0.44125628
mp-764481,LiMnV(P2O7)2,O,O,False,2.5956346374342143,0.43836293,0.42484912,0.46514198,0.46514198,0.44278467
mp-764481,LiMnV(P2O7)2,O,O,False,2.7028511185897317,0.44020897,0.40704095,0.49553508,0.49553508,0.447595
mp-764481,LiMnV(P2O7)2,O,O,False,2.8232174480625813,0.43893516,0.42682558,0.47863296,0.47863296,0.44813123
mp-764481,LiMnV(P2O7)2,O,O,False,2.8978593391417755,0.43585715,0.41305557,0.4930763,0.4930763,0.44732967
mp-764481,LiMnV(P2O7)2,O,O,False,2.8987731690804517,0.43581477,0.41421872,0.47128174,0.47128174,0.44043842
mp-764481,LiMnV(P2O7)2,O,O,False,3.0214442927154397,0.43108252,0.4017805,0.5035405,0.5035405,0.44546783
mp-764481,LiMnV(P2O7)2,O,O,False,3.2072708435016613,0.43030834,0.4249927,0.45559287,0.45559287,0.43696463
mp-764481,LiMnV(P2O7)2,O,P,True,1.536480972766701,0.42339268,0.36473417,0.55678153,0.55678153,0.44830278
mp-764481,LiMnV(P2O7)2,O,V,True,1.920006254462879,0.41681352,0.3889836,0.5631616,0.5631616,0.45631957
mp-764481,LiMnV(P2O7)2,O,O,False,2.485975764004724,0.43727195,0.41884023,0.45952204,0.45952204,0.43854475
mp-764481,LiMnV(P2O7)2,O,O,False,2.531433294998816,0.43746445,0.44383818,0.41872796,0.41872796,0.43334353
mp-764481,LiMnV(P2O7)2,O,O,False,2.553925206091827,0.43770587,0.40210527,0.47890723,0.47890723,0.4395728
mp-764481,LiMnV(P2O7)2,O,O,False,2.63601397339456,0.4391415,0.39293316,0.4685952,0.4685952,0.43355665
mp-764481,LiMnV(P2O7)2,O,O,False,2.7092534411563887,0.4402665,0.4263939,0.4496556,0.4496556,0.43877196
mp-764481,LiMnV(P2O7)2,O,O,False,2.734010652996744,0.44037512,0.40754244,0.46510205,0.46510205,0.4376732
mp-764481,LiMnV(P2O7)2,O,O,False,2.8407052926266716,0.43832168,0.41520536,0.4647597,0.4647597,0.43942893
mp-764481,LiMnV(P2O7)2,O,O,False,3.078410791756152,0.4301706,0.4074719,0.4661336,0.4661336,0.434592
mp-764481,LiMnV(P2O7)2,O,O,False,3.097890445840646,0.43004858,0.3925264,0.4549928,0.4549928,0.4258559
mp-764481,LiMnV(P2O7)2,O,P,True,3.1655082102691363,0.4172868,0.37142968,0.46941987,0.46941987,0.4193788
mp-764481,LiMnV(P2O7)2,O,P,True,1.5176745569619834,0.42428795,0.3398174,0.53985703,0.53985703,0.43465412
mp-764481,LiMnV(P2O7)2,O,Li,True,1.9828845611951242,0.46348014,0.45263666,0.4986727,0.4986727,0.4715965
mp-764481,LiMnV(P2O7)2,O,Mn,True,2.2535225802373513,0.40825585,0.38067564,0.54523104,0.54523104,0.44472083
mp-764481,LiMnV(P2O7)2,O,O,False,2.540399252008149,0.4375497,0.39660215,0.4769628,0.4769628,0.4370382
mp-764481,LiMnV(P2O7)2,O,O,False,2.5410492146906387,0.43755648,0.44365188,0.43978906,0.43978906,0.4403325
mp-764481,LiMnV(P2O7)2,O,O,False,2.5433952689299386,0.43758154,0.42980292,0.45339346,0.45339346,0.4402593
mp-764481,LiMnV(P2O7)2,O,O,False,2.6909909486715664,0.4400751,0.40238646,0.49016738,0.49016738,0.44420967
mp-764481,LiMnV(P2O7)2,O,O,False,2.848852721700039,0.43800688,0.413683,0.4999915,0.4999915,0.45056045
mp-764481,LiMnV(P2O7)2,O,O,False,3.004008825065556,0.43154705,0.4174138,0.48411,0.48411,0.44435695
mp-764481,LiMnV(P2O7)2,O,O,False,3.033487063463968,0.43081355,0.40754646,0.44347456,0.44347456,0.4272782
mp-764481,LiMnV(P2O7)2,O,O,False,3.036143179852466,0.4307599,0.4236626,0.4774515,0.4774515,0.443958
mp-764481,LiMnV(P2O7)2,O,O,False,3.112638940795318,0.43000698,0.39692962,0.49769557,0.49769557,0.44154406
mp-764481,LiMnV(P2O7)2,O,P,True,1.530726884999211,0.42365363,0.33934772,0.5439383,0.5439383,0.43564653
mp-764481,LiMnV(P2O7)2,O,V,True,1.948593620080302,0.4179023,0.38594097,0.5776041,0.5776041,0.46048245
mp-764481,LiMnV(P2O7)2,O,O,False,2.5015545269023653,0.43729222,0.44671422,0.4267007,0.4267007,0.43690237
mp-764481,LiMnV(P2O7)2,O,O,False,2.540399252008149,0.4375497,0.41028434,0.49037892,0.49037892,0.446071
mp-764481,LiMnV(P2O7)2,O,O,False,2.5498505159252494,0.43765545,0.43475473,0.44819275,0.44819275,0.44020095
mp-764481,LiMnV(P2O7)2,O,O,False,2.64612256219972,0.43933684,0.40155268,0.47796774,0.47796774,0.43961906
mp-764481,LiMnV(P2O7)2,O,O,False,2.721095168036368,0.44034225,0.42716682,0.46603155,0.46603155,0.44451356
mp-764481,LiMnV(P2O7)2,O,O,False,2.761464302914488,0.44025144,0.4189489,0.42727607,0.42727607,0.42882547
mp-764481,LiMnV(P2O7)2,O,O,False,2.870886506557072,0.43708217,0.40774742,0.4399894,0.4399894,0.42827296
mp-764481,LiMnV(P2O7)2,O,O,False,3.0832708934833186,0.43013227,0.39378884,0.48238653,0.48238653,0.43543586
mp-764481,LiMnV(P2O7)2,O,Li,True,3.1524869605380896,0.43713117,0.44903043,0.48718882,0.48718882,0.45778346
mp-764481,LiMnV(P2O7)2,O,O,False,3.168755369441581,0.43011597,0.41580307,0.49177977,0.49177977,0.4458996
mp-764481,LiMnV(P2O7)2,O,P,True,1.5492957480007894,0.42285812,0.3221628,0.548231,0.548231,0.431084
mp-764481,LiMnV(P2O7)2,O,Li,True,1.992653524955984,0.4631883,0.46345016,0.49772856,0.49772856,0.47478902
mp-764481,LiMnV(P2O7)2,O,V,True,2.0046976307962368,0.41907656,0.37202275,0.58248425,0.58248425,0.45786119
mp-764481,LiMnV(P2O7)2,O,O,False,2.520063584133244,0.43737835,0.40945503,0.5041994,0.5041994,0.45034423
mp-764481,LiMnV(P2O7)2,O,O,False,2.5454914478761608,0.4376047,0.40653637,0.43192673,0.43192673,0.4253559
mp-764481,LiMnV(P2O7)2,O,O,False,2.566308561559009,0.4378758,0.39881095,0.46708554,0.46708554,0.43459073
mp-764481,LiMnV(P2O7)2,O,O,False,2.6146797895461074,0.43872327,0.4052015,0.43818396,0.43818396,0.4273696
mp-764481,LiMnV(P2O7)2,O,O,False,2.709253441156391,0.4402665,0.3992437,0.4920958,0.4920958,0.44386867
mp-764481,LiMnV(P2O7)2,O,O,False,2.7651428670927336,0.4402135,0.39420077,0.48267028,0.48267028,0.43902817
mp-764481,LiMnV(P2O7)2,O,O,False,2.8539097696891615,0.43780333,0.38663942,0.4873476,0.4873476,0.43726346
mp-764481,LiMnV(P2O7)2,O,O,False,3.207270843501661,0.43030834,0.39909536,0.4942784,0.4942784,0.44122735
mp-764481,LiMnV(P2O7)2,O,O,False,3.235870908353377,0.4304698,0.39986905,0.5012793,0.5012793,0.4438727
mp-764481,LiMnV(P2O7)2,O,P,True,1.5490130433264102,0.4228692,0.353729,0.47618476,0.47618476,0.4175943
mp-764481,LiMnV(P2O7)2,O,V,True,1.9292258679994527,0.41719186,0.3742242,0.5768608,0.5768608,0.45609227
mp-764481,LiMnV(P2O7)2,O,O,False,2.498418791933163,0.43728432,0.41487488,0.478912,0.478912,0.4436904
mp-764481,LiMnV(P2O7)2,O,O,False,2.5571757494336484,0.4377481,0.425802,0.42984447,0.42984447,0.4311315
mp-764481,LiMnV(P2O7)2,O,O,False,2.589435008935579,0.43825167,0.39767313,0.49861524,0.49861524,0.44484666
mp-764481,LiMnV(P2O7)2,O,O,False,2.672209170385959,0.43980202,0.41085514,0.47908723,0.47908723,0.44324812
mp-764481,LiMnV(P2O7)2,O,O,False,2.7340106529967456,0.44037512,0.39314237,0.49503177,0.49503177,0.44284976
mp-764481,LiMnV(P2O7)2,O,O,False,2.765142867092734,0.4402135,0.41152114,0.4657265,0.4657265,0.4391537
mp-764481,LiMnV(P2O7)2,O,O,False,2.9156984364301013,0.43502975,0.39665353,0.43819845,0.43819845,0.42329392
mp-764481,LiMnV(P2O7)2,O,P,True,3.2473061229024127,0.41617483,0.35014558,0.55311656,0.55311656,0.43981233
mp-764481,LiMnV(P2O7)2,O,O,False,3.292404525264844,0.43085116,0.42549247,0.43602687,0.43602687,0.4307902
mp-764481,LiMnV(P2O7)2,O,O,False,3.333010671472129,0.43124312,0.40674034,0.47078964,0.47078964,0.43625772
mp-764481,LiMnV(P2O7)2,O,P,True,1.5368732427662277,0.42337537,0.33994842,0.48112625,0.48112625,0.4148167
mp-764481,LiMnV(P2O7)2,O,V,True,1.9175965317795067,0.41671097,0.367922,0.5822463,0.5822463,0.4556264
mp-764481,LiMnV(P2O7)2,O,O,False,2.524460061461425,0.43740863,0.39734617,0.46396658,0.46396658,0.43290713
mp-764481,LiMnV(P2O7)2,O,O,False,2.5316568834862716,0.43746638,0.4188824,0.44472617,0.44472617,0.43369165
mp-764481,LiMnV(P2O7)2,O,O,False,2.536686552435186,0.4375126,0.38980913,0.46919626,0.46919626,0.4321727
mp-764481,LiMnV(P2O7)2,O,O,False,2.6634042067811516,0.4396537,0.406178,0.4718285,0.4718285,0.43922007
mp-764481,LiMnV(P2O7)2,O,O,False,2.721095168036368,0.44034225,0.3837908,0.49002498,0.49002498,0.43805265
mp-764481,LiMnV(P2O7)2,O,O,False,2.8317324540990394,0.43864775,0.38884005,0.49656987,0.49656987,0.44135258
mp-764481,LiMnV(P2O7)2,O,O,False,2.9024724590069146,0.43564308,0.3904953,0.4414782,0.4414782,0.42253885
mp-764481,LiMnV(P2O7)2,O,O,False,3.297454990687812,0.43089285,0.40303284,0.43889257,0.43889257,0.42427278
mp-764481,LiMnV(P2O7)2,O,P,True,3.445983603067783,0.4145848,0.3581105,0.5460762,0.5460762,0.43959048
mp-764481,LiMnV(P2O7)2,O,O,False,3.462639927915339,0.4336032,0.405427,0.5172617,0.5172617,0.4520973
mp-764481,LiMnV(P2O7)2,O,P,True,1.6076012333375038,0.4214152,0.33862886,0.54731417,0.54731417,0.4357861
mp-764481,LiMnV(P2O7)2,O,P,True,1.6307874802489406,0.42135385,0.33574098,0.42271233,0.42271233,0.39326906
mp-764481,LiMnV(P2O7)2,O,O,False,2.464186644269797,0.4373211,0.3893897,0.46904182,0.46904182,0.43191755
mp-764481,LiMnV(P2O7)2,O,O,False,2.4706092753122686,0.43729752,0.383193,0.47342578,0.47342578,0.4313054
mp-764481,LiMnV(P2O7)2,O,O,False,2.531433294998817,0.43746445,0.39305183,0.46846667,0.46846667,0.43299434
mp-764481,LiMnV(P2O7)2,O,O,False,2.5502525161859833,0.43766034,0.38507977,0.45187554,0.45187554,0.4248719
mp-764481,LiMnV(P2O7)2,O,O,False,2.5517599706832668,0.43767875,0.38681343,0.4608742,0.4608742,0.42845547
mp-764481,LiMnV(P2O7)2,O,O,False,2.5571757494336484,0.4377481,0.38021678,0.44959533,0.44959533,0.42252007
mp-764481,LiMnV(P2O7)2,O,Li,True,3.0881978645225847,0.4369793,0.44253248,0.4483372,0.4483372,0.4426163
mp-764481,LiMnV(P2O7)2,O,O,False,3.1263792515747166,0.43000063,0.38649818,0.4888507,0.4888507,0.43511653
mp-764481,LiMnV(P2O7)2,O,O,False,3.3242110313656617,0.43114614,0.38872385,0.46363074,0.46363074,0.42783356
mp-764481,LiMnV(P2O7)2,O,V,True,3.355829460621818,0.3994575,0.35756975,0.5942111,0.5942111,0.45041278
mp-764481,LiMnV(P2O7)2,O,P,True,1.5358436064447782,0.42342103,0.33705038,0.52917355,0.52917355,0.42988166
mp-764481,LiMnV(P2O7)2,O,V,True,2.010994160989016,0.4191105,0.37451547,0.5920552,0.5920552,0.4618937
mp-764481,LiMnV(P2O7)2,O,Li,True,2.1669907019746364,0.45295802,0.46229494,0.50377405,0.50377405,0.473009
mp-764481,LiMnV(P2O7)2,O,O,False,2.4916297951628232,0.43727386,0.4297651,0.43767664,0.43767664,0.4349052
mp-764481,LiMnV(P2O7)2,O,O,False,2.498230873632069,0.4372839,0.4168966,0.46747094,0.46747094,0.44055048
mp-764481,LiMnV(P2O7)2,O,O,False,2.5068498100640424,0.43730992,0.41976374,0.44905308,0.44905308,0.43537557
mp-764481,LiMnV(P2O7)2,O,O,False,2.6086248463920776,0.43860632,0.40531713,0.44385907,0.44385907,0.42926085
mp-764481,LiMnV(P2O7)2,O,O,False,2.761464302914488,0.44025144,0.39628765,0.4786262,0.4786262,0.43838844
mp-764481,LiMnV(P2O7)2,O,O,False,2.893696281129378,0.43604982,0.40591905,0.45469105,0.45469105,0.43221998
mp-764481,LiMnV(P2O7)2,O,O,False,2.9024724590069146,0.43564308,0.40360516,0.463939,0.463939,0.43439576
mp-764481,LiMnV(P2O7)2,O,O,False,3.033487063463969,0.43081355,0.39707124,0.49925148,0.49925148,0.44237876
mp-764481,LiMnV(P2O7)2,O,P,True,3.175420133364391,0.41719297,0.3407546,0.53170645,0.53170645,0.42988467
mp-764481,LiMnV(P2O7)2,O,P,True,1.4917251550463755,0.4256883,0.3453617,0.47819608,0.47819608,0.41641536
mp-764481,LiMnV(P2O7)2,O,Mn,True,2.1222158977169716,0.41437107,0.38132587,0.5466723,0.5466723,0.44745645
mp-764481,LiMnV(P2O7)2,O,O,False,2.47060927531227,0.43729752,0.42257196,0.4363174,0.4363174,0.4320623
mp-764481,LiMnV(P2O7)2,O,O,False,2.543663081706996,0.43758443,0.40559244,0.47921604,0.47921604,0.44079766
mp-764481,LiMnV(P2O7)2,O,O,False,2.5894350089355793,0.43825167,0.3941973,0.47800693,0.47800693,0.43681863
mp-764481,LiMnV(P2O7)2,O,O,False,2.764685573507088,0.4402185,0.39704096,0.50395924,0.50395924,0.4470729
mp-764481,LiMnV(P2O7)2,O,O,False,2.916990598380615,0.43497014,0.38299733,0.49439532,0.49439532,0.43745425
mp-764481,LiMnV(P2O7)2,O,O,False,3.062639725953217,0.43033463,0.38066882,0.49231917,0.49231917,0.43444085
mp-764481,LiMnV(P2O7)2,O,O,False,3.084108088156333,0.43012622,0.39765948,0.48291406,0.48291406,0.43689993
mp-764481,LiMnV(P2O7)2,O,P,True,3.1742399228450657,0.41720474,0.34142494,0.5464256,0.5464256,0.43501842
mp-764481,LiMnV(P2O7)2,O,O,False,3.220929218367895,0.43038398,0.4082501,0.47958463,0.47958463,0.43940625
mp-764481,LiMnV(P2O7)2,O,O,False,3.323275241375443,0.43113625,0.41126695,0.502812,0.502812,0.44840506
mp-764481,LiMnV(P2O7)2,O,P,True,1.533592533807241,0.4235221,0.3487658,0.56489015,0.56489015,0.445726
mp-764481,LiMnV(P2O7)2,O,Li,True,1.9766508312291293,0.4636374,0.46511725,0.4943182,0.4943182,0.4743576
mp-764481,LiMnV(P2O7)2,O,Mn,True,2.009082972531261,0.41748092,0.38031003,0.55784976,0.55784976,0.45188022
mp-764481,LiMnV(P2O7)2,O,O,False,2.4859757640047238,0.43727195,0.40671462,0.49536532,0.49536532,0.44645062
mp-764481,LiMnV(P2O7)2,O,O,False,2.550252516185983,0.43766034,0.43251553,0.4436985,0.4436985,0.43795812
mp-764481,LiMnV(P2O7)2,O,O,False,2.5956346374342147,0.43836293,0.40925157,0.49479023,0.49479023,0.44746825
mp-764481,LiMnV(P2O7)2,O,O,False,2.6988984049334555,0.4401681,0.40424106,0.4651958,0.4651958,0.436535
mp-764481,LiMnV(P2O7)2,O,O,False,2.7943769902206874,0.43972707,0.42024398,0.4793098,0.4793098,0.44642696
mp-764481,LiMnV(P2O7)2,O,O,False,2.8391129197069835,0.4383812,0.40733123,0.50806344,0.50806344,0.45125863
mp-764481,LiMnV(P2O7)2,O,O,False,2.8830951958412085,0.43653592,0.3973561,0.4978967,0.4978967,0.44392955
mp-764481,LiMnV(P2O7)2,O,O,False,3.1272625693554597,0.43000114,0.39864296,0.46780214,0.46780214,0.43214872
mp-764481,LiMnV(P2O7)2,O,O,False,3.2816323755608585,0.43076763,0.40180647,0.4959842,0.4959842,0.44285277
mp-764481,LiMnV(P2O7)2,O,P,True,1.5317008979608948,0.4236086,0.33939713,0.526633,0.526633,0.42987958
mp-764481,LiMnV(P2O7)2,O,Mn,True,1.9394586411243726,0.4159268,0.3757336,0.5597804,0.5597804,0.4504803
mp-764481,LiMnV(P2O7)2,O,O,False,2.4879838298518364,0.43727192,0.38604286,0.4811703,0.4811703,0.43482837
mp-764481,LiMnV(P2O7)2,O,O,False,2.5353665157875422,0.4375,0.39056376,0.5091659,0.5091659,0.4457432
mp-764481,LiMnV(P2O7)2,O,O,False,2.5647008217837475,0.43785238,0.40473253,0.46565247,0.46565247,0.4360791
mp-764481,LiMnV(P2O7)2,O,O,False,2.6691195449855134,0.4397512,0.38974056,0.49280772,0.49280772,0.44076648
mp-764481,LiMnV(P2O7)2,O,O,False,2.837406787621162,0.4384442,0.37692353,0.5078851,0.5078851,0.44108427
mp-764481,LiMnV(P2O7)2,O,O,False,3.004008825065556,0.43154705,0.38058448,0.52152205,0.52152205,0.4445512
mp-764481,LiMnV(P2O7)2,O,O,False,3.0841080881563334,0.43012622,0.3704422,0.5097035,0.5097035,0.43675733
mp-764481,LiMnV(P2O7)2,O,O,False,3.273693357391388,0.43071017,0.40311906,0.46651912,0.46651912,0.43344942
mp-764481,LiMnV(P2O7)2,O,P,True,3.4313065610772817,0.41442552,0.33677408,0.5206739,0.5206739,0.42395782
mp-764481,LiMnV(P2O7)2,O,Li,True,3.523554115733556,0.44571555,0.44608098,0.50036454,0.50036454,0.46405372
mp-764481,LiMnV(P2O7)2,O,P,True,1.5325542678394863,0.4235694,0.3513044,0.55888724,0.55888724,0.44458702
mp-764481,LiMnV(P2O7)2,O,Li,True,1.9902283023447274,0.4632659,0.46180892,0.49405664,0.49405664,0.47304383
mp-764481,LiMnV(P2O7)2,O,Mn,True,2.0510756493455533,0.41700688,0.3908956,0.5443711,0.5443711,0.45075786
mp-764481,LiMnV(P2O7)2,O,O,False,2.4577540877473987,0.437352,0.42737073,0.42984042,0.42984042,0.43152106
mp-764481,LiMnV(P2O7)2,O,O,False,2.5510234944409214,0.4376697,0.39888108,0.48132804,0.48132804,0.43929294
mp-764481,LiMnV(P2O7)2,O,O,False,2.597652474602626,0.4383999,0.42103416,0.49377152,0.49377152,0.45106852
mp-764481,LiMnV(P2O7)2,O,O,False,2.6909909486715664,0.4400751,0.40606582,0.496239,0.496239,0.44745997
mp-764481,LiMnV(P2O7)2,O,O,False,2.8374067876211617,0.4384442,0.42289478,0.47648913,0.47648913,0.44594273
mp-764481,LiMnV(P2O7)2,O,O,False,2.880688890094532,0.43664497,0.4118574,0.49289334,0.49289334,0.4471319
mp-764481,LiMnV(P2O7)2,O,O,False,2.9169905983806164,0.43497014,0.4003459,0.48693472,0.48693472,0.44075027
mp-764481,LiMnV(P2O7)2,O,O,False,3.1215568325128524,0.42999968,0.40104586,0.49698773,0.49698773,0.44267774
mp-764481,LiMnV(P2O7)2,O,O,False,3.193422127548077,0.4302346,0.40666917,0.44541687,0.44541687,0.42744026
mp-764481,LiMnV(P2O7)2,O,P,True,1.4956632875943139,0.42546636,0.33760402,0.53914756,0.53914756,0.43407264
mp-764481,LiMnV(P2O7)2,O,Mn,True,2.108077428169432,0.41501588,0.38449025,0.5484502,0.5484502,0.44931877
mp-764481,LiMnV(P2O7)2,O,O,False,2.5200635841332457,0.43737835,0.4286552,0.46664476,0.46664476,0.44422612
mp-764481,LiMnV(P2O7)2,O,O,False,2.549247920520363,0.43764824,0.43071502,0.43743598,0.43743598,0.4352664
mp-764481,LiMnV(P2O7)2,O,O,False,2.561317811548883,0.4378044,0.40054578,0.4708503,0.4708503,0.43640018
mp-764481,LiMnV(P2O7)2,O,O,False,2.745227408478427,0.4403577,0.40021363,0.5021564,0.5021564,0.4475759
mp-764481,LiMnV(P2O7)2,O,O,False,2.839112919706982,0.4383812,0.41422123,0.4778891,0.4778891,0.44349718
mp-764481,LiMnV(P2O7)2,O,O,False,2.9408557152944033,0.43389416,0.42512327,0.48285097,0.48285097,0.44728947
mp-764481,LiMnV(P2O7)2,O,O,False,3.02144429271544,0.43108252,0.39517188,0.5024338,0.5024338,0.44289604
mp-764481,LiMnV(P2O7)2,O,O,False,3.047781617037217,0.4305489,0.41507578,0.48426792,0.48426792,0.44329754
mp-764481,LiMnV(P2O7)2,O,P,True,3.1204722002983165,0.417611,0.35129574,0.55592847,0.55592847,0.44161174
mp-764481,LiMnV(P2O7)2,O,O,False,3.1232011454242077,0.42999965,0.4016529,0.47140503,0.47140503,0.43435252
mp-764481,LiMnV(P2O7)2,O,P,True,1.53888561743528,0.42328733,0.36010596,0.5546092,0.5546092,0.4460008
mp-764481,LiMnV(P2O7)2,O,V,True,1.9081443334396764,0.41629583,0.38934746,0.56444764,0.56444764,0.456697
mp-764481,LiMnV(P2O7)2,O,O,False,2.4923364593533703,0.43727452,0.4191858,0.4864977,0.4864977,0.44765267
mp-764481,LiMnV(P2O7)2,O,O,False,2.527399305203758,0.43743104,0.43084568,0.4137587,0.4137587,0.42734513
mp-764481,LiMnV(P2O7)2,O,O,False,2.5510234944409205,0.4376697,0.40046287,0.4767644,0.4767644,0.43829897
mp-764481,LiMnV(P2O7)2,O,O,False,2.6461225621997206,0.43933684,0.3938125,0.4665392,0.4665392,0.43322954
mp-764481,LiMnV(P2O7)2,O,O,False,2.72729768408961,0.44036484,0.40954095,0.43801993,0.43801993,0.42930856
mp-764481,LiMnV(P2O7)2,O,O,False,2.7383414574622047,0.44037363,0.42287531,0.4518459,0.4518459,0.43836495
mp-764481,LiMnV(P2O7)2,O,O,False,2.8317324540990394,0.43864775,0.41712418,0.46114194,0.46114194,0.43897128
mp-764481,LiMnV(P2O7)2,O,O,False,3.062639725953218,0.43033463,0.39663088,0.48228976,0.48228976,0.4364184
mp-764481,LiMnV(P2O7)2,O,O,False,3.0886242251571505,0.43009627,0.3886021,0.46820962,0.46820962,0.42896935
mp-764481,LiMnV(P2O7)2,O,P,True,3.160288495925766,0.41733208,0.37202507,0.46882075,0.46882075,0.41939268
mp-764481,LiMnV(P2O7)2,O,P,True,1.5407631268549304,0.42320666,0.33820623,0.5470965,0.5470965,0.43616977
mp-764481,LiMnV(P2O7)2,O,Li,True,1.951369549255667,0.4640445,0.4654668,0.48830074,0.48830074,0.47260404
mp-764481,LiMnV(P2O7)2,O,V,True,2.03707531532857,0.4190281,0.381704,0.5809815,0.5809815,0.4605712
mp-764481,LiMnV(P2O7)2,O,O,False,2.458953478295012,0.43734568,0.42947376,0.42721832,0.42721832,0.43134594
mp-764481,LiMnV(P2O7)2,O,O,False,2.561317811548883,0.4378044,0.4150803,0.4951583,0.4951583,0.44934765
mp-764481,LiMnV(P2O7)2,O,O,False,2.56630856155901,0.4378758,0.43288606,0.45474076,0.45474076,0.4418342
mp-764481,LiMnV(P2O7)2,O,O,False,2.604432623671425,0.4385265,0.4057642,0.4763246,0.4763246,0.4402051
mp-764481,LiMnV(P2O7)2,O,O,False,2.73477925709173,0.44037533,0.4254213,0.46829334,0.46829334,0.44469666
mp-764481,LiMnV(P2O7)2,O,O,False,2.8091416718315925,0.43935838,0.41042137,0.4582747,0.4582747,0.43601814
mp-764481,LiMnV(P2O7)2,O,O,False,2.849054872425034,0.43799883,0.4384825,0.47128186,0.47128186,0.4492544
mp-764481,LiMnV(P2O7)2,O,O,False,3.0978904458406484,0.43004858,0.39711398,0.48590568,0.48590568,0.43768942
mp-764481,LiMnV(P2O7)2,O,O,False,3.127262569355461,0.43000114,0.4120173,0.45780325,0.45780325,0.43327388
mp-764481,LiMnV(P2O7)2,O,P,True,1.5532594740995471,0.4227068,0.33991823,0.56503415,0.56503415,0.44255304
mp-764481,LiMnV(P2O7)2,O,Li,True,1.992203689494384,0.46320292,0.46572098,0.50130457,0.50130457,0.47674283
mp-764481,LiMnV(P2O7)2,O,V,True,2.001775226110952,0.41905367,0.37307373,0.58795345,0.58795345,0.46002695
mp-764481,LiMnV(P2O7)2,O,O,False,2.5175006714090045,0.43736237,0.4377485,0.42988116,0.42988116,0.43499732
mp-764481,LiMnV(P2O7)2,O,O,False,2.54281851177592,0.43757525,0.41189462,0.48658243,0.48658243,0.44535077
mp-764481,LiMnV(P2O7)2,O,O,False,2.5508096667952844,0.43766707,0.40072834,0.47181812,0.47181812,0.43673787
mp-764481,LiMnV(P2O7)2,O,O,False,2.6086248463920776,0.43860632,0.41563085,0.42555422,0.42555422,0.42659712
mp-764481,LiMnV(P2O7)2,O,O,False,2.72729768408961,0.44036484,0.4053863,0.47870326,0.47870326,0.4414848
mp-764481,LiMnV(P2O7)2,O,O,False,2.777950707947939,0.44004095,0.41858506,0.45415828,0.45415828,0.43759477
mp-764481,LiMnV(P2O7)2,O,O,False,2.870886506557072,0.43708217,0.39310363,0.4733254,0.4733254,0.4345037
mp-764481,LiMnV(P2O7)2,O,O,False,3.1934221275480774,0.4302346,0.40361246,0.48337817,0.48337817,0.43907508
mp-764481,LiMnV(P2O7)2,O,O,False,3.242085746719303,0.4305066,0.4081492,0.49593505,0.49593505,0.44486365
mp-764481,LiMnV(P2O7)2,O,P,True,1.5482284985071948,0.42290008,0.35451636,0.47539282,0.47539282,0.4176031
mp-764481,LiMnV(P2O7)2,O,V,True,1.9101768262083325,0.41638672,0.3682714,0.58243924,0.58243924,0.45569912
mp-764481,LiMnV(P2O7)2,O,O,False,2.498418791933163,0.43728432,0.39916006,0.48054156,0.48054156,0.43899533
mp-764481,LiMnV(P2O7)2,O,O,False,2.543663081706996,0.43758443,0.39350927,0.49996275,0.49996275,0.44368544
mp-764481,LiMnV(P2O7)2,O,O,False,2.551759970683267,0.43767875,0.42118365,0.44204497,0.44204497,0.4336358
mp-764481,LiMnV(P2O7)2,O,O,False,2.6769658133623166,0.43987724,0.408369,0.4669771,0.4669771,0.43840778
mp-764481,LiMnV(P2O7)2,O,O,False,2.7347792570917306,0.44037533,0.38966566,0.46851426,0.46851426,0.43285176
mp-764481,LiMnV(P2O7)2,O,O,False,2.7892108048763,0.43983686,0.38856277,0.49351037,0.49351037,0.44063666
mp-764481,LiMnV(P2O7)2,O,O,False,2.79718306450776,0.4396632,0.3918517,0.469788,0.469788,0.43376765
mp-764481,LiMnV(P2O7)2,O,O,False,3.3072696195085034,0.4309791,0.4347951,0.4503938,0.4503938,0.4387227
mp-764481,LiMnV(P2O7)2,O,Li,True,3.4204837639884174,0.44244945,0.45523915,0.48659277,0.48659277,0.46142712
mp-764481,LiMnV(P2O7)2,O,P,True,3.445247403260856,0.41457555,0.35616076,0.55427396,0.55427396,0.4416701
mp-764481,LiMnV(P2O7)2,O,P,True,1.527242066743067,0.42381746,0.34867132,0.53032494,0.53032494,0.43427125
mp-764481,LiMnV(P2O7)2,O,V,True,1.9349478043992814,0.41741452,0.37599903,0.57978886,0.57978886,0.4577341
mp-764481,LiMnV(P2O7)2,O,O,False,2.4639639305701966,0.43732208,0.4294635,0.43558854,0.43558854,0.4341247
mp-764481,LiMnV(P2O7)2,O,O,False,2.4879838298518373,0.43727192,0.41532713,0.4874036,0.4874036,0.44666755
mp-764481,LiMnV(P2O7)2,O,O,False,2.5613608878105993,0.437805,0.413812,0.49874452,0.49874452,0.45012048
mp-764481,LiMnV(P2O7)2,O,O,False,2.687267657970487,0.44002643,0.42716962,0.48089516,0.48089516,0.44936374
mp-764481,LiMnV(P2O7)2,O,O,False,2.7971830645077604,0.4396632,0.4057476,0.4779694,0.4779694,0.44112673
mp-764481,LiMnV(P2O7)2,O,O,False,2.8091416718315934,0.43935838,0.38973725,0.46755728,0.46755728,0.43221763
mp-764481,LiMnV(P2O7)2,O,O,False,2.9160106059625437,0.43501535,0.40117145,0.46284842,0.46284842,0.43301174
mp-764481,LiMnV(P2O7)2,O,O,False,3.1232011454242086,0.42999965,0.3975683,0.50774455,0.50774455,0.44510415
mp-764481,LiMnV(P2O7)2,O,P,True,3.18912251405201,0.41704488,0.33423716,0.5302144,0.5302144,0.4271655
mp-764481,LiMnV(P2O7)2,O,O,False,3.3330106714721297,0.43124312,0.40411603,0.4819672,0.4819672,0.43910876
mp-764481,LiMnV(P2O7)2,O,P,True,1.507334575186827,0.4248268,0.334657,0.48312527,0.48312527,0.41420302
mp-764481,LiMnV(P2O7)2,O,Li,True,1.961455627161087,0.46392596,0.4545109,0.49076858,0.49076858,0.46973515
mp-764481,LiMnV(P2O7)2,O,Mn,True,2.276945692459889,0.407296,0.36754283,0.5437098,0.5437098,0.43951622
mp-764481,LiMnV(P2O7)2,O,O,False,2.489476816032982,0.4372724,0.42275286,0.43982252,0.43982252,0.4332826
mp-764481,LiMnV(P2O7)2,O,O,False,2.530907624867984,0.43745995,0.39920172,0.4504959,0.4504959,0.4290525
mp-764481,LiMnV(P2O7)2,O,O,False,2.5366865524351856,0.4375126,0.40858868,0.46690196,0.46690196,0.43766776
mp-764481,LiMnV(P2O7)2,O,O,False,2.6988984049334555,0.4401681,0.40263447,0.46081936,0.46081936,0.43454066
mp-764481,LiMnV(P2O7)2,O,O,False,2.875870204256956,0.4368614,0.3897845,0.4879457,0.4879457,0.43819717
mp-764481,LiMnV(P2O7)2,O,O,False,2.985272003878902,0.43214247,0.38498926,0.4856879,0.4856879,0.43427324
mp-764481,LiMnV(P2O7)2,O,P,True,3.166844346824793,0.41727477,0.33834404,0.56895155,0.56895155,0.44152346
mp-764481,LiMnV(P2O7)2,O,O,False,3.206721784807957,0.43030536,0.4035193,0.47239712,0.47239712,0.43540725
mp-764481,LiMnV(P2O7)2,O,O,False,3.216929586636254,0.43036157,0.410259,0.4703069,0.4703069,0.43697584
mp-764481,LiMnV(P2O7)2,O,P,True,1.605347177882256,0.42143732,0.3217184,0.51502305,0.51502305,0.4193929
mp-764481,LiMnV(P2O7)2,O,P,True,1.626014636024236,0.42134172,0.3293073,0.49719363,0.49719363,0.41594753
mp-764481,LiMnV(P2O7)2,O,O,False,2.463963930570196,0.43732208,0.3767097,0.43884012,0.43884012,0.41762397
mp-764481,LiMnV(P2O7)2,O,O,False,2.5004403879576707,0.43728918,0.372392,0.45522115,0.45522115,0.4216341
mp-764481,LiMnV(P2O7)2,O,O,False,2.5175006714090045,0.43736237,0.37291166,0.42899254,0.42899254,0.41308883
mp-764481,LiMnV(P2O7)2,O,O,False,2.542722491469715,0.4375742,0.38816684,0.47817454,0.47817454,0.43463853
mp-764481,LiMnV(P2O7)2,O,O,False,2.5647008217837475,0.43785238,0.37728843,0.47015077,0.47015077,0.42843056
mp-764481,LiMnV(P2O7)2,O,O,False,2.5801157001491113,0.4380921,0.3732812,0.47134313,0.47134313,0.42757216
mp-764481,LiMnV(P2O7)2,O,O,False,3.2678649576326366,0.43066996,0.37892136,0.44855747,0.44855747,0.41938293
mp-764481,LiMnV(P2O7)2,O,O,False,3.2761159814070666,0.43072736,0.37637964,0.47429553,0.47429553,0.42713416
mp-764481,LiMnV(P2O7)2,O,O,False,3.36454213089077,0.43165427,0.38830093,0.46734178,0.46734178,0.429099
mp-764481,LiMnV(P2O7)2,O,Mn,True,3.404781536141543,0.39616734,0.3453411,0.5500178,0.5500178,0.43050873
mp-764481,LiMnV(P2O7)2,O,P,True,1.526072192159067,0.4238734,0.32551885,0.51958627,0.51958627,0.42299286
mp-764481,LiMnV(P2O7)2,O,Mn,True,1.943090498409025,0.41607678,0.3637708,0.5584813,0.5584813,0.44610962
mp-764481,LiMnV(P2O7)2,O,O,False,2.4982308736320693,0.4372839,0.3866491,0.448977,0.448977,0.42430332
mp-764481,LiMnV(P2O7)2,O,O,False,2.546384605457674,0.43761486,0.40208676,0.46482757,0.46482757,0.43484306
mp-764481,LiMnV(P2O7)2,O,O,False,2.5488206289507693,0.43764317,0.38996643,0.47896737,0.47896737,0.43552566
mp-764481,LiMnV(P2O7)2,O,O,False,2.6466523462425156,0.43934694,0.387622,0.4913879,0.4913879,0.43945226
mp-764481,LiMnV(P2O7)2,O,O,False,2.8183112305305573,0.43909025,0.37430513,0.5103376,0.5103376,0.44124433
mp-764481,LiMnV(P2O7)2,O,O,False,3.047781617037217,0.4305489,0.38334155,0.521436,0.521436,0.4451088
mp-764481,LiMnV(P2O7)2,O,O,False,3.2067217848079568,0.43030536,0.37512925,0.48100266,0.48100266,0.4288124
mp-764481,LiMnV(P2O7)2,O,O,False,3.2807535209896934,0.43076116,0.38794762,0.4600546,0.4600546,0.42625448
mp-764481,LiMnV(P2O7)2,O,P,True,3.418883978699587,0.41433161,0.33609307,0.51356506,0.51356506,0.4213299
mp-764481,LiMnV(P2O7)2,O,P,True,3.5574349958455835,0.41700786,0.33561918,0.53989774,0.53989774,0.4308416
mp-764481,LiMnV(P2O7)2,O,P,True,1.524517825198362,0.4239484,0.3272158,0.52590567,0.52590567,0.42568994
mp-764481,LiMnV(P2O7)2,O,Mn,True,1.9579232029483093,0.4166163,0.3634991,0.5484162,0.5484162,0.44284382
mp-764481,LiMnV(P2O7)2,O,O,False,2.5353665157875427,0.4375,0.38795748,0.49742126,0.49742126,0.44095957
mp-764481,LiMnV(P2O7)2,O,O,False,2.5613608878106002,0.437805,0.3812538,0.480027,0.480027,0.43302858
mp-764481,LiMnV(P2O7)2,O,O,False,2.5801157001491117,0.4380921,0.3999403,0.45094392,0.45094392,0.42965877
mp-764481,LiMnV(P2O7)2,O,O,False,2.674822905048255,0.4398438,0.38579828,0.49864078,0.49864078,0.44142762
mp-764481,LiMnV(P2O7)2,O,O,False,2.7698727193732626,0.44015718,0.376584,0.5079323,0.5079323,0.4415578
mp-764481,LiMnV(P2O7)2,O,O,False,3.0168029765611886,0.43119752,0.3745312,0.51183236,0.51183236,0.43918705
mp-764481,LiMnV(P2O7)2,O,O,False,3.2041336274638237,0.43029138,0.37971935,0.49040896,0.49040896,0.43347323
mp-764481,LiMnV(P2O7)2,O,O,False,3.3232752413754434,0.43113625,0.3825425,0.508411,0.508411,0.44069657
mp-764481,LiMnV(P2O7)2,O,O,False,3.3454563432645728,0.4313931,0.38522875,0.5086603,0.5086603,0.4417607
mp-764481,LiMnV(P2O7)2,O,P,True,3.393370113661883,0.41425985,0.32676166,0.54854065,0.54854065,0.42985407
mp-764481,LiMnV(P2O7)2,O,P,True,1.5193733474707785,0.4242023,0.34419435,0.55022573,0.55022573,0.43954077
mp-764481,LiMnV(P2O7)2,O,Mn,True,1.9361663199414114,0.41578507,0.37995785,0.54946923,0.54946923,0.44840407
mp-764481,LiMnV(P2O7)2,O,O,False,2.4923364593533712,0.43727452,0.39340478,0.4975474,0.4975474,0.44274223
mp-764481,LiMnV(P2O7)2,O,O,False,2.554359578745986,0.43771142,0.41516393,0.4399056,0.4399056,0.430927
mp-764481,LiMnV(P2O7)2,O,O,False,2.5976524746026266,0.4383999,0.39615938,0.5010805,0.5010805,0.4452133
mp-764481,LiMnV(P2O7)2,O,O,False,2.7608063831415177,0.44025767,0.405727,0.4876669,0.4876669,0.4445505
mp-764481,LiMnV(P2O7)2,O,O,False,2.769872719373263,0.44015718,0.41338,0.5020864,0.5020864,0.45187452
mp-764481,LiMnV(P2O7)2,O,O,False,2.853852676429448,0.43780565,0.39056236,0.5070987,0.5070987,0.44515553
mp-764481,LiMnV(P2O7)2,O,O,False,2.897859339141775,0.43585715,0.39051917,0.4988343,0.4988343,0.44173685
mp-764481,LiMnV(P2O7)2,O,O,False,3.1706650384965087,0.43012428,0.38733074,0.4918043,0.4918043,0.4364198
mp-764481,LiMnV(P2O7)2,O,O,False,3.3766346170421513,0.4318401,0.39814705,0.50607854,0.50607854,0.44535527
mp-764481,LiMnV(P2O7)2,O,O,False,3.390617808222828,0.43207493,0.40485287,0.5096702,0.5096702,0.44886598
mp-764481,LiMnV(P2O7)2,O,P,True,1.520898546485538,0.42412615,0.3428011,0.57006615,0.57006615,0.4456645
mp-764481,LiMnV(P2O7)2,O,Mn,True,1.9542446098256219,0.41649377,0.3864094,0.54805225,0.54805225,0.4503185
mp-764481,LiMnV(P2O7)2,O,O,False,2.499579306796167,0.43728703,0.4532661,0.43881875,0.43881875,0.44312397
mp-764481,LiMnV(P2O7)2,O,O,False,2.528884795763731,0.437443,0.39919516,0.4798348,0.4798348,0.43882433
mp-764481,LiMnV(P2O7)2,O,O,False,2.579966448760963,0.4380896,0.42182302,0.49634665,0.49634665,0.45208645
mp-764481,LiMnV(P2O7)2,O,O,False,2.745227408478429,0.4403577,0.40803802,0.5014503,0.5014503,0.44994867
mp-764481,LiMnV(P2O7)2,O,O,False,2.81831123053056,0.43909025,0.42325515,0.4715821,0.4715821,0.4446425
mp-764481,LiMnV(P2O7)2,O,O,False,2.875870204256959,0.4368614,0.40449983,0.45634198,0.45634198,0.43256775
mp-764481,LiMnV(P2O7)2,O,O,False,2.8830951958412094,0.43653592,0.41439036,0.46227068,0.46227068,0.4377323
mp-764481,LiMnV(P2O7)2,O,O,False,3.1061622202574957,0.43002036,0.40077212,0.50192666,0.50192666,0.4442397
mp-764481,LiMnV(P2O7)2,O,Li,True,3.107362609969602,0.4369247,0.44315848,0.47327268,0.47327268,0.45111862
mp-764481,LiMnV(P2O7)2,O,O,False,3.2852333996938485,0.43079478,0.43902785,0.47378796,0.47378796,0.44787017
mp-764481,LiMnV(P2O7)2,O,P,True,1.5503857624548971,0.42281586,0.3572718,0.560573,0.560573,0.44688687
mp-764481,LiMnV(P2O7)2,O,V,True,1.9972159641442908,0.41900903,0.39626202,0.5652118,0.5652118,0.46016094
mp-764481,LiMnV(P2O7)2,O,Li,True,2.0510284580502587,0.46039572,0.45809552,0.47641355,0.47641355,0.4649683
mp-764481,LiMnV(P2O7)2,O,O,False,2.520569926475245,0.43738163,0.42229295,0.48173213,0.48173213,0.44713557
mp-764481,LiMnV(P2O7)2,O,O,False,2.526778927380198,0.43742615,0.45916304,0.4251554,0.4251554,0.44058153
mp-764481,LiMnV(P2O7)2,O,O,False,2.5288847957637315,0.437443,0.40484762,0.47101864,0.47101864,0.43776977
mp-764481,LiMnV(P2O7)2,O,O,False,2.604432623671426,0.4385265,0.40592396,0.4435332,0.4435332,0.42932788
mp-764481,LiMnV(P2O7)2,O,O,False,2.690563598806679,0.44006965,0.4432689,0.4539859,0.4539859,0.44577482
mp-764481,LiMnV(P2O7)2,O,O,False,2.7892108048763,0.43983686,0.42229286,0.45817855,0.45817855,0.44010273
mp-764481,LiMnV(P2O7)2,O,O,False,2.8257206559308234,0.43885303,0.42075068,0.4450581,0.4450581,0.43488726
mp-764481,LiMnV(P2O7)2,O,O,False,2.9852720038789036,0.43214247,0.3995237,0.44635278,0.44635278,0.42600632
mp-764481,LiMnV(P2O7)2,O,O,False,3.169628179167017,0.43011975,0.39556822,0.46406773,0.46406773,0.42991856
mp-764481,LiMnV(P2O7)2,O,P,True,1.517933004819113,0.42427486,0.3415963,0.5536336,0.5536336,0.43983492
mp-764481,LiMnV(P2O7)2,O,Li,True,1.9794010131047615,0.46357083,0.4532986,0.4928073,0.4928073,0.46989223
mp-764481,LiMnV(P2O7)2,O,Mn,True,2.2492920640836043,0.4084328,0.3777604,0.5441481,0.5441481,0.4434471
mp-764481,LiMnV(P2O7)2,O,O,False,2.5395909784739277,0.4375414,0.39672405,0.4730425,0.4730425,0.43576932
mp-764481,LiMnV(P2O7)2,O,O,False,2.5427224914697155,0.4375742,0.44376814,0.43207264,0.43207264,0.43780503
mp-764481,LiMnV(P2O7)2,O,O,False,2.5428185117759203,0.43757525,0.4112426,0.44661126,0.44661126,0.4318097
mp-764481,LiMnV(P2O7)2,O,O,False,2.7028511185897317,0.44020897,0.40476128,0.48642698,0.48642698,0.44379905
mp-764481,LiMnV(P2O7)2,O,O,False,2.853852676429448,0.43780565,0.41366768,0.49314934,0.49314934,0.44820753
mp-764481,LiMnV(P2O7)2,O,O,False,3.004516403997326,0.4315323,0.41865003,0.48041755,0.48041755,0.44353327
mp-764481,LiMnV(P2O7)2,O,O,False,3.0168029765611886,0.43119752,0.42221946,0.49297684,0.49297684,0.44879794
mp-764481,LiMnV(P2O7)2,O,O,False,3.02326691632358,0.43103907,0.4080583,0.43922564,0.43922564,0.42610767
mp-764481,LiMnV(P2O7)2,O,O,False,3.1215568325128533,0.42999968,0.39725643,0.49172437,0.49172437,0.43966016
mp-764481,LiMnV(P2O7)2,O,P,True,1.5320027683283406,0.4235947,0.34278932,0.56239027,0.56239027,0.44292474
mp-764481,LiMnV(P2O7)2,O,V,True,1.9480250441190674,0.4178833,0.3851847,0.5765958,0.5765958,0.45988795
mp-764481,LiMnV(P2O7)2,O,O,False,2.5004403879576707,0.43728918,0.44701338,0.4205209,0.4205209,0.43494114
mp-764481,LiMnV(P2O7)2,O,O,False,2.5395909784739277,0.4375414,0.41025385,0.48556957,0.48556957,0.44445494
mp-764481,LiMnV(P2O7)2,O,O,False,2.5508096667952844,0.43766707,0.41670364,0.43727252,0.43727252,0.43054774
mp-764481,LiMnV(P2O7)2,O,O,False,2.6360139733945593,0.4391415,0.40122926,0.47899655,0.47899655,0.4397891
mp-764481,LiMnV(P2O7)2,O,O,False,2.7164684577028657,0.4403176,0.4272811,0.46575648,0.46575648,0.44445172
mp-764481,LiMnV(P2O7)2,O,O,False,2.7630845475960575,0.44023538,0.4195886,0.42685074,0.42685074,0.42889157
mp-764481,LiMnV(P2O7)2,O,O,False,2.8539097696891598,0.43780333,0.4263827,0.45061553,0.45061553,0.4382672
mp-764481,LiMnV(P2O7)2,O,O,False,3.0886242251571505,0.43009627,0.39360628,0.4789319,0.4789319,0.4342115
mp-764481,LiMnV(P2O7)2,O,Li,True,3.150433490241007,0.43711355,0.44916776,0.48030904,0.48030904,0.45553014
mp-764481,LiMnV(P2O7)2,O,O,False,3.1706650384965087,0.43012428,0.41615242,0.48642573,0.48642573,0.44423413
mp-764481,LiMnV(P2O7)2,O,P,True,1.5438239980253876,0.42307818,0.32628325,0.54036385,0.54036385,0.42990842
mp-764481,LiMnV(P2O7)2,O,V,True,1.9114086417414302,0.41644138,0.3698535,0.57657176,0.57657176,0.45428887
mp-764481,LiMnV(P2O7)2,O,O,False,2.518171917379692,0.43736643,0.40093604,0.44649702,0.44649702,0.42826653
mp-764481,LiMnV(P2O7)2,O,O,False,2.530055447205946,0.43745267,0.3786757,0.49482968,0.49482968,0.436986
mp-764481,LiMnV(P2O7)2,O,O,False,2.5665619021274404,0.43787956,0.3927392,0.5067669,0.5067669,0.4457952
mp-764481,LiMnV(P2O7)2,O,O,False,2.6872676579704895,0.44002643,0.38013256,0.48140988,0.48140988,0.43385628
mp-764481,LiMnV(P2O7)2,O,O,False,2.690563598806679,0.44006965,0.38346988,0.49309736,0.49309736,0.43887892
mp-764481,LiMnV(P2O7)2,O,O,False,2.750416386944058,0.44033438,0.38563454,0.4790207,0.4790207,0.43499652
mp-764481,LiMnV(P2O7)2,O,O,False,2.849054872425036,0.43799883,0.37324625,0.47757983,0.47757983,0.42960832
mp-764481,LiMnV(P2O7)2,O,O,False,3.2852333996938485,0.43079478,0.3851314,0.5087549,0.5087549,0.44156036
mp-764481,LiMnV(P2O7)2,O,O,False,3.3645868647966064,0.43165493,0.4004102,0.5198077,0.5198077,0.45062426
mp-764481,LiMnV(P2O7)2,O,O,False,3.540657348362499,0.43562946,0.38849407,0.4783223,0.4783223,0.43414858
mp-764481,LiMnV(P2O7)2,O,P,True,1.5430375580857136,0.42311084,0.36031532,0.4548742,0.4548742,0.41276678
mp-764481,LiMnV(P2O7)2,O,V,True,1.9310163551216089,0.4172626,0.3700265,0.5865183,0.5865183,0.4579358
mp-764481,LiMnV(P2O7)2,O,O,False,2.499708651947711,0.43728733,0.4077449,0.4782171,0.4782171,0.4410831
mp-764481,LiMnV(P2O7)2,O,O,False,2.573807497729621,0.43799004,0.4322709,0.45330316,0.45330316,0.441188
mp-764481,LiMnV(P2O7)2,O,O,False,2.5831548526431036,0.43814304,0.39807546,0.48324555,0.48324555,0.43982133
mp-764481,LiMnV(P2O7)2,O,O,False,2.6769658133623175,0.43987724,0.40386766,0.48039556,0.48039556,0.44138014
mp-764481,LiMnV(P2O7)2,O,O,False,2.7504163869440577,0.44033438,0.41630965,0.48203802,0.48203802,0.44622734
mp-764481,LiMnV(P2O7)2,O,O,False,2.8257206559308248,0.43885303,0.3877077,0.49561507,0.49561507,0.44072524
mp-764481,LiMnV(P2O7)2,O,O,False,2.916010605962544,0.43501535,0.38392097,0.46989226,0.46989226,0.42960954
mp-764481,LiMnV(P2O7)2,O,O,False,3.2678649576326366,0.43066996,0.41520572,0.44494066,0.44494066,0.4302721
mp-764481,LiMnV(P2O7)2,O,P,True,3.3240423121852833,0.4148267,0.34777147,0.56037766,0.56037766,0.44099197
mp-764481,LiMnV(P2O7)2,O,O,False,3.32535920783496,0.43115842,0.39292616,0.49559662,0.49559662,0.43989372
mp-764481,LiMnV(P2O7)2,O,P,True,1.612751481982788,0.42137536,0.33594984,0.5301204,0.5301204,0.42914852
mp-764481,LiMnV(P2O7)2,O,P,True,1.622383342594317,0.42134106,0.33681253,0.39945832,0.39945832,0.3858706
mp-764481,LiMnV(P2O7)2,O,O,False,2.481445611973181,0.43727487,0.37036616,0.47067326,0.47067326,0.42610478
mp-764481,LiMnV(P2O7)2,O,O,False,2.499579306796169,0.43728703,0.37096068,0.48275137,0.48275137,0.43033302
mp-764481,LiMnV(P2O7)2,O,O,False,2.5267789273801995,0.43742615,0.3808504,0.4783042,0.4783042,0.4321936
mp-764481,LiMnV(P2O7)2,O,O,False,2.5343016069486834,0.4374901,0.37059605,0.4868573,0.4868573,0.4316478
mp-764481,LiMnV(P2O7)2,O,O,False,2.5480667540123108,0.4376343,0.37033862,0.47040176,0.47040176,0.4261249
mp-764481,LiMnV(P2O7)2,O,O,False,2.573807497729621,0.43799004,0.3707664,0.45720017,0.45720017,0.42198554
mp-764481,LiMnV(P2O7)2,O,O,False,3.1727993180780913,0.43013385,0.3749555,0.4994411,0.4994411,0.43484345
mp-764481,LiMnV(P2O7)2,O,O,False,3.307269619508504,0.4309791,0.37139878,0.47649735,0.47649735,0.42629173
mp-764481,LiMnV(P2O7)2,O,V,True,3.376498933896426,0.39918244,0.3574786,0.5804397,0.5804397,0.44570026
mp-764481,LiMnV(P2O7)2,O,O,False,3.4160131792403123,0.4325555,0.3699334,0.4898874,0.4898874,0.4307921
mp-764481,LiMnV(P2O7)2,O,P,True,1.6134507920009984,0.4213711,0.31816262,0.49248505,0.49248505,0.4106729
mp-764481,LiMnV(P2O7)2,O,P,True,1.6167443153589793,0.42135477,0.32460135,0.5052191,0.5052191,0.41705838
mp-764481,LiMnV(P2O7)2,O,O,False,2.4916297951628237,0.43727386,0.37802804,0.4259255,0.4259255,0.41374245
mp-764481,LiMnV(P2O7)2,O,O,False,2.4942068280603733,0.43727675,0.3713809,0.46568778,0.46568778,0.4247818
mp-764481,LiMnV(P2O7)2,O,O,False,2.5181719173796933,0.43736643,0.3891328,0.4476361,0.4476361,0.4247118
mp-764481,LiMnV(P2O7)2,O,O,False,2.538401965528767,0.4375294,0.3882444,0.48694056,0.48694056,0.43757144
mp-764481,LiMnV(P2O7)2,O,O,False,2.546384605457676,0.43761486,0.3764872,0.46968558,0.46968558,0.4279292
mp-764481,LiMnV(P2O7)2,O,O,False,2.600033545085947,0.43844393,0.37766975,0.4558081,0.4558081,0.42397395
mp-764481,LiMnV(P2O7)2,O,O,False,3.2735116947748515,0.43070894,0.37656972,0.477432,0.477432,0.42823687
mp-764481,LiMnV(P2O7)2,O,O,False,3.290389127507856,0.430835,0.3811201,0.4512588,0.4512588,0.4210713
mp-764481,LiMnV(P2O7)2,O,O,False,3.3943953041524897,0.43214202,0.38625258,0.4788538,0.4788538,0.4324161
mp-764481,LiMnV(P2O7)2,O,Mn,True,3.4199329521577084,0.39615345,0.35490555,0.55088747,0.55088747,0.43398213
mp-764481,LiMnV(P2O7)2,O,P,True,1.4943316192204248,0.4255411,0.35117757,0.4573791,0.4573791,0.4113659
mp-764481,LiMnV(P2O7)2,O,Mn,True,2.112587021247644,0.41481432,0.37036356,0.55422276,0.55422276,0.4464669
mp-764481,LiMnV(P2O7)2,O,O,False,2.4814456119731823,0.43727487,0.42652848,0.45111072,0.45111072,0.4383047
mp-764481,LiMnV(P2O7)2,O,O,False,2.518989844924675,0.4373715,0.3993813,0.4789137,0.4789137,0.43855548
mp-764481,LiMnV(P2O7)2,O,O,False,2.5831548526431045,0.43814304,0.40015745,0.4670384,0.4670384,0.43511295
mp-764481,LiMnV(P2O7)2,O,O,False,2.7608063831415186,0.44025767,0.3902705,0.50402546,0.50402546,0.4448512
mp-764481,LiMnV(P2O7)2,O,O,False,2.8987731690804517,0.43581477,0.38317055,0.49830988,0.49830988,0.4390984
mp-764481,LiMnV(P2O7)2,O,O,False,3.069250960573242,0.4302582,0.38924867,0.48932272,0.48932272,0.43627653
mp-764481,LiMnV(P2O7)2,O,O,False,3.0784107917561503,0.4301706,0.38064894,0.4994563,0.4994563,0.4367586
mp-764481,LiMnV(P2O7)2,O,P,True,3.1854380735900745,0.4170869,0.3368039,0.54870796,0.54870796,0.43419957
mp-764481,LiMnV(P2O7)2,O,O,False,3.2041336274638246,0.43029138,0.39525422,0.5021491,0.5021491,0.44256487
mp-764481,LiMnV(P2O7)2,O,O,False,3.33629462597964,0.43128118,0.40547675,0.4848191,0.4848191,0.44052568
mp-764481,LiMnV(P2O7)2,O,P,True,1.524818763540034,0.4239338,0.33497173,0.56167734,0.56167734,0.44019428
mp-764481,LiMnV(P2O7)2,O,Mn,True,1.9327829265558123,0.41563386,0.38700548,0.5488642,0.5488642,0.4505012
mp-764481,LiMnV(P2O7)2,O,O,False,2.520569926475246,0.43738163,0.39034045,0.49317738,0.49317738,0.44029984
mp-764481,LiMnV(P2O7)2,O,O,False,2.5343016069486826,0.4374901,0.44338006,0.45191008,0.45191008,0.4442601
mp-764481,LiMnV(P2O7)2,O,O,False,2.5799664487609646,0.4380896,0.39474726,0.50108165,0.50108165,0.44463953
mp-764481,LiMnV(P2O7)2,O,O,False,2.743906949004872,0.4403621,0.3950411,0.50391763,0.50391763,0.4464403
mp-764481,LiMnV(P2O7)2,O,O,False,2.808994199721047,0.43936247,0.41111273,0.47020602,0.47020602,0.44022706
mp-764481,LiMnV(P2O7)2,O,O,False,2.8682404666971157,0.43719792,0.38990247,0.5066573,0.5066573,0.4445859
mp-764481,LiMnV(P2O7)2,O,O,False,2.8884063318474067,0.4362934,0.388184,0.50113094,0.50113094,0.44186947
mp-764481,LiMnV(P2O7)2,O,O,False,3.146150723131601,0.4300344,0.38429323,0.4924963,0.4924963,0.435608
mp-764481,LiMnV(P2O7)2,O,O,False,3.3675698570341477,0.4316993,0.39860418,0.50236887,0.50236887,0.44422412
mp-764481,LiMnV(P2O7)2,O,O,False,3.443885854646187,0.43315846,0.40501106,0.47879514,0.47879514,0.4389882
mp-764481,LiMnV(P2O7)2,O,P,True,1.5258009647254753,0.42388642,0.32773018,0.52232605,0.52232605,0.42464757
mp-764481,LiMnV(P2O7)2,O,Mn,True,1.949552140281851,0.41632652,0.3676028,0.5626538,0.5626538,0.44886103
mp-764481,LiMnV(P2O7)2,O,O,False,2.5169790084566115,0.43735927,0.3855887,0.47253346,0.47253346,0.43182716
mp-764481,LiMnV(P2O7)2,O,O,False,2.5487821623456566,0.43764272,0.39459443,0.49341425,0.49341425,0.4418838
mp-764481,LiMnV(P2O7)2,O,O,False,2.5519892167396208,0.43768156,0.3921226,0.4642995,0.4642995,0.43136787
mp-764481,LiMnV(P2O7)2,O,O,False,2.6748229050482553,0.4398438,0.38913023,0.510706,0.510706,0.44656
mp-764481,LiMnV(P2O7)2,O,O,False,2.8232174480625813,0.43893516,0.38121173,0.5097786,0.5097786,0.4433085
mp-764481,LiMnV(P2O7)2,O,O,False,3.004516403997326,0.4315323,0.38151962,0.52059364,0.52059364,0.44454852
mp-764481,LiMnV(P2O7)2,O,O,False,3.069250960573243,0.4302582,0.37518442,0.49515292,0.49515292,0.43353185
mp-764481,LiMnV(P2O7)2,O,O,False,3.276115981407067,0.43072736,0.40471882,0.46123096,0.46123096,0.4322257
mp-764481,LiMnV(P2O7)2,O,P,True,3.4384841865826226,0.41449702,0.35128358,0.52128804,0.52128804,0.42902288
mp-764481,LiMnV(P2O7)2,O,Li,True,3.5176616665404663,0.4455278,0.44774956,0.4965199,0.4965199,0.46326575
mp-764481,LiMnV(P2O7)2,O,P,True,1.5144320302591354,0.4244538,0.34439164,0.54713416,0.54713416,0.43865988
mp-764481,LiMnV(P2O7)2,O,Li,True,1.9825202426663702,0.46348998,0.4528392,0.50014216,0.50014216,0.4721571
mp-764481,LiMnV(P2O7)2,O,Mn,True,2.2492247355781108,0.40843564,0.38071844,0.5440737,0.5440737,0.44440925
mp-764481,LiMnV(P2O7)2,O,O,False,2.5375583883306567,0.43752107,0.3956083,0.47456267,0.47456267,0.43589735
mp-764481,LiMnV(P2O7)2,O,O,False,2.538401965528769,0.4375294,0.44383773,0.4356202,0.4356202,0.43899575
mp-764481,LiMnV(P2O7)2,O,O,False,2.5665619021274426,0.43787956,0.44214565,0.4701587,0.4701587,0.45006132
mp-764481,LiMnV(P2O7)2,O,O,False,2.702499296022089,0.4402055,0.4026618,0.4903874,0.4903874,0.44441822
mp-764481,LiMnV(P2O7)2,O,O,False,2.8682404666971175,0.43719792,0.41302127,0.49554136,0.49554136,0.44858685
mp-764481,LiMnV(P2O7)2,O,O,False,3.0057866222374106,0.43149564,0.41870463,0.47996306,0.47996306,0.44338778
mp-764481,LiMnV(P2O7)2,O,O,False,3.0108372707492888,0.4313546,0.39914224,0.4569864,0.4569864,0.42916107
mp-764481,LiMnV(P2O7)2,O,O,False,3.0410842580889255,0.43066558,0.41941935,0.46254203,0.46254203,0.43754232
mp-764481,LiMnV(P2O7)2,O,O,False,3.1061622202574983,0.43002036,0.39846098,0.49184588,0.49184588,0.44010904
mp-764481,LiMnV(P2O7)2,O,P,True,1.532822603940089,0.4235572,0.34554946,0.5509214,0.5509214,0.44000936
mp-764481,LiMnV(P2O7)2,O,V,True,1.9358545160360972,0.41744885,0.38515878,0.5796378,0.5796378,0.46074852
mp-764481,LiMnV(P2O7)2,O,O,False,2.494206828060375,0.43727675,0.44599125,0.4242136,0.4242136,0.43582717
mp-764481,LiMnV(P2O7)2,O,O,False,2.5300554472059478,0.43745267,0.4464407,0.46634775,0.46634775,0.4500804
mp-764481,LiMnV(P2O7)2,O,O,False,2.537558388330657,0.43752107,0.40933558,0.4874133,0.4874133,0.44475666
mp-764481,LiMnV(P2O7)2,O,O,False,2.6361754104558988,0.43914467,0.40100157,0.4756114,0.4756114,0.43858588
mp-764481,LiMnV(P2O7)2,O,O,False,2.7235237367984513,0.44035256,0.42532754,0.4619769,0.4619769,0.44255233
mp-764481,LiMnV(P2O7)2,O,O,False,2.7756226294684967,0.44007704,0.40723604,0.44415662,0.44415662,0.4304899
mp-764481,LiMnV(P2O7)2,O,O,False,2.8554755840696227,0.4377392,0.42514735,0.44421634,0.44421634,0.43570098
mp-764481,LiMnV(P2O7)2,O,Li,True,3.142741629866787,0.43705353,0.44780332,0.48471847,0.48471847,0.4565251
mp-764481,LiMnV(P2O7)2,O,O,False,3.1461507231316017,0.4300344,0.41353548,0.4865754,0.4865754,0.44338176
mp-764481,LiMnV(P2O7)2,O,O,False,3.169628179167018,0.43011975,0.39653945,0.47907054,0.47907054,0.43524325
mp-764481,LiMnV(P2O7)2,O,P,True,1.554559618008225,0.42265868,0.3609519,0.45660195,0.45660195,0.4134042
mp-764481,LiMnV(P2O7)2,O,V,True,1.8884978227629874,0.4153784,0.36739066,0.58644605,0.58644605,0.45640504
mp-764481,LiMnV(P2O7)2,O,O,False,2.499708651947711,0.43728733,0.40939647,0.4664419,0.4664419,0.4377086
mp-764481,LiMnV(P2O7)2,O,O,False,2.5189898449246746,0.4373715,0.39980003,0.48287296,0.48287296,0.44001484
mp-764481,LiMnV(P2O7)2,O,O,False,2.548066754012311,0.4376343,0.43426353,0.45132732,0.45132732,0.44107506
mp-764481,LiMnV(P2O7)2,O,O,False,2.6769102803763567,0.4398764,0.39299405,0.46107972,0.46107972,0.43131673
mp-764481,LiMnV(P2O7)2,O,O,False,2.7235237367984513,0.44035256,0.38152722,0.48924136,0.48924136,0.43704036
mp-764481,LiMnV(P2O7)2,O,O,False,2.8378080588302903,0.43842947,0.38791054,0.49470815,0.49470815,0.44034937
mp-764481,LiMnV(P2O7)2,O,O,False,2.9032591384548616,0.4356065,0.38233972,0.46077824,0.46077824,0.4262415
mp-764481,LiMnV(P2O7)2,O,O,False,3.3237509235375753,0.43114132,0.41760778,0.44419733,0.44419733,0.43098214
mp-764481,LiMnV(P2O7)2,O,O,False,3.459217982777791,0.43351996,0.40446383,0.5120378,0.5120378,0.4500072
mp-764481,LiMnV(P2O7)2,O,P,True,3.479168192399565,0.41512144,0.34760702,0.5615674,0.5615674,0.44143197
mp-764481,LiMnV(P2O7)2,O,P,True,1.535870092862105,0.42341983,0.34164652,0.5353526,0.5353526,0.433473
mp-764481,LiMnV(P2O7)2,O,V,True,2.023685438260459,0.419115,0.38219592,0.5842633,0.5842633,0.46185806
mp-764481,LiMnV(P2O7)2,O,Li,True,2.1419342227866216,0.454423,0.46278238,0.50238335,0.50238335,0.47319627
mp-764481,LiMnV(P2O7)2,O,O,False,2.4848596929199434,0.4372723,0.42313966,0.4302986,0.4302986,0.43023685
mp-764481,LiMnV(P2O7)2,O,O,False,2.5152581481816605,0.4373495,0.4284184,0.46803313,0.46803313,0.44460034
mp-764481,LiMnV(P2O7)2,O,O,False,2.5169790084566115,0.43735927,0.42659026,0.47569513,0.47569513,0.44654822
mp-764481,LiMnV(P2O7)2,O,O,False,2.6087607947061757,0.43860888,0.42534965,0.45185852,0.45185852,0.4386057
mp-764481,LiMnV(P2O7)2,O,O,False,2.775622629468497,0.44007704,0.39575708,0.47813436,0.47813436,0.4379895
mp-764481,LiMnV(P2O7)2,O,O,False,2.9032591384548616,0.4356065,0.40923238,0.46440488,0.46440488,0.43641457
mp-764481,LiMnV(P2O7)2,O,O,False,2.9150981587916722,0.43505746,0.40060198,0.4513973,0.4513973,0.42901888
mp-764481,LiMnV(P2O7)2,O,O,False,3.01083727074929,0.4313546,0.39911008,0.49536628,0.49536628,0.44194365
mp-764481,LiMnV(P2O7)2,O,P,True,3.161505398536369,0.4173218,0.3439921,0.54614574,0.54614574,0.43581986
mp-764481,LiMnV(P2O7)2,O,P,True,1.6150642304110947,0.42136234,0.32361892,0.50204545,0.50204545,0.41567555
mp-764481,LiMnV(P2O7)2,O,P,True,1.6322021297432807,0.4213599,0.3188181,0.50693554,0.50693554,0.4157045
mp-764481,LiMnV(P2O7)2,O,O,False,2.4589534782950118,0.43734568,0.3910945,0.44472992,0.44472992,0.42439005
mp-764481,LiMnV(P2O7)2,O,O,False,2.484859692919944,0.4372723,0.3923934,0.43752578,0.43752578,0.42239717
mp-764481,LiMnV(P2O7)2,O,O,False,2.5454914478761603,0.4376047,0.40089208,0.4293865,0.4293865,0.42262778
mp-764481,LiMnV(P2O7)2,O,O,False,2.5492479205203615,0.43764824,0.4044743,0.48042288,0.48042288,0.44084847
mp-764481,LiMnV(P2O7)2,O,O,False,2.551989216739621,0.43768156,0.39924693,0.47181764,0.47181764,0.4362487
mp-764481,LiMnV(P2O7)2,O,O,False,2.5939576200753023,0.4383325,0.3972548,0.45190024,0.45190024,0.4291625
mp-764481,LiMnV(P2O7)2,O,Li,True,3.0473847512267813,0.4374589,0.43530276,0.44228214,0.44228214,0.43834794
mp-764481,LiMnV(P2O7)2,O,O,False,3.256623480659849,0.43059617,0.3930352,0.4502479,0.4502479,0.42462644
mp-764481,LiMnV(P2O7)2,O,O,False,3.2807535209896925,0.43076116,0.39533183,0.47049373,0.47049373,0.43219557
mp-764481,LiMnV(P2O7)2,O,O,False,3.343312545552087,0.43136615,0.40031552,0.475385,0.475385,0.43568888
mp-764481,LiMnV(P2O7)2,O,P,True,1.5375028289797172,0.42334765,0.3232718,0.528334,0.528334,0.42498448
mp-764481,LiMnV(P2O7)2,O,Mn,True,1.9710807827292651,0.4169907,0.36538142,0.5593178,0.5593178,0.44722998
mp-764481,LiMnV(P2O7)2,O,O,False,2.515258148181661,0.4373495,0.39308867,0.46724844,0.46724844,0.4325622
mp-764481,LiMnV(P2O7)2,O,O,False,2.5487821623456566,0.43764272,0.40008736,0.4985355,0.4985355,0.44542184
mp-764481,LiMnV(P2O7)2,O,O,False,2.5939576200753023,0.4383325,0.39655092,0.4520667,0.4520667,0.42898336
mp-764481,LiMnV(P2O7)2,O,O,False,2.6466523462425138,0.43934694,0.39541528,0.49358562,0.49358562,0.4427826
mp-764481,LiMnV(P2O7)2,O,O,False,2.7943769902206874,0.43972707,0.3899237,0.4826219,0.4826219,0.4374242
mp-764481,LiMnV(P2O7)2,O,Li,True,2.8374365391972938,0.4461333,0.45018157,0.48773238,0.48773238,0.4613491
mp-764481,LiMnV(P2O7)2,O,O,False,2.9408557152944015,0.43389416,0.38917184,0.51623,0.51623,0.446432
mp-764481,LiMnV(P2O7)2,O,O,False,3.2169295866362537,0.43036157,0.38731354,0.47747022,0.47747022,0.4317151
mp-764481,LiMnV(P2O7)2,O,O,False,3.328211371359329,0.43118933,0.39919686,0.50933874,0.50933874,0.44657496
mp-764481,LiMnV(P2O7)2,O,O,False,3.3362946259796407,0.43128118,0.40029758,0.49447533,0.49447533,0.44201803
mp-764481,LiMnV(P2O7)2,O,P,True,1.545490172125659,0.42300984,0.34685403,0.48599577,0.48599577,0.41861987
mp-764481,LiMnV(P2O7)2,O,V,True,1.9515061903125746,0.41799778,0.37591928,0.5930674,0.5930674,0.46232817
mp-764481,LiMnV(P2O7)2,O,O,False,2.5244600614614243,0.43740863,0.42237136,0.47465527,0.47465527,0.44481173
mp-764481,LiMnV(P2O7)2,O,O,False,2.5309076248679827,0.43745995,0.40686965,0.46124595,0.46124595,0.43519187
mp-764481,LiMnV(P2O7)2,O,O,False,2.5805590986438345,0.43809947,0.43165207,0.44011292,0.44011292,0.43662152
mp-764481,LiMnV(P2O7)2,O,O,False,2.6769102803763567,0.4398764,0.4184957,0.4730436,0.4730436,0.44380522
mp-764481,LiMnV(P2O7)2,O,O,False,2.7463071030785673,0.44035366,0.40689877,0.49275374,0.49275374,0.4466687
mp-764481,LiMnV(P2O7)2,O,O,False,2.7720691275043023,0.44012803,0.42026287,0.46129715,0.46129715,0.4405627
mp-764481,LiMnV(P2O7)2,O,O,False,2.9150981587916727,0.43505746,0.39846957,0.4584051,0.4584051,0.43064404
mp-764481,LiMnV(P2O7)2,O,Li,True,2.9402221120127585,0.44121775,0.4536363,0.48464513,0.48464513,0.45983306
mp-764481,LiMnV(P2O7)2,O,O,False,3.256623480659849,0.43059617,0.4171788,0.43878025,0.43878025,0.42885175
mp-764481,LiMnV(P2O7)2,O,O,False,3.280580275658643,0.43075985,0.40590894,0.48764372,0.48764372,0.44143748
mp-6342,LiCa3RuO6,Li,O,True,2.2390132034992636,0.39741838,0.32186413,0.4269486,0.4269486,0.38207707
mp-6342,LiCa3RuO6,Li,O,True,2.2390132034992636,0.39741838,0.32186413,0.42706904,0.42706904,0.38211718
mp-6342,LiCa3RuO6,Li,O,True,2.2390132838460435,0.39741838,0.32186413,0.42835456,0.42835456,0.3825457
mp-6342,LiCa3RuO6,Li,O,True,2.239013283846045,0.39741838,0.32186413,0.42711395,0.42711395,0.38213214
mp-6342,LiCa3RuO6,Li,O,True,2.2390133177015485,0.39741838,0.3218641,0.4270787,0.4270787,0.3821204
mp-6342,LiCa3RuO6,Li,O,True,2.239013317701549,0.39741838,0.3218641,0.42822915,0.42822915,0.3825039
mp-6342,LiCa3RuO6,Li,Ru,True,2.709064461092796,0.3437415,0.3756795,0.52309144,0.52309144,0.41417083
mp-6342,LiCa3RuO6,Li,Ru,True,2.709064461092796,0.3437415,0.3756795,0.52309144,0.52309144,0.41417083
mp-6342,LiCa3RuO6,Li,Ca,True,3.311740685740671,0.3821726,0.3284704,0.48825607,0.48825607,0.39963305
mp-6342,LiCa3RuO6,Li,Ca,True,3.3117406857406713,0.3821726,0.329819,0.48116118,0.48116118,0.3977176
mp-6342,LiCa3RuO6,Li,Ca,True,3.3117407127480005,0.3821726,0.33541253,0.49315304,0.49315304,0.40357938
mp-6342,LiCa3RuO6,Li,Ca,True,3.508960073866887,0.3850265,0.3239327,0.48148054,0.48148054,0.39681324
mp-6342,LiCa3RuO6,Li,O,True,2.2390132034992627,0.39741838,0.31704244,0.4303406,0.4303406,0.38160047
mp-6342,LiCa3RuO6,Li,O,True,2.239013203499263,0.39741838,0.31704244,0.4312817,0.4312817,0.38191417
mp-6342,LiCa3RuO6,Li,O,True,2.2390132838460435,0.39741838,0.31704244,0.43134314,0.43134314,0.38193464
mp-6342,LiCa3RuO6,Li,O,True,2.2390132838460435,0.39741838,0.31704244,0.43012828,0.43012828,0.38152972
mp-6342,LiCa3RuO6,Li,O,True,2.2390133177015477,0.39741838,0.31704244,0.43003088,0.43003088,0.38149723
mp-6342,LiCa3RuO6,Li,O,True,2.239013317701548,0.39741838,0.3170424,0.430337,0.430337,0.38159928
mp-6342,LiCa3RuO6,Li,Ru,True,2.709064461092795,0.3437415,0.36687124,0.5288926,0.5288926,0.41316843
mp-6342,LiCa3RuO6,Li,Ru,True,2.7090644610927965,0.3437415,0.36687124,0.5288926,0.5288926,0.41316843
mp-6342,LiCa3RuO6,Li,Ca,True,3.311740685740671,0.3821726,0.3369052,0.4909777,0.4909777,0.40335187
mp-6342,LiCa3RuO6,Li,Ca,True,3.3117406857406713,0.3821726,0.32697284,0.48149103,0.48149103,0.3968788
mp-6342,LiCa3RuO6,Li,Ca,True,3.3117407127479996,0.3821726,0.33431122,0.49207845,0.49207845,0.40285408
mp-6342,LiCa3RuO6,Li,Ca,True,3.5089600738668874,0.3850265,0.3291745,0.49441457,0.49441457,0.40287185
mp-6342,LiCa3RuO6,Ca,O,True,2.3331934679046924,0.43135205,0.33645856,0.43656576,0.43656576,0.40145877
mp-6342,LiCa3RuO6,Ca,O,True,2.3331934679046937,0.43135205,0.33645856,0.43567818,0.43567818,0.40116295
mp-6342,LiCa3RuO6,Ca,O,True,2.479049654943998,0.43261522,0.33751085,0.43188047,0.43188047,0.40066886
mp-6342,LiCa3RuO6,Ca,O,True,2.4790496549439984,0.43261522,0.33751085,0.43084955,0.43084955,0.4003252
mp-6342,LiCa3RuO6,Ca,O,True,2.4935586927361664,0.4328701,0.3377783,0.431184,0.431184,0.40061077
mp-6342,LiCa3RuO6,Ca,O,True,2.4935586927361664,0.4328701,0.33777833,0.43117374,0.43117374,0.40060738
mp-6342,LiCa3RuO6,Ca,O,True,2.7591223691895217,0.4377839,0.34030792,0.43040103,0.43040103,0.40283093
mp-6342,LiCa3RuO6,Ca,O,True,2.7591223691895217,0.4377839,0.34030792,0.43017954,0.43017954,0.40275708
mp-6342,LiCa3RuO6,Ca,Ru,True,3.1410917856468115,0.38409883,0.3363529,0.5656071,0.5656071,0.42868626
mp-6342,LiCa3RuO6,Ca,Ru,True,3.1410917856468115,0.38409883,0.3363529,0.5656071,0.5656071,0.42868626
mp-6342,LiCa3RuO6,Ca,Li,True,3.3117407127480005,0.44077754,0.36725786,0.47015804,0.47015804,0.4260645
mp-6342,LiCa3RuO6,Ca,Ca,False,3.5089600738668874,0.4315648,0.3186277,0.4978038,0.4978038,0.4159988
mp-6342,LiCa3RuO6,Ca,O,True,2.333193384817393,0.43135208,0.33973682,0.4256274,0.4256274,0.39890543
mp-6342,LiCa3RuO6,Ca,O,True,2.3331935033671916,0.43135205,0.33973682,0.4245916,0.4245916,0.39856014
mp-6342,LiCa3RuO6,Ca,O,True,2.4790496497245367,0.43261522,0.34135422,0.4195141,0.4195141,0.39782783
mp-6342,LiCa3RuO6,Ca,O,True,2.4790496567112257,0.43261522,0.34135422,0.42052475,0.42052475,0.39816472
mp-6342,LiCa3RuO6,Ca,O,True,2.493558753212766,0.4328701,0.34168392,0.41911876,0.41911876,0.39789093
mp-6342,LiCa3RuO6,Ca,O,True,2.493558808858712,0.4328701,0.34168392,0.41937172,0.41937172,0.39797524
mp-6342,LiCa3RuO6,Ca,O,True,2.759122325742242,0.4377839,0.344345,0.4192866,0.4192866,0.40047184
mp-6342,LiCa3RuO6,Ca,O,True,2.7591223698219247,0.4377839,0.34434497,0.41964847,0.41964847,0.40059245
mp-6342,LiCa3RuO6,Ca,Ru,True,3.141091858344742,0.38409883,0.34055448,0.5666956,0.5666956,0.43044963
mp-6342,LiCa3RuO6,Ca,Ru,True,3.141091875476094,0.38409883,0.34055448,0.56669563,0.56669563,0.43044963
mp-6342,LiCa3RuO6,Ca,Li,True,3.3117406857406713,0.44077754,0.3742306,0.45122078,0.45122078,0.4220763
mp-6342,LiCa3RuO6,Ca,Li,True,3.508960073866886,0.44881052,0.37176272,0.46648654,0.46648654,0.42901993
mp-6342,LiCa3RuO6,Ca,O,True,2.3331933848173936,0.43135208,0.3346347,0.4229044,0.4229044,0.39629707
mp-6342,LiCa3RuO6,Ca,O,True,2.3331935033671907,0.43135205,0.3346347,0.42291075,0.42291075,0.39629915
mp-6342,LiCa3RuO6,Ca,O,True,2.4790496497245362,0.43261522,0.33601964,0.417724,0.417724,0.39545298
mp-6342,LiCa3RuO6,Ca,O,True,2.4790496567112266,0.43261522,0.33601964,0.41765922,0.41765922,0.39543137
mp-6342,LiCa3RuO6,Ca,O,True,2.4935587532127674,0.4328701,0.33629948,0.41730472,0.41730472,0.39549145
mp-6342,LiCa3RuO6,Ca,O,True,2.4935588088587126,0.4328701,0.3362995,0.41733575,0.41733575,0.39550176
mp-6342,LiCa3RuO6,Ca,O,True,2.7591223257422426,0.4377839,0.33886927,0.4175344,0.4175344,0.39806256
mp-6342,LiCa3RuO6,Ca,O,True,2.759122369821926,0.4377839,0.33886927,0.41754013,0.41754013,0.39806446
mp-6342,LiCa3RuO6,Ca,Ru,True,3.141091858344742,0.38409883,0.3379692,0.5631147,0.5631147,0.42839423
mp-6342,LiCa3RuO6,Ca,Ru,True,3.1410918754760946,0.38409883,0.3379692,0.56311476,0.56311476,0.4283943
mp-6342,LiCa3RuO6,Ca,Li,True,3.311740685740672,0.44077754,0.37143824,0.45522153,0.45522153,0.42247912
mp-6342,LiCa3RuO6,Ca,Li,True,3.508960073866888,0.44881052,0.36792797,0.44563797,0.44563797,0.42079213
mp-6342,LiCa3RuO6,Ca,O,True,2.3331933848173914,0.43135208,0.34044272,0.43191916,0.43191916,0.40123796
mp-6342,LiCa3RuO6,Ca,O,True,2.333193503367192,0.43135205,0.34044272,0.43270195,0.43270195,0.4014989
mp-6342,LiCa3RuO6,Ca,O,True,2.4790496497245362,0.43261522,0.34256005,0.42743903,0.42743903,0.40087143
mp-6342,LiCa3RuO6,Ca,O,True,2.479049656711226,0.43261522,0.34256005,0.42659432,0.42659432,0.40058985
mp-6342,LiCa3RuO6,Ca,O,True,2.4935587532127683,0.4328701,0.34295407,0.42720363,0.42720363,0.4010093
mp-6342,LiCa3RuO6,Ca,O,True,2.493558808858712,0.4328701,0.34295407,0.426767,0.426767,0.40086374
mp-6342,LiCa3RuO6,Ca,O,True,2.759122325742243,0.4377839,0.34511343,0.42685974,0.42685974,0.40325236
mp-6342,LiCa3RuO6,Ca,O,True,2.7591223698219256,0.4377839,0.34511343,0.42625797,0.42625797,0.40305176
mp-6342,LiCa3RuO6,Ca,Ru,True,3.141091858344742,0.38409883,0.3466286,0.56512916,0.56512916,0.4319522
mp-6342,LiCa3RuO6,Ca,Ru,True,3.1410918754760946,0.38409883,0.3466286,0.56512916,0.56512916,0.4319522
mp-6342,LiCa3RuO6,Ca,Li,True,3.3117406857406695,0.44077754,0.37845278,0.47091842,0.47091842,0.43004957
mp-6342,LiCa3RuO6,Ca,Li,True,3.508960073866888,0.44881052,0.3758092,0.46059912,0.46059912,0.42840627
mp-6342,LiCa3RuO6,Ca,O,True,2.333193467904692,0.43135205,0.3349763,0.43955606,0.43955606,0.40196148
mp-6342,LiCa3RuO6,Ca,O,True,2.3331934679046937,0.43135205,0.33497632,0.43877375,0.43877375,0.4017007
mp-6342,LiCa3RuO6,Ca,O,True,2.4790496549439975,0.43261522,0.33663338,0.43542254,0.43542254,0.40155706
mp-6342,LiCa3RuO6,Ca,O,True,2.479049654943998,0.43261522,0.33663338,0.43468297,0.43468297,0.40131053
mp-6342,LiCa3RuO6,Ca,O,True,2.4935586927361664,0.4328701,0.33698744,0.43500856,0.43500856,0.40162203
mp-6342,LiCa3RuO6,Ca,O,True,2.4935586927361677,0.4328701,0.33698744,0.43435904,0.43435904,0.40140554
mp-6342,LiCa3RuO6,Ca,O,True,2.7591223691895217,0.4377839,0.3392556,0.4340067,0.4340067,0.40368208
mp-6342,LiCa3RuO6,Ca,O,True,2.759122369189522,0.4377839,0.3392556,0.43473905,0.43473905,0.40392622
mp-6342,LiCa3RuO6,Ca,Ru,True,3.141091785646812,0.38409883,0.3421625,0.56296504,0.56296504,0.4297421
mp-6342,LiCa3RuO6,Ca,Ru,True,3.141091785646812,0.38409883,0.3421625,0.56296504,0.56296504,0.4297421
mp-6342,LiCa3RuO6,Ca,Li,True,3.3117407127479996,0.44077754,0.36968467,0.48679754,0.48679754,0.43241993
mp-6342,LiCa3RuO6,Ca,Ca,False,3.5089600738668874,0.4315648,0.32324615,0.50153184,0.50153184,0.41878092
mp-6342,LiCa3RuO6,Ca,O,True,2.333193384817393,0.43135208,0.33631352,0.426995,0.426995,0.3982202
mp-6342,LiCa3RuO6,Ca,O,True,2.3331935033671907,0.43135205,0.3363135,0.426924,0.426924,0.3981965
mp-6342,LiCa3RuO6,Ca,O,True,2.479049649724536,0.43261522,0.33809525,0.42190555,0.42190555,0.39753866
mp-6342,LiCa3RuO6,Ca,O,True,2.4790496567112266,0.43261522,0.33809525,0.4218995,0.4218995,0.39753667
mp-6342,LiCa3RuO6,Ca,O,True,2.493558753212768,0.4328701,0.33844346,0.4221961,0.4221961,0.39783654
mp-6342,LiCa3RuO6,Ca,O,True,2.4935588088587117,0.4328701,0.33844346,0.42242524,0.42242524,0.39791295
mp-6342,LiCa3RuO6,Ca,O,True,2.7591223257422426,0.4377839,0.34086975,0.42213047,0.42213047,0.40026137
mp-6342,LiCa3RuO6,Ca,O,True,2.759122369821926,0.4377839,0.34086975,0.42226326,0.42226326,0.40030563
mp-6342,LiCa3RuO6,Ca,Ru,True,3.141091858344742,0.38409883,0.34053427,0.56469077,0.56469077,0.4297746
mp-6342,LiCa3RuO6,Ca,Ru,True,3.141091875476094,0.38409883,0.34053427,0.56469077,0.56469077,0.4297746
mp-6342,LiCa3RuO6,Ca,Li,True,3.3117406857406713,0.44077754,0.37114906,0.45016152,0.45016152,0.42069602
mp-6342,LiCa3RuO6,Ca,Ca,False,3.508960073866888,0.4315648,0.3234731,0.500713,0.500713,0.41858363
mp-6342,LiCa3RuO6,Ru,O,True,1.9777472439880939,0.45444733,0.5077834,0.5000732,0.5000732,0.48743463
mp-6342,LiCa3RuO6,Ru,O,True,1.9777472439880948,0.45444733,0.5077834,0.49709684,0.49709684,0.48644254
mp-6342,LiCa3RuO6,Ru,O,True,1.9777472869602448,0.45444733,0.5077834,0.49736694,0.49736694,0.48653257
mp-6342,LiCa3RuO6,Ru,O,True,1.9777472869602457,0.45444733,0.5077834,0.4991845,0.4991845,0.48713842
mp-6342,LiCa3RuO6,Ru,O,True,1.9777473333262676,0.45444733,0.5077834,0.49779022,0.49779022,0.48667368
mp-6342,LiCa3RuO6,Ru,O,True,1.9777473333262678,0.45444733,0.5077834,0.4980069,0.4980069,0.48674586
mp-6342,LiCa3RuO6,Ru,Li,True,2.709064461092796,0.46096516,0.55167943,0.5013535,0.5013535,0.50466603
mp-6342,LiCa3RuO6,Ru,Li,True,2.7090644610927965,0.46096516,0.556256,0.5058563,0.5058563,0.5076925
mp-6342,LiCa3RuO6,Ru,Ca,True,3.141091785646811,0.4452587,0.5500691,0.51839614,0.51839614,0.50457466
mp-6342,LiCa3RuO6,Ru,Ca,True,3.1410917856468115,0.4452587,0.5540822,0.52730775,0.52730775,0.5088829
mp-6342,LiCa3RuO6,Ru,Ca,True,3.141091858344742,0.4452587,0.55463177,0.5166686,0.5166686,0.5055197
mp-6342,LiCa3RuO6,Ru,Ca,True,3.141091858344742,0.4452587,0.55072385,0.5063276,0.5063276,0.50077003
mp-6342,LiCa3RuO6,Ru,O,True,1.977747243988092,0.45444733,0.5077834,0.49777967,0.49777967,0.48667014
mp-6342,LiCa3RuO6,Ru,O,True,1.977747243988094,0.45444733,0.5077834,0.49810505,0.49810505,0.4867786
mp-6342,LiCa3RuO6,Ru,O,True,1.9777472869602444,0.45444733,0.5077834,0.49682987,0.49682987,0.48635355
mp-6342,LiCa3RuO6,Ru,O,True,1.9777472869602457,0.45444733,0.5077834,0.49975303,0.49975303,0.48732793
mp-6342,LiCa3RuO6,Ru,O,True,1.977747333326267,0.45444733,0.5077834,0.49945474,0.49945474,0.48722848
mp-6342,LiCa3RuO6,Ru,O,True,1.9777473333262676,0.45444733,0.5077834,0.49759862,0.49759862,0.4866098
mp-6342,LiCa3RuO6,Ru,Li,True,2.709064461092795,0.46096516,0.556256,0.5058563,0.5058563,0.5076925
mp-6342,LiCa3RuO6,Ru,Li,True,2.709064461092796,0.46096516,0.55167943,0.5013535,0.5013535,0.50466603
mp-6342,LiCa3RuO6,Ru,Ca,True,3.1410917856468115,0.4452587,0.5540822,0.52730775,0.52730775,0.5088829
mp-6342,LiCa3RuO6,Ru,Ca,True,3.141091785646813,0.4452587,0.5500691,0.51839614,0.51839614,0.50457466
mp-6342,LiCa3RuO6,Ru,Ca,True,3.141091858344742,0.4452587,0.55282146,0.5097505,0.5097505,0.5026102
mp-6342,LiCa3RuO6,Ru,Ca,True,3.141091858344742,0.4452587,0.55857646,0.5185158,0.5185158,0.50745034
mp-6342,LiCa3RuO6,O,Ru,True,1.977747286960245,0.40880966,0.37300038,0.5966253,0.5966253,0.45947847
mp-6342,LiCa3RuO6,O,Li,True,2.2390132838460435,0.44981104,0.48987892,0.47097415,0.47097415,0.47022137
mp-6342,LiCa3RuO6,O,Ca,True,2.333193467904693,0.4417601,0.4658687,0.5030049,0.5030049,0.47021124
mp-6342,LiCa3RuO6,O,Ca,True,2.479049654943998,0.43892145,0.4689929,0.505411,0.505411,0.47110844
mp-6342,LiCa3RuO6,O,Ca,True,2.4935587532127683,0.43870947,0.4685551,0.5002303,0.5002303,0.46916497
mp-6342,LiCa3RuO6,O,Ca,True,2.759122325742243,0.43967962,0.46379507,0.4991969,0.4991969,0.4675572
mp-6342,LiCa3RuO6,O,O,False,2.7854423168771034,0.43991062,0.43103287,0.4482413,0.4482413,0.43972826
mp-6342,LiCa3RuO6,O,O,False,2.7854423244724162,0.43991062,0.43103287,0.4462509,0.4462509,0.43906477
mp-6342,LiCa3RuO6,O,O,False,2.808424476712863,0.4393781,0.43027705,0.44679174,0.44679174,0.43881562
mp-6342,LiCa3RuO6,O,O,False,2.8084246100733874,0.4393781,0.43027705,0.44629067,0.44629067,0.4386486
mp-6342,LiCa3RuO6,O,O,False,2.902529187557938,0.43564045,0.4270707,0.4461217,0.4461217,0.43627763
mp-6342,LiCa3RuO6,O,O,False,2.9702894596246243,0.43268514,0.42566216,0.44819516,0.44819516,0.43551412
mp-6342,LiCa3RuO6,O,Ru,True,1.9777473333262674,0.40880966,0.37300038,0.59769917,0.59769917,0.4598364
mp-6342,LiCa3RuO6,O,Li,True,2.239013203499264,0.44981104,0.48987892,0.47093105,0.47093105,0.470207
mp-6342,LiCa3RuO6,O,Ca,True,2.3331935033671916,0.4417601,0.46689692,0.50509876,0.50509876,0.47125193
mp-6342,LiCa3RuO6,O,Ca,True,2.4790496567112257,0.43892145,0.4641352,0.49204606,0.49204606,0.46503425
mp-6342,LiCa3RuO6,O,Ca,True,2.493558692736167,0.43870947,0.46581316,0.4991464,0.4991464,0.4678897
mp-6342,LiCa3RuO6,O,Ca,True,2.759122369821926,0.43967962,0.463795,0.49932152,0.49932152,0.4675987
mp-6342,LiCa3RuO6,O,O,False,2.7854422989326215,0.43991062,0.43103287,0.44618234,0.44618234,0.43904194
mp-6342,LiCa3RuO6,O,O,False,2.7854423168771034,0.43991062,0.43103287,0.44886947,0.44886947,0.43993768
mp-6342,LiCa3RuO6,O,O,False,2.8084245673473727,0.4393781,0.43027705,0.4499851,0.4499851,0.43988004
mp-6342,LiCa3RuO6,O,O,False,2.808424610073387,0.4393781,0.43027705,0.44698435,0.44698435,0.43887982
mp-6342,LiCa3RuO6,O,O,False,2.9025291875579384,0.43564045,0.4270707,0.44589585,0.44589585,0.43620238
mp-6342,LiCa3RuO6,O,O,False,2.97028957445597,0.43268514,0.42566216,0.44697917,0.44697917,0.4351088
mp-6342,LiCa3RuO6,O,Ru,True,1.977747243988093,0.40880966,0.37300038,0.5968342,0.5968342,0.4595481
mp-6342,LiCa3RuO6,O,Li,True,2.2390133177015477,0.44981104,0.48987892,0.47068042,0.47068042,0.47012344
mp-6342,LiCa3RuO6,O,Ca,True,2.333193384817394,0.4417601,0.45956644,0.49680555,0.49680555,0.46604404
mp-6342,LiCa3RuO6,O,Ca,True,2.4790496497245362,0.43892145,0.46514848,0.50330484,0.50330484,0.4691249
mp-6342,LiCa3RuO6,O,Ca,True,2.4935588088587117,0.43870947,0.4685551,0.49999076,0.49999076,0.46908513
mp-6342,LiCa3RuO6,O,Ca,True,2.7591223691895217,0.43967962,0.46742198,0.5017921,0.5017921,0.46963122
mp-6342,LiCa3RuO6,O,O,False,2.7854422989326206,0.43991062,0.4310329,0.44640136,0.44640136,0.43911496
mp-6342,LiCa3RuO6,O,O,False,2.7854423244724176,0.43991062,0.4310329,0.4480328,0.4480328,0.4396588
mp-6342,LiCa3RuO6,O,O,False,2.808424476712862,0.4393781,0.43027705,0.44619054,0.44619054,0.43861523
mp-6342,LiCa3RuO6,O,O,False,2.808424567347373,0.4393781,0.43027705,0.44672492,0.44672492,0.43879333
mp-6342,LiCa3RuO6,O,O,False,2.902529207071102,0.43564045,0.4270707,0.44601494,0.44601494,0.436242
mp-6342,LiCa3RuO6,O,O,False,2.9702895298880407,0.43268514,0.4256622,0.4484477,0.4484477,0.43559834
mp-6342,LiCa3RuO6,O,Ru,True,1.9777472869602453,0.40880966,0.37300038,0.59844923,0.59844923,0.46008644
mp-6342,LiCa3RuO6,O,Li,True,2.2390132838460435,0.44981104,0.48987892,0.47175455,0.47175455,0.47048151
mp-6342,LiCa3RuO6,O,Ca,True,2.3331934679046924,0.4417601,0.4658687,0.50389045,0.50389045,0.47050643
mp-6342,LiCa3RuO6,O,Ca,True,2.479049654943999,0.43892145,0.4689929,0.50636965,0.50636965,0.471428
mp-6342,LiCa3RuO6,O,Ca,True,2.4935587532127674,0.43870947,0.45957148,0.49354595,0.49354595,0.4639423
mp-6342,LiCa3RuO6,O,Ca,True,2.759122325742242,0.43967962,0.4628273,0.48874354,0.48874354,0.46375015
mp-6342,LiCa3RuO6,O,O,False,2.7854423168771034,0.43991062,0.4310329,0.4480456,0.4480456,0.43966305
mp-6342,LiCa3RuO6,O,O,False,2.7854423244724176,0.43991062,0.43103287,0.44700462,0.44700462,0.43931603
mp-6342,LiCa3RuO6,O,O,False,2.8084244767128625,0.4393781,0.43027705,0.4509076,0.4509076,0.44018757
mp-6342,LiCa3RuO6,O,O,False,2.8084246100733883,0.4393781,0.43027705,0.44838953,0.44838953,0.43934822
mp-6342,LiCa3RuO6,O,O,False,2.902529187557938,0.43564045,0.42707068,0.44986394,0.44986394,0.43752503
mp-6342,LiCa3RuO6,O,O,False,2.970289459624626,0.43268514,0.42566216,0.44741738,0.44741738,0.4352549
mp-6342,LiCa3RuO6,O,Ru,True,1.9777472439880928,0.40880966,0.37300038,0.5975852,0.5975852,0.45979843
mp-6342,LiCa3RuO6,O,Li,True,2.2390133177015485,0.44981104,0.4898789,0.47082096,0.47082096,0.4701703
mp-6342,LiCa3RuO6,O,Ca,True,2.3331933848173927,0.4417601,0.46689692,0.5050014,0.5050014,0.47121945
mp-6342,LiCa3RuO6,O,Ca,True,2.4790496497245362,0.43892145,0.4641352,0.49194932,0.49194932,0.46500197
mp-6342,LiCa3RuO6,O,Ca,True,2.493558808858712,0.43870947,0.45957148,0.49255073,0.49255073,0.46361056
mp-6342,LiCa3RuO6,O,Ca,True,2.7591223691895213,0.43967962,0.467422,0.5019291,0.5019291,0.46967688
mp-6342,LiCa3RuO6,O,O,False,2.78544229893262,0.43991062,0.43103287,0.44887763,0.44887763,0.43994036
mp-6342,LiCa3RuO6,O,O,False,2.7854423244724167,0.43991062,0.4310329,0.4458536,0.4458536,0.4389324
mp-6342,LiCa3RuO6,O,O,False,2.808424476712863,0.4393781,0.43027705,0.44951895,0.44951895,0.43972468
mp-6342,LiCa3RuO6,O,O,False,2.8084245673473727,0.4393781,0.43027705,0.4468846,0.4468846,0.4388466
mp-6342,LiCa3RuO6,O,O,False,2.9025292070711006,0.43564045,0.4270707,0.445759,0.445759,0.43615675
mp-6342,LiCa3RuO6,O,O,False,2.9702895298880407,0.43268514,0.4256622,0.44683805,0.44683805,0.43506178
mp-6342,LiCa3RuO6,O,Ru,True,1.977747333326267,0.40880966,0.37300038,0.59876704,0.59876704,0.46019235
mp-6342,LiCa3RuO6,O,Li,True,2.2390132034992614,0.44981104,0.48987892,0.47158504,0.47158504,0.470425
mp-6342,LiCa3RuO6,O,Ca,True,2.3331935033671916,0.4417601,0.45956644,0.49789676,0.49789676,0.46640778
mp-6342,LiCa3RuO6,O,Ca,True,2.479049656711226,0.43892145,0.46514848,0.5043693,0.5043693,0.4694797
mp-6342,LiCa3RuO6,O,Ca,True,2.493558692736167,0.43870947,0.46581316,0.49989006,0.49989006,0.4681376
mp-6342,LiCa3RuO6,O,Ca,True,2.759122369821925,0.43967962,0.46282732,0.48865488,0.48865488,0.4637206
mp-6342,LiCa3RuO6,O,O,False,2.7854422989326193,0.43991062,0.43103287,0.44816703,0.44816703,0.4397035
mp-6342,LiCa3RuO6,O,O,False,2.785442316877103,0.43991062,0.43103287,0.44714254,0.44714254,0.43936202
mp-6342,LiCa3RuO6,O,O,False,2.808424567347373,0.4393781,0.43027705,0.44873607,0.44873607,0.43946373
mp-6342,LiCa3RuO6,O,O,False,2.8084246100733874,0.4393781,0.43027705,0.45093006,0.45093006,0.44019508
mp-6342,LiCa3RuO6,O,O,False,2.9025291875579375,0.43564045,0.4270707,0.44989204,0.44989204,0.43753442
mp-6342,LiCa3RuO6,O,O,False,2.970289574455971,0.43268514,0.42566216,0.4477923,0.4477923,0.43537986
mp-6342,LiCa3RuO6,O,Ru,True,1.9777472439880939,0.40880966,0.3730004,0.5976784,0.5976784,0.45982948
mp-6342,LiCa3RuO6,O,Li,True,2.2390133177015485,0.44981104,0.4919534,0.46224844,0.46224844,0.46800432
mp-6342,LiCa3RuO6,O,Ca,True,2.333193384817393,0.4417601,0.46344757,0.4972872,0.4972872,0.4674983
mp-6342,LiCa3RuO6,O,Ca,True,2.479049649724535,0.43892145,0.46835792,0.5014413,0.5014413,0.4695736
mp-6342,LiCa3RuO6,O,Ca,True,2.4935588088587117,0.43870947,0.46529585,0.5041575,0.5041575,0.46938762
mp-6342,LiCa3RuO6,O,Ca,True,2.7591223691895226,0.43967962,0.46239525,0.49728528,0.49728528,0.4664534
mp-6342,LiCa3RuO6,O,O,False,2.785442298932621,0.43991062,0.4310329,0.44747728,0.44747728,0.43947363
mp-6342,LiCa3RuO6,O,O,False,2.7854423244724176,0.43991062,0.4310329,0.450095,0.450095,0.44034615
mp-6342,LiCa3RuO6,O,O,False,2.808424476712862,0.4393781,0.43027705,0.44651097,0.44651097,0.43872204
mp-6342,LiCa3RuO6,O,O,False,2.8084245673473722,0.4393781,0.43027705,0.44949403,0.44949403,0.43971637
mp-6342,LiCa3RuO6,O,O,False,2.9025292070711,0.43564045,0.4270707,0.45008633,0.45008633,0.43759918
mp-6342,LiCa3RuO6,O,O,False,2.970289529888041,0.43268514,0.42566216,0.4469028,0.4469028,0.4350834
mp-6342,LiCa3RuO6,O,Ru,True,1.9777473333262674,0.40880966,0.37300038,0.59707385,0.59707385,0.45962796
mp-6342,LiCa3RuO6,O,Li,True,2.239013203499263,0.44981104,0.4919534,0.46223882,0.46223882,0.4680011
mp-6342,LiCa3RuO6,O,Ca,True,2.333193503367191,0.4417601,0.46443185,0.50858504,0.50858504,0.47159234
mp-6342,LiCa3RuO6,O,Ca,True,2.4790496567112252,0.43892145,0.4595,0.49340126,0.49340126,0.4639409
mp-6342,LiCa3RuO6,O,Ca,True,2.4935586927361664,0.43870947,0.46911213,0.5061375,0.5061375,0.47131968
mp-6342,LiCa3RuO6,O,Ca,True,2.7591223698219256,0.43967962,0.46763277,0.49654642,0.49654642,0.46795294
mp-6342,LiCa3RuO6,O,O,False,2.7854422989326215,0.43991062,0.4310329,0.4476558,0.4476558,0.4395331
mp-6342,LiCa3RuO6,O,O,False,2.785442316877104,0.43991062,0.4310329,0.44974157,0.44974157,0.44022837
mp-6342,LiCa3RuO6,O,O,False,2.8084245673473722,0.4393781,0.43027705,0.44715863,0.44715863,0.4389379
mp-6342,LiCa3RuO6,O,O,False,2.808424610073387,0.4393781,0.43027705,0.44619697,0.44619697,0.43861738
mp-6342,LiCa3RuO6,O,O,False,2.9025291875579367,0.43564045,0.4270707,0.44680676,0.44680676,0.436506
mp-6342,LiCa3RuO6,O,O,False,2.97028957445597,0.43268514,0.42566216,0.4484436,0.4484436,0.43559694
mp-6342,LiCa3RuO6,O,Ru,True,1.9777472869602455,0.40880966,0.37300044,0.5968267,0.5968267,0.4595456
mp-6342,LiCa3RuO6,O,Li,True,2.2390132838460444,0.44981104,0.4919534,0.46242675,0.46242675,0.46806374
mp-6342,LiCa3RuO6,O,Ca,True,2.3331934679046933,0.4417601,0.4685195,0.50975025,0.50975025,0.47334328
mp-6342,LiCa3RuO6,O,Ca,True,2.4790496549439975,0.43892145,0.465775,0.5006751,0.5006751,0.4684572
mp-6342,LiCa3RuO6,O,Ca,True,2.493558753212768,0.43870947,0.46529588,0.5042533,0.5042533,0.46941957
mp-6342,LiCa3RuO6,O,Ca,True,2.759122325742244,0.43967962,0.46763277,0.49672747,0.49672747,0.4680133
mp-6342,LiCa3RuO6,O,O,False,2.7854423168771048,0.43991062,0.43103287,0.4474094,0.4474094,0.43945098
mp-6342,LiCa3RuO6,O,O,False,2.7854423244724176,0.43991062,0.4310329,0.44980347,0.44980347,0.440249
mp-6342,LiCa3RuO6,O,O,False,2.808424476712864,0.4393781,0.43027705,0.44614422,0.44614422,0.4385998
mp-6342,LiCa3RuO6,O,O,False,2.808424610073388,0.4393781,0.43027705,0.44712764,0.44712764,0.43892756
mp-6342,LiCa3RuO6,O,O,False,2.902529187557937,0.43564045,0.4270707,0.44676745,0.44676745,0.4364929
mp-6342,LiCa3RuO6,O,O,False,2.970289459624625,0.43268514,0.42566216,0.4480716,0.4480716,0.43547297
mp-6342,LiCa3RuO6,O,Ru,True,1.9777472439880939,0.40880966,0.37300038,0.59892935,0.59892935,0.46024647
mp-6342,LiCa3RuO6,O,Li,True,2.23901331770155,0.44981104,0.4919534,0.46291658,0.46291658,0.46822703
mp-6342,LiCa3RuO6,O,Ca,True,2.3331933848173927,0.4417601,0.46443185,0.50949574,0.50949574,0.4718959
mp-6342,LiCa3RuO6,O,Ca,True,2.4790496497245367,0.43892145,0.45950004,0.49420115,0.49420115,0.46420756
mp-6342,LiCa3RuO6,O,Ca,True,2.4935588088587117,0.43870947,0.46427408,0.4931314,0.4931314,0.46537164
mp-6342,LiCa3RuO6,O,Ca,True,2.7591223691895213,0.43967962,0.46239525,0.49799582,0.49799582,0.4666902
mp-6342,LiCa3RuO6,O,O,False,2.7854422989326224,0.43991062,0.4310329,0.449135,0.449135,0.4400262
mp-6342,LiCa3RuO6,O,O,False,2.785442324472418,0.43991062,0.4310329,0.44857717,0.44857717,0.43984023
mp-6342,LiCa3RuO6,O,O,False,2.8084244767128634,0.4393781,0.43027705,0.450598,0.450598,0.44008437
mp-6342,LiCa3RuO6,O,O,False,2.808424567347374,0.4393781,0.43027705,0.44885868,0.44885868,0.43950462
mp-6342,LiCa3RuO6,O,O,False,2.9025292070711,0.43564045,0.4270707,0.4491179,0.4491179,0.43727636
mp-6342,LiCa3RuO6,O,O,False,2.9702895298880394,0.43268514,0.42566216,0.44742686,0.44742686,0.43525806
mp-6342,LiCa3RuO6,O,Ru,True,1.9777473333262676,0.40880966,0.37300038,0.5976136,0.5976136,0.45980787
mp-6342,LiCa3RuO6,O,Li,True,2.239013203499263,0.44981104,0.49195337,0.46229428,0.46229428,0.46801957
mp-6342,LiCa3RuO6,O,Ca,True,2.3331935033671907,0.4417601,0.4634475,0.49730757,0.49730757,0.46750507
mp-6342,LiCa3RuO6,O,Ca,True,2.479049656711227,0.43892145,0.46835792,0.5014426,0.5014426,0.46957397
mp-6342,LiCa3RuO6,O,Ca,True,2.493558692736167,0.43870947,0.4691121,0.506236,0.506236,0.4713525
mp-6342,LiCa3RuO6,O,Ca,True,2.759122369821926,0.43967962,0.4573022,0.48985043,0.48985043,0.4622774
mp-6342,LiCa3RuO6,O,O,False,2.7854422989326215,0.43991062,0.4310329,0.45032516,0.45032516,0.4404229
mp-6342,LiCa3RuO6,O,O,False,2.7854423168771034,0.43991062,0.4310329,0.44735917,0.44735917,0.43943426
mp-6342,LiCa3RuO6,O,O,False,2.8084245673473736,0.4393781,0.43027705,0.4466164,0.4466164,0.43875718
mp-6342,LiCa3RuO6,O,O,False,2.8084246100733883,0.4393781,0.43027705,0.44926572,0.44926572,0.43964028
mp-6342,LiCa3RuO6,O,O,False,2.9025291875579375,0.43564045,0.4270707,0.44986454,0.44986454,0.43752524
mp-6342,LiCa3RuO6,O,O,False,2.97028957445597,0.43268514,0.42566216,0.4470176,0.4470176,0.43512163
mp-6342,LiCa3RuO6,O,Ru,True,1.9777472869602455,0.40880966,0.37300038,0.5986203,0.5986203,0.46014345
mp-6342,LiCa3RuO6,O,Li,True,2.239013283846044,0.44981104,0.49195337,0.4631397,0.4631397,0.4683014
mp-6342,LiCa3RuO6,O,Ca,True,2.3331934679046933,0.4417601,0.4685195,0.51065385,0.51065385,0.4736445
mp-6342,LiCa3RuO6,O,Ca,True,2.479049654943999,0.43892145,0.46577495,0.50145537,0.50145537,0.46871725
mp-6342,LiCa3RuO6,O,Ca,True,2.4935587532127674,0.43870947,0.46427405,0.49332133,0.49332133,0.46543494
mp-6342,LiCa3RuO6,O,Ca,True,2.759122325742242,0.43967962,0.4573022,0.49091524,0.49091524,0.46263233
mp-6342,LiCa3RuO6,O,O,False,2.7854423168771043,0.43991062,0.43103287,0.44855767,0.44855767,0.43983373
mp-6342,LiCa3RuO6,O,O,False,2.7854423244724176,0.43991062,0.4310329,0.4490826,0.4490826,0.44000873
mp-6342,LiCa3RuO6,O,O,False,2.8084244767128617,0.4393781,0.43027705,0.44859782,0.44859782,0.43941763
mp-6342,LiCa3RuO6,O,O,False,2.808424610073387,0.4393781,0.43027705,0.45067465,0.45067465,0.44010994
mp-6342,LiCa3RuO6,O,O,False,2.9025291875579367,0.43564045,0.4270707,0.44887412,0.44887412,0.4371951
mp-6342,LiCa3RuO6,O,O,False,2.970289459624626,0.43268514,0.42566216,0.4471865,0.4471865,0.43517792
mp-1072097,GdInPt4,Gd,Pt,True,3.1571360397318977,0.4231528,0.38801542,0.4076633,0.4076633,0.40627718
mp-1072097,GdInPt4,Gd,Pt,True,3.1571360397318986,0.4231528,0.38801542,0.4076633,0.4076633,0.40627718
mp-1072097,GdInPt4,Gd,Pt,True,3.1571360397318986,0.4231528,0.38801542,0.4076633,0.4076633,0.40627718
mp-1072097,GdInPt4,Gd,Pt,True,3.1571360397318986,0.4231528,0.38801542,0.4076633,0.4076633,0.40627718
mp-1072097,GdInPt4,Gd,Pt,True,3.1571360397318986,0.4231528,0.38801542,0.4076633,0.4076633,0.40627718
mp-1072097,GdInPt4,Gd,Pt,True,3.1571360397318986,0.4231528,0.38801542,0.4076633,0.4076633,0.40627718
mp-1072097,GdInPt4,Gd,Pt,True,3.157138366115625,0.42315286,0.38801545,0.4076633,0.4076633,0.40627718
mp-1072097,GdInPt4,Gd,Pt,True,3.157138366115625,0.42315286,0.38801545,0.4076633,0.4076633,0.40627718
mp-1072097,GdInPt4,Gd,Pt,True,3.157138366115625,0.42315286,0.38801545,0.4076633,0.4076633,0.40627718
mp-1072097,GdInPt4,Gd,Pt,True,3.157140674576098,0.42315292,0.3880155,0.4076633,0.4076633,0.40627727
mp-1072097,GdInPt4,Gd,Pt,True,3.157140674576098,0.42315292,0.3880155,0.4076633,0.4076633,0.40627727
mp-1072097,GdInPt4,Gd,Pt,True,3.157140674576099,0.42315292,0.3880155,0.4076633,0.4076633,0.40627727
mp-1072097,GdInPt4,In,Pt,True,3.154916085036288,0.42187765,0.38300627,0.4097494,0.4097494,0.40487778
mp-1072097,GdInPt4,In,Pt,True,3.154916085036289,0.42187765,0.38300627,0.4097494,0.4097494,0.40487778
mp-1072097,GdInPt4,In,Pt,True,3.154916085036289,0.42187765,0.38300627,0.4097494,0.4097494,0.40487778
mp-1072097,GdInPt4,In,Pt,True,3.1549184130569725,0.42187768,0.38300633,0.4097494,0.4097494,0.4048778
mp-1072097,GdInPt4,In,Pt,True,3.1549184130569725,0.42187768,0.38300633,0.4097494,0.4097494,0.4048778
mp-1072097,GdInPt4,In,Pt,True,3.1549184130569725,0.42187768,0.38300633,0.4097494,0.4097494,0.4048778
mp-1072097,GdInPt4,In,Pt,True,3.154920723141789,0.4218777,0.38300642,0.40974942,0.40974942,0.40487787
mp-1072097,GdInPt4,In,Pt,True,3.154920723141789,0.4218777,0.38300642,0.40974942,0.40974942,0.40487787
mp-1072097,GdInPt4,In,Pt,True,3.154920723141789,0.4218777,0.38300642,0.40974942,0.40974942,0.40487787
mp-1072097,GdInPt4,In,Pt,True,3.154920723141789,0.4218777,0.38300642,0.40974942,0.40974942,0.40487787
mp-1072097,GdInPt4,In,Pt,True,3.154920723141789,0.4218777,0.38300642,0.40974942,0.40974942,0.40487787
mp-1072097,GdInPt4,In,Pt,True,3.1549207231417897,0.4218777,0.38300642,0.40974942,0.40974942,0.40487787
mp-1072097,GdInPt4,Pt,Pt,False,2.6810576406414395,0.42008525,0.49685165,0.393533,0.393533,0.43682328
mp-1072097,GdInPt4,Pt,Pt,False,2.68105764064144,0.42008525,0.49685165,0.39353296,0.39353296,0.43682328
mp-1072097,GdInPt4,Pt,Pt,False,2.6810576406414404,0.42008525,0.49685165,0.393533,0.393533,0.43682328
mp-1072097,GdInPt4,Pt,Pt,False,2.7018718139635607,0.42009556,0.49692404,0.3932884,0.3932884,0.43676934
mp-1072097,GdInPt4,Pt,Pt,False,2.7018718139635607,0.42009556,0.49692404,0.3932884,0.3932884,0.43676934
mp-1072097,GdInPt4,Pt,Pt,False,2.701871813963561,0.42009556,0.49692404,0.3932884,0.3932884,0.43676934
mp-1072097,GdInPt4,Pt,In,True,3.154916085036289,0.43759626,0.46460417,0.3717211,0.3717211,0.4246405
mp-1072097,GdInPt4,Pt,In,True,3.154920723141789,0.43759638,0.46460438,0.3717211,0.3717211,0.42464063
mp-1072097,GdInPt4,Pt,In,True,3.154920723141789,0.43759638,0.46460438,0.3717211,0.3717211,0.42464063
mp-1072097,GdInPt4,Pt,Gd,True,3.1571360397318986,0.43559828,0.44863674,0.41545987,0.41545987,0.43323162
mp-1072097,GdInPt4,Pt,Gd,True,3.1571360397318986,0.43559828,0.44863674,0.41545987,0.41545987,0.43323162
mp-1072097,GdInPt4,Pt,Gd,True,3.157140674576098,0.4355983,0.4486368,0.41545987,0.41545987,0.43323168
mp-1072097,GdInPt4,Pt,Pt,False,2.68105764064144,0.42008525,0.49685165,0.39353296,0.39353296,0.43682328
mp-1072097,GdInPt4,Pt,Pt,False,2.68105764064144,0.42008525,0.49685165,0.393533,0.393533,0.43682328
mp-1072097,GdInPt4,Pt,Pt,False,2.6810576406414404,0.42008525,0.49685165,0.393533,0.393533,0.43682328
mp-1072097,GdInPt4,Pt,Pt,False,2.7018718139635602,0.42009556,0.49692404,0.3932884,0.3932884,0.43676934
mp-1072097,GdInPt4,Pt,Pt,False,2.7018718139635607,0.42009556,0.49692404,0.3932884,0.3932884,0.43676934
mp-1072097,GdInPt4,Pt,Pt,False,2.701871813963561,0.42009556,0.49692404,0.3932884,0.3932884,0.43676934
mp-1072097,GdInPt4,Pt,In,True,3.154916085036289,0.43759626,0.46460417,0.3717211,0.3717211,0.4246405
mp-1072097,GdInPt4,Pt,In,True,3.154920723141789,0.43759638,0.46460438,0.3717211,0.3717211,0.42464063
mp-1072097,GdInPt4,Pt,In,True,3.154920723141789,0.43759638,0.46460438,0.3717211,0.3717211,0.42464063
mp-1072097,GdInPt4,Pt,Gd,True,3.1571360397318986,0.43559828,0.44863674,0.41545987,0.41545987,0.43323162
mp-1072097,GdInPt4,Pt,Gd,True,3.157136039731899,0.43559828,0.44863674,0.41545987,0.41545987,0.43323162
mp-1072097,GdInPt4,Pt,Gd,True,3.157140674576098,0.4355983,0.4486368,0.41545987,0.41545987,0.43323168
mp-1072097,GdInPt4,Pt,Pt,False,2.6810576406414404,0.42008525,0.49685165,0.39353296,0.39353296,0.43682328
mp-1072097,GdInPt4,Pt,Pt,False,2.6810576406414404,0.42008525,0.49685165,0.393533,0.393533,0.43682328
mp-1072097,GdInPt4,Pt,Pt,False,2.6810576406414404,0.42008525,0.49685165,0.393533,0.393533,0.43682328
mp-1072097,GdInPt4,Pt,Pt,False,2.7018718139635602,0.42009556,0.49692404,0.3932884,0.3932884,0.43676934
mp-1072097,GdInPt4,Pt,Pt,False,2.7018718139635602,0.42009556,0.49692404,0.3932884,0.3932884,0.43676934
mp-1072097,GdInPt4,Pt,Pt,False,2.7018718139635607,0.42009556,0.49692404,0.3932884,0.3932884,0.43676934
mp-1072097,GdInPt4,Pt,In,True,3.154916085036289,0.43759626,0.46460417,0.3717211,0.3717211,0.4246405
mp-1072097,GdInPt4,Pt,In,True,3.154920723141789,0.43759638,0.46460438,0.3717211,0.3717211,0.42464063
mp-1072097,GdInPt4,Pt,In,True,3.154920723141789,0.43759638,0.46460438,0.3717211,0.3717211,0.42464063
mp-1072097,GdInPt4,Pt,Gd,True,3.1571360397318986,0.43559828,0.44863674,0.41545987,0.41545987,0.43323162
mp-1072097,GdInPt4,Pt,Gd,True,3.1571360397318986,0.43559828,0.44863674,0.41545987,0.41545987,0.43323162
mp-1072097,GdInPt4,Pt,Gd,True,3.157140674576098,0.4355983,0.4486368,0.41545987,0.41545987,0.43323168
mp-1072097,GdInPt4,Pt,Pt,False,2.68105764064144,0.42008525,0.49685168,0.393533,0.393533,0.43682328
mp-1072097,GdInPt4,Pt,Pt,False,2.6810576406414404,0.42008525,0.49685168,0.393533,0.393533,0.43682328
mp-1072097,GdInPt4,Pt,Pt,False,2.681057640641441,0.42008525,0.49685168,0.393533,0.393533,0.43682328
mp-1072097,GdInPt4,Pt,Pt,False,2.7018718139635594,0.42009556,0.49692404,0.39328843,0.39328843,0.43676934
mp-1072097,GdInPt4,Pt,Pt,False,2.7018718139635602,0.42009556,0.49692404,0.39328843,0.39328843,0.43676934
mp-1072097,GdInPt4,Pt,Pt,False,2.7018718139635616,0.42009556,0.49692404,0.39328843,0.39328843,0.43676934
mp-1072097,GdInPt4,Pt,In,True,3.1549184130569725,0.43759632,0.46460426,0.3717211,0.3717211,0.42464057
mp-1072097,GdInPt4,Pt,In,True,3.1549184130569725,0.43759632,0.46460426,0.3717211,0.3717211,0.42464057
mp-1072097,GdInPt4,Pt,In,True,3.1549184130569725,0.43759632,0.46460426,0.3717211,0.3717211,0.42464057
mp-1072097,GdInPt4,Pt,Gd,True,3.157138366115625,0.43559825,0.44863677,0.41545984,0.41545984,0.43323162
mp-1072097,GdInPt4,Pt,Gd,True,3.157138366115625,0.43559825,0.44863677,0.41545984,0.41545984,0.43323162
mp-1072097,GdInPt4,Pt,Gd,True,3.157138366115625,0.43559825,0.44863677,0.41545984,0.41545984,0.43323162
mp-1026441,Mg14CdBi,Mg,Mg,False,3.1377675491517856,0.42733797,0.29077905,0.3497261,0.3497261,0.3559477
mp-1026441,Mg14CdBi,Mg,Mg,False,3.1377675491517873,0.42733797,0.29077905,0.3497261,0.3497261,0.3559477
mp-1026441,Mg14CdBi,Mg,Mg,False,3.1377738570264064,0.42733803,0.29077923,0.34972617,0.34972617,0.35594782
mp-1026441,Mg14CdBi,Mg,Mg,False,3.1377738570264087,0.42733803,0.29077923,0.34972617,0.34972617,0.35594782
mp-1026441,Mg14CdBi,Mg,Mg,False,3.1965037102042047,0.42770264,0.29496264,0.35429364,0.35429364,0.3589863
mp-1026441,Mg14CdBi,Mg,Mg,False,3.1965037102042055,0.42770264,0.29496264,0.35429364,0.35429364,0.3589863
mp-1026441,Mg14CdBi,Mg,Mg,False,3.201604633628746,0.42773527,0.29198137,0.35163575,0.35163575,0.3571175
mp-1026441,Mg14CdBi,Mg,Mg,False,3.2016048963225607,0.42773527,0.29198137,0.35163572,0.35163572,0.35711744
mp-1026441,Mg14CdBi,Mg,Cd,True,3.2044993405642104,0.41480273,0.37218747,0.3694296,0.3694296,0.38547325
mp-1026441,Mg14CdBi,Mg,Cd,True,3.2044994049708224,0.41480273,0.37218747,0.3694296,0.3694296,0.38547325
mp-1026441,Mg14CdBi,Mg,Mg,False,3.2073932405086665,0.42777234,0.29220548,0.35171926,0.35171926,0.35723236
mp-1026441,Mg14CdBi,Mg,Mg,False,3.2073935036774395,0.4277724,0.29220548,0.35171926,0.35171926,0.35723236
mp-1026441,Mg14CdBi,Mg,Mg,False,3.1971406384294516,0.42770672,0.29468307,0.35178518,0.35178518,0.35805833
mp-1026441,Mg14CdBi,Mg,Mg,False,3.197140900756992,0.42770672,0.2946831,0.35178518,0.35178518,0.35805833
mp-1026441,Mg14CdBi,Mg,Mg,False,3.2004780113095057,0.42772806,0.2953653,0.35596722,0.35596722,0.35968685
mp-1026441,Mg14CdBi,Mg,Mg,False,3.200478011309506,0.42772806,0.2953653,0.35596722,0.35596722,0.35968685
mp-1026441,Mg14CdBi,Mg,Bi,True,3.204501721470732,0.3951415,0.3108245,0.3563308,0.3563308,0.35409895
mp-1026441,Mg14CdBi,Mg,Bi,True,3.2045017847556556,0.39514148,0.3108245,0.3563308,0.3563308,0.35409895
mp-1026441,Mg14CdBi,Mg,Mg,False,3.211857235707961,0.4278012,0.29530507,0.35199255,0.35199255,0.35836625
mp-1026441,Mg14CdBi,Mg,Mg,False,3.2118574992430076,0.4278012,0.2953051,0.35199255,0.35199255,0.35836625
mp-1026441,Mg14CdBi,Mg,Mg,False,3.2462152393608,0.42803714,0.29540795,0.353475,0.353475,0.35897335
mp-1026441,Mg14CdBi,Mg,Mg,False,3.246215239360802,0.42803714,0.29540795,0.353475,0.353475,0.35897335
mp-1026441,Mg14CdBi,Mg,Mg,False,3.246221398417769,0.42803717,0.29540816,0.35347512,0.35347512,0.35897347
mp-1026441,Mg14CdBi,Mg,Mg,False,3.246221398417771,0.42803717,0.29540816,0.35347512,0.35347512,0.35897347
mp-1026441,Mg14CdBi,Mg,Mg,False,3.137767545855427,0.42733797,0.29077905,0.3497261,0.3497261,0.3559477
mp-1026441,Mg14CdBi,Mg,Mg,False,3.137767545855429,0.42733797,0.29077905,0.3497261,0.3497261,0.3559477
mp-1026441,Mg14CdBi,Mg,Mg,False,3.1377739433691696,0.427338,0.29077926,0.34972617,0.34972617,0.35594782
mp-1026441,Mg14CdBi,Mg,Mg,False,3.137773943369172,0.427338,0.29077926,0.34972617,0.34972617,0.35594782
mp-1026441,Mg14CdBi,Mg,Mg,False,3.196503622499162,0.42770264,0.29496264,0.35429364,0.35429364,0.3589863
mp-1026441,Mg14CdBi,Mg,Mg,False,3.1965036224991628,0.42770264,0.29496264,0.35429364,0.35429364,0.3589863
mp-1026441,Mg14CdBi,Mg,Mg,False,3.2016046336287456,0.42773527,0.29198134,0.35163575,0.35163575,0.35711744
mp-1026441,Mg14CdBi,Mg,Mg,False,3.201604633628746,0.42773527,0.29198137,0.35163572,0.35163572,0.35711744
mp-1026441,Mg14CdBi,Mg,Cd,True,3.2044996036537143,0.41480276,0.3721875,0.3694296,0.3694296,0.38547328
mp-1026441,Mg14CdBi,Mg,Cd,True,3.2044996677436917,0.41480276,0.3721875,0.3694296,0.3694296,0.38547328
mp-1026441,Mg14CdBi,Mg,Mg,False,3.2073932405086665,0.42777234,0.2922055,0.35171926,0.35171926,0.35723236
mp-1026441,Mg14CdBi,Mg,Mg,False,3.207393240508667,0.42777234,0.29220545,0.35171923,0.35171923,0.35723233
mp-1026441,Mg14CdBi,Mg,Mg,False,3.197140638429451,0.42770672,0.2946831,0.35178515,0.35178515,0.35805833
mp-1026441,Mg14CdBi,Mg,Mg,False,3.1971406384294516,0.42770672,0.29468307,0.35178518,0.35178518,0.35805833
mp-1026441,Mg14CdBi,Mg,Mg,False,3.200477923957466,0.42772806,0.29536527,0.35596722,0.35596722,0.35968685
mp-1026441,Mg14CdBi,Mg,Mg,False,3.2004779239574668,0.42772806,0.29536527,0.35596722,0.35596722,0.35968685
mp-1026441,Mg14CdBi,Mg,Bi,True,3.204501983998831,0.39514148,0.3108245,0.3563308,0.3563308,0.35409895
mp-1026441,Mg14CdBi,Mg,Bi,True,3.2045020480887576,0.39514148,0.3108245,0.3563308,0.3563308,0.35409895
mp-1026441,Mg14CdBi,Mg,Mg,False,3.211857235707961,0.4278012,0.29530507,0.35199255,0.35199255,0.35836625
mp-1026441,Mg14CdBi,Mg,Mg,False,3.2118572357079613,0.4278012,0.29530507,0.35199255,0.35199255,0.35836625
mp-1026441,Mg14CdBi,Mg,Mg,False,3.246215235933135,0.42803714,0.29540795,0.353475,0.353475,0.35897335
mp-1026441,Mg14CdBi,Mg,Mg,False,3.2462152359331373,0.42803714,0.29540795,0.353475,0.353475,0.35897335
mp-1026441,Mg14CdBi,Mg,Mg,False,3.246221481871416,0.4280372,0.29540813,0.3534751,0.3534751,0.35897347
mp-1026441,Mg14CdBi,Mg,Mg,False,3.246221481871418,0.4280372,0.29540813,0.3534751,0.3534751,0.35897347
mp-1026441,Mg14CdBi,Mg,Mg,False,3.137773977961657,0.427338,0.2907793,0.3497262,0.3497262,0.35594782
mp-1026441,Mg14CdBi,Mg,Mg,False,3.1377739779616594,0.427338,0.2907793,0.3497262,0.3497262,0.35594782
mp-1026441,Mg14CdBi,Mg,Mg,False,3.137774067600768,0.427338,0.29077932,0.3497262,0.3497262,0.35594785
mp-1026441,Mg14CdBi,Mg,Mg,False,3.13777406760077,0.427338,0.29077932,0.3497262,0.3497262,0.35594785
mp-1026441,Mg14CdBi,Mg,Mg,False,3.1964973230676623,0.42770258,0.2949624,0.35429358,0.35429358,0.35898617
mp-1026441,Mg14CdBi,Mg,Mg,False,3.1964973230676628,0.42770258,0.2949624,0.35429358,0.35429358,0.35898617
mp-1026441,Mg14CdBi,Mg,Mg,False,3.2016046336287456,0.42773527,0.29198137,0.35163575,0.35163575,0.3571175
mp-1026441,Mg14CdBi,Mg,Mg,False,3.2016048963225607,0.42773527,0.2919814,0.35163578,0.35163578,0.3571175
mp-1026441,Mg14CdBi,Mg,Cd,True,3.2044993725802584,0.41480273,0.37218747,0.36942956,0.36942956,0.38547325
mp-1026441,Mg14CdBi,Mg,Cd,True,3.204499372896889,0.41480273,0.37218747,0.36942956,0.36942956,0.38547325
mp-1026441,Mg14CdBi,Mg,Mg,False,3.207393240508667,0.42777234,0.2922055,0.35171926,0.35171926,0.35723236
mp-1026441,Mg14CdBi,Mg,Mg,False,3.2073935036774395,0.4277724,0.2922055,0.35171926,0.35171926,0.35723242
mp-1026441,Mg14CdBi,Mg,Mg,False,3.197140638429451,0.42770672,0.29468304,0.35178518,0.35178518,0.3580583
mp-1026441,Mg14CdBi,Mg,Mg,False,3.1971409007569926,0.42770672,0.29468304,0.35178518,0.35178518,0.3580583
mp-1026441,Mg14CdBi,Mg,Mg,False,3.2004715769756644,0.427728,0.295365,0.35596716,0.35596716,0.35968673
mp-1026441,Mg14CdBi,Mg,Mg,False,3.200471576975665,0.427728,0.295365,0.35596716,0.35596716,0.35968673
mp-1026441,Mg14CdBi,Mg,Bi,True,3.2045017527842723,0.39514148,0.3108245,0.3563308,0.3563308,0.35409895
mp-1026441,Mg14CdBi,Mg,Bi,True,3.2045017535892817,0.39514148,0.3108245,0.3563308,0.3563308,0.35409895
mp-1026441,Mg14CdBi,Mg,Mg,False,3.2118572357079613,0.4278012,0.29530504,0.35199252,0.35199252,0.35836625
mp-1026441,Mg14CdBi,Mg,Mg,False,3.2118574992430076,0.4278012,0.29530504,0.35199255,0.35199255,0.35836625
mp-1026441,Mg14CdBi,Mg,Mg,False,3.2462215253450326,0.4280372,0.29540816,0.35347512,0.35347512,0.3589735
mp-1026441,Mg14CdBi,Mg,Mg,False,3.246221525345035,0.4280372,0.29540816,0.35347512,0.35347512,0.3589735
mp-1026441,Mg14CdBi,Mg,Mg,False,3.2462216122263343,0.4280372,0.29540816,0.35347512,0.35347512,0.3589735
mp-1026441,Mg14CdBi,Mg,Mg,False,3.2462216122263365,0.4280372,0.29540816,0.35347512,0.35347512,0.3589735
mp-1026441,Mg14CdBi,Mg,Mg,False,3.1377738570264073,0.42733803,0.28922778,0.3516712,0.3516712,0.356079
mp-1026441,Mg14CdBi,Mg,Mg,False,3.1377739433691705,0.427338,0.28922778,0.3516712,0.3516712,0.35607898
mp-1026441,Mg14CdBi,Mg,Mg,False,3.147887169316811,0.42739677,0.29109162,0.35060036,0.35060036,0.3563629
mp-1026441,Mg14CdBi,Mg,Mg,False,3.1478874276030697,0.4273968,0.29109162,0.35060036,0.35060036,0.35636294
mp-1026441,Mg14CdBi,Mg,Cd,True,3.166046066519781,0.4143177,0.37006247,0.3697331,0.3697331,0.38470444
mp-1026441,Mg14CdBi,Mg,Mg,False,3.2052744951834526,0.42775875,0.29527414,0.3549112,0.3549112,0.35931468
mp-1026441,Mg14CdBi,Mg,Mg,False,3.2052745013753325,0.42775875,0.29527414,0.3549112,0.3549112,0.35931468
mp-1026441,Mg14CdBi,Mg,Mg,False,3.2462213984177697,0.42803717,0.29614428,0.35107666,0.35107666,0.35841933
mp-1026441,Mg14CdBi,Mg,Mg,False,3.246221481871417,0.4280372,0.2961443,0.35107666,0.35107666,0.35841942
mp-1026441,Mg14CdBi,Mg,Mg,False,3.2611107048206014,0.4281561,0.29550552,0.35220867,0.35220867,0.35862342
mp-1026441,Mg14CdBi,Mg,Mg,False,3.26111097239693,0.42815608,0.29550552,0.35220867,0.35220867,0.35862342
mp-1026441,Mg14CdBi,Mg,Bi,True,3.2728135280082915,0.39509374,0.311305,0.35572237,0.35572237,0.35404038
mp-1026441,Mg14CdBi,Mg,Mg,False,3.1377738570264073,0.42733803,0.28922778,0.3516712,0.3516712,0.356079
mp-1026441,Mg14CdBi,Mg,Mg,False,3.1377739433691705,0.427338,0.28922778,0.3516712,0.3516712,0.35607898
mp-1026441,Mg14CdBi,Mg,Mg,False,3.147887169316811,0.42739677,0.29109162,0.35060036,0.35060036,0.3563629
mp-1026441,Mg14CdBi,Mg,Mg,False,3.1478874276030697,0.4273968,0.29109162,0.35060036,0.35060036,0.35636294
mp-1026441,Mg14CdBi,Mg,Cd,True,3.166046066519781,0.4143177,0.37006247,0.3697331,0.3697331,0.38470444
mp-1026441,Mg14CdBi,Mg,Mg,False,3.2052744951834526,0.42775875,0.29527414,0.3549112,0.3549112,0.35931468
mp-1026441,Mg14CdBi,Mg,Mg,False,3.2052745013753325,0.42775875,0.29527414,0.3549112,0.3549112,0.35931468
mp-1026441,Mg14CdBi,Mg,Mg,False,3.246221398417771,0.42803717,0.29614428,0.35107666,0.35107666,0.35841933
mp-1026441,Mg14CdBi,Mg,Mg,False,3.246221481871418,0.4280372,0.2961443,0.35107666,0.35107666,0.35841942
mp-1026441,Mg14CdBi,Mg,Mg,False,3.2611107048206014,0.4281561,0.29550552,0.35220867,0.35220867,0.35862342
mp-1026441,Mg14CdBi,Mg,Mg,False,3.26111097239693,0.42815608,0.29550552,0.35220867,0.35220867,0.35862342
mp-1026441,Mg14CdBi,Mg,Bi,True,3.2728135280082924,0.39509374,0.311305,0.35572237,0.35572237,0.35404038
mp-1026441,Mg14CdBi,Mg,Mg,False,3.137767549151786,0.42733797,0.28922758,0.3516711,0.3516711,0.35607886
mp-1026441,Mg14CdBi,Mg,Mg,False,3.137774067600769,0.427338,0.28922778,0.35167113,0.35167113,0.35607898
mp-1026441,Mg14CdBi,Mg,Mg,False,3.1478871693168107,0.42739677,0.29109165,0.35060036,0.35060036,0.35636294
mp-1026441,Mg14CdBi,Mg,Mg,False,3.1478871693168116,0.42739677,0.29109165,0.35060036,0.35060036,0.35636294
mp-1026441,Mg14CdBi,Mg,Cd,True,3.166052576079574,0.4143178,0.37006277,0.369733,0.369733,0.3847045
mp-1026441,Mg14CdBi,Mg,Mg,False,3.2052747611197185,0.42775875,0.29527417,0.3549112,0.3549112,0.3593147
mp-1026441,Mg14CdBi,Mg,Mg,False,3.2052747611197203,0.42775875,0.29527417,0.3549112,0.3549112,0.3593147
mp-1026441,Mg14CdBi,Mg,Mg,False,3.246215239360801,0.42803714,0.2961441,0.35107654,0.35107654,0.35841927
mp-1026441,Mg14CdBi,Mg,Mg,False,3.246221612226335,0.4280372,0.2961443,0.35107666,0.35107666,0.35841942
mp-1026441,Mg14CdBi,Mg,Mg,False,3.261110704820601,0.4281561,0.29550552,0.35220867,0.35220867,0.35862342
mp-1026441,Mg14CdBi,Mg,Mg,False,3.2611107048206023,0.4281561,0.29550555,0.35220867,0.35220867,0.35862342
mp-1026441,Mg14CdBi,Mg,Bi,True,3.272819825210182,0.3950937,0.31130514,0.35572237,0.35572237,0.35404038
mp-1026441,Mg14CdBi,Mg,Mg,False,3.137767549151786,0.42733797,0.28922758,0.3516711,0.3516711,0.35607886
mp-1026441,Mg14CdBi,Mg,Mg,False,3.137774067600769,0.427338,0.28922778,0.35167113,0.35167113,0.35607898
mp-1026441,Mg14CdBi,Mg,Mg,False,3.1478871693168107,0.42739677,0.29109165,0.35060036,0.35060036,0.35636294
mp-1026441,Mg14CdBi,Mg,Mg,False,3.1478871693168116,0.42739677,0.29109165,0.35060036,0.35060036,0.35636294
mp-1026441,Mg14CdBi,Mg,Cd,True,3.166052576079574,0.4143178,0.37006277,0.369733,0.369733,0.3847045
mp-1026441,Mg14CdBi,Mg,Mg,False,3.2052747611197185,0.42775875,0.29527417,0.3549112,0.3549112,0.3593147
mp-1026441,Mg14CdBi,Mg,Mg,False,3.2052747611197203,0.42775875,0.29527417,0.3549112,0.3549112,0.3593147
mp-1026441,Mg14CdBi,Mg,Mg,False,3.246215239360802,0.42803714,0.2961441,0.35107654,0.35107654,0.35841927
mp-1026441,Mg14CdBi,Mg,Mg,False,3.246221612226336,0.4280372,0.2961443,0.35107666,0.35107666,0.35841942
mp-1026441,Mg14CdBi,Mg,Mg,False,3.261110704820601,0.4281561,0.29550552,0.35220867,0.35220867,0.35862342
mp-1026441,Mg14CdBi,Mg,Mg,False,3.2611107048206023,0.4281561,0.29550555,0.35220867,0.35220867,0.35862342
mp-1026441,Mg14CdBi,Mg,Bi,True,3.2728198252101834,0.3950937,0.31130514,0.35572237,0.35572237,0.35404038
mp-1026441,Mg14CdBi,Mg,Mg,False,3.137767545855428,0.42733797,0.28922755,0.3516711,0.3516711,0.35607886
mp-1026441,Mg14CdBi,Mg,Mg,False,3.1377739779616576,0.427338,0.28922778,0.35167113,0.35167113,0.35607898
mp-1026441,Mg14CdBi,Mg,Mg,False,3.147887169316811,0.42739677,0.29109168,0.35060036,0.35060036,0.35636294
mp-1026441,Mg14CdBi,Mg,Mg,False,3.1478874276030706,0.4273968,0.29109165,0.35060036,0.35060036,0.35636294
mp-1026441,Mg14CdBi,Mg,Cd,True,3.166052667950328,0.4143178,0.37006277,0.36973298,0.36973298,0.3847045
mp-1026441,Mg14CdBi,Mg,Mg,False,3.205274495183453,0.42775875,0.29527417,0.35491115,0.35491115,0.35931468
mp-1026441,Mg14CdBi,Mg,Mg,False,3.205274501375332,0.42775875,0.29527417,0.35491115,0.35491115,0.35931468
mp-1026441,Mg14CdBi,Mg,Mg,False,3.246215235933137,0.42803714,0.2961441,0.35107654,0.35107654,0.35841927
mp-1026441,Mg14CdBi,Mg,Mg,False,3.2462215253450335,0.4280372,0.29614437,0.35107666,0.35107666,0.35841942
mp-1026441,Mg14CdBi,Mg,Mg,False,3.2611107048206014,0.4281561,0.29550552,0.35220864,0.35220864,0.35862342
mp-1026441,Mg14CdBi,Mg,Mg,False,3.2611109723969296,0.42815608,0.29550552,0.35220867,0.35220867,0.35862342
mp-1026441,Mg14CdBi,Mg,Bi,True,3.272819914083892,0.39509368,0.31130514,0.35572237,0.35572237,0.35404038
mp-1026441,Mg14CdBi,Mg,Mg,False,3.137767545855428,0.42733797,0.28922755,0.3516711,0.3516711,0.35607886
mp-1026441,Mg14CdBi,Mg,Mg,False,3.1377739779616576,0.427338,0.28922778,0.35167113,0.35167113,0.35607898
mp-1026441,Mg14CdBi,Mg,Mg,False,3.147887169316811,0.42739677,0.29109168,0.35060036,0.35060036,0.35636294
mp-1026441,Mg14CdBi,Mg,Mg,False,3.1478874276030706,0.4273968,0.29109165,0.35060036,0.35060036,0.35636294
mp-1026441,Mg14CdBi,Mg,Cd,True,3.166052667950328,0.4143178,0.37006277,0.36973298,0.36973298,0.3847045
mp-1026441,Mg14CdBi,Mg,Mg,False,3.205274495183453,0.42775875,0.29527417,0.35491115,0.35491115,0.35931468
mp-1026441,Mg14CdBi,Mg,Mg,False,3.205274501375332,0.42775875,0.29527417,0.35491115,0.35491115,0.35931468
mp-1026441,Mg14CdBi,Mg,Mg,False,3.2462152359331378,0.42803714,0.2961441,0.35107654,0.35107654,0.35841927
mp-1026441,Mg14CdBi,Mg,Mg,False,3.2462215253450344,0.4280372,0.29614437,0.35107666,0.35107666,0.35841942
mp-1026441,Mg14CdBi,Mg,Mg,False,3.2611107048206014,0.4281561,0.29550552,0.35220864,0.35220864,0.35862342
mp-1026441,Mg14CdBi,Mg,Mg,False,3.2611109723969296,0.42815608,0.29550552,0.35220867,0.35220867,0.35862342
mp-1026441,Mg14CdBi,Mg,Bi,True,3.2728199140838927,0.39509368,0.31130514,0.35572237,0.35572237,0.35404038
mp-1026441,Mg14CdBi,Mg,Mg,False,3.196497323067664,0.42770258,0.30100518,0.351322,0.351322,0.3600099
mp-1026441,Mg14CdBi,Mg,Mg,False,3.1965036224991636,0.42770264,0.30100542,0.35132205,0.35132205,0.36001003
mp-1026441,Mg14CdBi,Mg,Mg,False,3.196503710204206,0.42770264,0.30100542,0.35132205,0.35132205,0.36001003
mp-1026441,Mg14CdBi,Mg,Mg,False,3.2004715769756635,0.427728,0.30452418,0.34892985,0.34892985,0.360394
mp-1026441,Mg14CdBi,Mg,Mg,False,3.200477923957465,0.42772806,0.30452436,0.34892994,0.34892994,0.36039412
mp-1026441,Mg14CdBi,Mg,Mg,False,3.2004780113095044,0.42772806,0.30452436,0.34892994,0.34892994,0.36039412
mp-1026441,Mg14CdBi,Mg,Mg,False,3.2052744951834526,0.42775875,0.30317903,0.35003334,0.35003334,0.3603237
mp-1026441,Mg14CdBi,Mg,Mg,False,3.2052744951834526,0.42775875,0.30317903,0.3500334,0.3500334,0.36032376
mp-1026441,Mg14CdBi,Mg,Mg,False,3.2052745013753325,0.42775875,0.30317903,0.3500334,0.3500334,0.36032376
mp-1026441,Mg14CdBi,Mg,Mg,False,3.205274501375333,0.42775875,0.30317903,0.35003334,0.35003334,0.3603237
mp-1026441,Mg14CdBi,Mg,Mg,False,3.205274761119719,0.42775875,0.30317903,0.35003334,0.35003334,0.3603237
mp-1026441,Mg14CdBi,Mg,Mg,False,3.20527476111972,0.42775875,0.30317903,0.35003334,0.35003334,0.3603237
mp-1026441,Mg14CdBi,Mg,Mg,False,3.1964973230676628,0.42770258,0.30100518,0.351322,0.351322,0.3600099
mp-1026441,Mg14CdBi,Mg,Mg,False,3.196503622499162,0.42770264,0.30100542,0.35132205,0.35132205,0.36001003
mp-1026441,Mg14CdBi,Mg,Mg,False,3.1965037102042047,0.42770264,0.30100542,0.35132205,0.35132205,0.36001003
mp-1026441,Mg14CdBi,Mg,Mg,False,3.2004715769756658,0.427728,0.30452418,0.34892985,0.34892985,0.360394
mp-1026441,Mg14CdBi,Mg,Mg,False,3.200477923957467,0.42772806,0.30452436,0.34892994,0.34892994,0.36039412
mp-1026441,Mg14CdBi,Mg,Mg,False,3.200478011309507,0.42772806,0.30452436,0.34892994,0.34892994,0.36039412
mp-1026441,Mg14CdBi,Mg,Mg,False,3.2052744951834526,0.42775875,0.30317903,0.35003334,0.35003334,0.3603237
mp-1026441,Mg14CdBi,Mg,Mg,False,3.2052744951834526,0.42775875,0.30317903,0.3500334,0.3500334,0.36032376
mp-1026441,Mg14CdBi,Mg,Mg,False,3.2052745013753325,0.42775875,0.30317903,0.3500334,0.3500334,0.36032376
mp-1026441,Mg14CdBi,Mg,Mg,False,3.205274501375333,0.42775875,0.30317903,0.35003334,0.35003334,0.3603237
mp-1026441,Mg14CdBi,Mg,Mg,False,3.205274761119719,0.42775875,0.30317903,0.35003334,0.35003334,0.3603237
mp-1026441,Mg14CdBi,Mg,Mg,False,3.20527476111972,0.42775875,0.30317903,0.35003334,0.35003334,0.3603237
mp-1026441,Mg14CdBi,Cd,Mg,True,3.16604606651978,0.4397648,0.40565097,0.3697139,0.3697139,0.4050432
mp-1026441,Mg14CdBi,Cd,Mg,True,3.1660460665197823,0.4397648,0.40565097,0.3697139,0.3697139,0.4050432
mp-1026441,Mg14CdBi,Cd,Mg,True,3.166052576079573,0.4397648,0.40565103,0.3697139,0.3697139,0.40504324
mp-1026441,Mg14CdBi,Cd,Mg,True,3.1660525760795752,0.4397648,0.40565103,0.3697139,0.3697139,0.40504324
mp-1026441,Mg14CdBi,Cd,Mg,True,3.166052667950327,0.4397648,0.40565103,0.3697139,0.3697139,0.40504324
mp-1026441,Mg14CdBi,Cd,Mg,True,3.16605266795033,0.4397648,0.40565103,0.3697139,0.3697139,0.40504324
mp-1026441,Mg14CdBi,Cd,Mg,True,3.2044993405642104,0.43955123,0.40366298,0.3711187,0.3711187,0.40477765
mp-1026441,Mg14CdBi,Cd,Mg,True,3.204499372580258,0.43955123,0.40366298,0.37111866,0.37111866,0.40477762
mp-1026441,Mg14CdBi,Cd,Mg,True,3.204499372896889,0.43955123,0.40366298,0.37111866,0.37111866,0.40477762
mp-1026441,Mg14CdBi,Cd,Mg,True,3.2044994049708224,0.43955123,0.403663,0.3711187,0.3711187,0.40477765
mp-1026441,Mg14CdBi,Cd,Mg,True,3.2044996036537143,0.43955123,0.40366298,0.3711187,0.3711187,0.40477765
mp-1026441,Mg14CdBi,Cd,Mg,True,3.2044996677436917,0.43955123,0.40366298,0.3711187,0.3711187,0.40477765
mp-1026441,Mg14CdBi,Bi,Mg,True,3.204501721470732,0.4403584,0.4069758,0.3519532,0.3519532,0.39976248
mp-1026441,Mg14CdBi,Bi,Mg,True,3.2045017527842723,0.4403584,0.4069758,0.3519532,0.3519532,0.39976248
mp-1026441,Mg14CdBi,Bi,Mg,True,3.2045017535892817,0.4403584,0.4069758,0.3519532,0.3519532,0.39976248
mp-1026441,Mg14CdBi,Bi,Mg,True,3.204501784755656,0.4403584,0.4069758,0.3519532,0.3519532,0.39976248
mp-1026441,Mg14CdBi,Bi,Mg,True,3.2045019839988313,0.4403584,0.40697575,0.3519532,0.3519532,0.39976248
mp-1026441,Mg14CdBi,Bi,Mg,True,3.2045020480887576,0.4403584,0.40697578,0.3519532,0.3519532,0.39976248
mp-1026441,Mg14CdBi,Bi,Mg,True,3.2728135280082906,0.4418509,0.40818906,0.35249305,0.35249305,0.40084434
mp-1026441,Mg14CdBi,Bi,Mg,True,3.272813528008293,0.4418509,0.40818906,0.35249305,0.35249305,0.40084434
mp-1026441,Mg14CdBi,Bi,Mg,True,3.272819825210181,0.44185108,0.40818918,0.3524931,0.3524931,0.40084445
mp-1026441,Mg14CdBi,Bi,Mg,True,3.2728198252101834,0.44185108,0.40818918,0.3524931,0.3524931,0.40084445
mp-1026441,Mg14CdBi,Bi,Mg,True,3.272819914083891,0.44185108,0.40818918,0.3524931,0.3524931,0.40084445
mp-1026441,Mg14CdBi,Bi,Mg,True,3.272819914083893,0.44185108,0.40818918,0.3524931,0.3524931,0.40084445
